device_id,f_blue_avg_num_scans_of_all_devices_of_others_mo_wkend_half_sem_2017-01-18,f_blue_avg_num_scans_of_all_devices_of_others_mo_wkend_half_sem_2017-03-01,f_blue_avg_num_scans_of_all_devices_of_self_mo_wkend_half_sem_2017-01-18,f_blue_avg_num_scans_of_all_devices_of_self_mo_wkend_half_sem_2017-03-01,f_blue_num_scans_of_least_frequent_device_mo_wkend_half_sem_2017-01-18,f_blue_num_scans_of_least_frequent_device_mo_wkend_half_sem_2017-03-01,f_blue_num_scans_of_least_frequent_device_of_others_mo_wkend_half_sem_2017-01-18,f_blue_num_scans_of_least_frequent_device_of_others_mo_wkend_half_sem_2017-03-01,f_blue_num_scans_of_least_frequent_device_of_self_mo_wkend_half_sem_2017-01-18,f_blue_num_scans_of_least_frequent_device_of_self_mo_wkend_half_sem_2017-03-01,f_blue_num_scans_of_most_frequent_device_mo_wkend_half_sem_2017-01-18,f_blue_num_scans_of_most_frequent_device_mo_wkend_half_sem_2017-03-01,f_blue_num_scans_of_most_frequent_device_of_others_mo_wkend_half_sem_2017-01-18,f_blue_num_scans_of_most_frequent_device_of_others_mo_wkend_half_sem_2017-03-01,f_blue_num_scans_of_most_frequent_device_of_self_mo_wkend_half_sem_2017-01-18,f_blue_num_scans_of_most_frequent_device_of_self_mo_wkend_half_sem_2017-03-01,f_blue_number_samples_bluetooth_mo_wkend_half_sem_2017-01-18,f_blue_number_samples_bluetooth_mo_wkend_half_sem_2017-03-01,f_blue_number_unique_devices_mo_wkend_half_sem_2017-01-18,f_blue_number_unique_devices_mo_wkend_half_sem_2017-03-01,f_blue_number_unique_devices_of_others_mo_wkend_half_sem_2017-01-18,f_blue_number_unique_devices_of_others_mo_wkend_half_sem_2017-03-01,f_blue_number_unique_devices_of_self_mo_wkend_half_sem_2017-01-18,f_blue_number_unique_devices_of_self_mo_wkend_half_sem_2017-03-01,f_blue_std_num_scans_of_all_devices_of_others_mo_wkend_half_sem_2017-01-18,f_blue_std_num_scans_of_all_devices_of_others_mo_wkend_half_sem_2017-03-01,f_blue_std_num_scans_of_all_devices_of_self_mo_wkend_half_sem_2017-01-18,f_blue_std_num_scans_of_all_devices_of_self_mo_wkend_half_sem_2017-03-01,f_blue_sum_num_scans_of_all_devices_of_others_mo_wkend_half_sem_2017-01-18,f_blue_sum_num_scans_of_all_devices_of_others_mo_wkend_half_sem_2017-03-01,f_blue_sum_num_scans_of_all_devices_of_self_mo_wkend_half_sem_2017-01-18,f_blue_sum_num_scans_of_all_devices_of_self_mo_wkend_half_sem_2017-03-01
0d25f3b7-d43e-4ccf-a8ed-e1feb0aa40aa,2.3125,1.80952,0.0,45.0,1.0,1.0,1.0,1.0,0.0,45.0,12.0,45.0,12.0,6.0,0.0,45.0,37.0,83.0,16.0,22.0,16.0,21.0,0.0,1.0,2.75,1.6619,0.0,,37.0,38.0,0.0,45.0
0d8b3688-0cba-4323-85fe-00f15785de38,2.93023,2.6036,27.0,21.0,1.0,1.0,1.0,1.0,27.0,21.0,27.0,35.0,26.0,35.0,27.0,21.0,405.0,310.0,130.0,112.0,129.0,111.0,1.0,1.0,3.35686,4.03458,,,378.0,289.0,27.0,21.0
1391f4f7-4e70-4d67-92f1-db819e07c0c9,1.1,,1.0,,1.0,,1.0,,1.0,,2.0,,2.0,,1.0,,13.0,,12.0,,10.0,,2.0,,0.316228,,0.0,,11.0,,2.0,
15d016f2-a52e-4f2d-85ac-f32c2c4526db,1.76923,1.41667,2.33333,5.0,1.0,1.0,1.0,1.0,1.0,2.0,6.0,8.0,6.0,2.0,3.0,8.0,30.0,49.0,16.0,27.0,13.0,24.0,3.0,3.0,1.69085,0.50361,1.1547,3.0,23.0,34.0,7.0,15.0
165de20b-6080-4f1d-9354-ec66de50263c,2.0,1.94286,17.0,43.5,1.0,1.0,1.0,1.0,9.0,15.0,25.0,72.0,5.0,15.0,25.0,72.0,44.0,223.0,7.0,72.0,5.0,70.0,2.0,2.0,1.73205,2.19278,11.3137,40.3051,10.0,136.0,34.0,87.0
174bcad9-6cf8-4f97-bcc5-38a6f4c42c1d,2.22222,1.93182,5.42857,7.5,1.0,1.0,1.0,1.0,1.0,1.0,13.0,14.0,9.0,12.0,13.0,14.0,118.0,100.0,43.0,46.0,36.0,44.0,7.0,2.0,2.07173,2.12841,4.82553,9.19239,80.0,85.0,38.0,15.0
17c8318d-0d75-41a8-bfef-eb8c043db1fb,1.77778,2.8,3.875,10.5,1.0,1.0,1.0,1.0,1.0,8.0,11.0,14.0,5.0,7.0,11.0,14.0,63.0,98.0,26.0,24.0,18.0,20.0,8.0,4.0,1.30859,2.14231,3.18198,2.64575,32.0,56.0,31.0,42.0
182bbb8f-cd30-4958-9342-ce0c91659810,2.29555,,15.3,,1.0,,1.0,,1.0,,59.0,,24.0,,59.0,,720.0,,257.0,,247.0,,10.0,,2.73893,,19.9669,,567.0,,153.0,
1973b69d-5fe7-4ff7-94bb-17d5d875499f,3.25,10.4,0.0,50.0,1.0,1.0,1.0,1.0,0.0,50.0,14.0,50.0,14.0,32.0,0.0,50.0,91.0,102.0,28.0,6.0,28.0,5.0,0.0,1.0,3.92169,12.818,0.0,,91.0,52.0,0.0,50.0
1a4011ac-0990-4560-8e1a-f9f07b54b7ec,1.25,1.0,0.0,0.0,1.0,1.0,1.0,1.0,0.0,0.0,2.0,1.0,2.0,1.0,0.0,0.0,5.0,6.0,4.0,6.0,4.0,6.0,0.0,0.0,0.5,0.0,0.0,0.0,5.0,6.0,0.0,0.0
1be1f081-12eb-4151-bee7-04f39b0ada17,2.41593,1.49836,24.0,38.35,1.0,1.0,1.0,1.0,1.0,1.0,50.0,157.0,36.0,10.0,50.0,157.0,393.0,1224.0,118.0,325.0,113.0,305.0,5.0,20.0,5.156,1.25689,20.9165,44.6628,273.0,457.0,120.0,767.0
1bf4883c-0056-4d72-bd4a-de1f3aec0387,3.66667,,0.0,,1.0,,1.0,,0.0,,6.0,,6.0,,0.0,,11.0,,3.0,,3.0,,0.0,,2.51661,,0.0,,11.0,,0.0,
1c67b4f0-964c-4aef-83a1-89a0248f80b3,1.22222,1.64151,19.5,25.0,1.0,1.0,1.0,1.0,3.0,17.0,36.0,33.0,2.0,7.0,36.0,33.0,50.0,137.0,11.0,55.0,9.0,53.0,2.0,2.0,0.440959,1.21044,23.3345,11.3137,11.0,87.0,39.0,50.0
1e3ed4f9-8c22-4b96-8a5c-c324582b9860,1.5,1.54839,6.0,0.0,1.0,1.0,1.0,1.0,3.0,0.0,9.0,4.0,2.0,4.0,9.0,0.0,27.0,48.0,12.0,31.0,10.0,31.0,2.0,0.0,0.527046,0.925156,4.24264,0.0,15.0,48.0,12.0,0.0
1e6cee1a-1bce-45b5-9cef-eab3084a5187,3.14286,2.375,8.4,4.8,1.0,1.0,1.0,1.0,2.0,2.0,22.0,12.0,7.0,12.0,22.0,10.0,64.0,62.0,12.0,21.0,7.0,16.0,5.0,5.0,2.1157,2.77789,8.01873,3.34664,22.0,38.0,42.0,24.0
1e6e0199-be64-4525-9b86-ae0038022368,3.01124,2.97619,54.75,24.3333,1.0,1.0,1.0,1.0,29.0,2.0,74.0,56.0,14.0,44.0,74.0,56.0,487.0,198.0,93.0,45.0,89.0,42.0,4.0,3.0,2.88607,6.76609,18.8215,28.1839,268.0,125.0,219.0,73.0
209854a0-471d-42fa-856f-54b5d1948481,2.23837,1.57955,31.3333,39.5,1.0,1.0,1.0,1.0,1.0,4.0,89.0,93.0,39.0,21.0,89.0,93.0,479.0,714.0,175.0,356.0,172.0,352.0,3.0,4.0,4.58144,1.7701,49.9633,39.3658,385.0,556.0,94.0,158.0
24f7d497-1c92-4372-976d-81dd15d7b1fb,,4.55556,,71.0,,1.0,,1.0,,71.0,,71.0,,15.0,,71.0,,112.0,,10.0,,9.0,,1.0,,5.61496,,,,41.0,,71.0
2cafda94-dca2-4401-ae3c-aa1bdf3ce6ca,2.89712,2.33873,10.625,37.6,1.0,1.0,1.0,1.0,1.0,2.0,75.0,108.0,75.0,29.0,50.0,108.0,789.0,2399.0,251.0,875.0,243.0,865.0,8.0,10.0,6.04475,2.70967,16.5351,32.3186,704.0,2023.0,85.0,376.0
2dd9d631-d2d5-4afa-9d1f-0a3eac129ec0,2.41818,2.84932,22.0,95.0,1.0,1.0,1.0,1.0,22.0,51.0,36.0,139.0,36.0,34.0,22.0,139.0,288.0,398.0,111.0,75.0,110.0,73.0,1.0,2.0,4.55019,5.46878,,62.2254,266.0,208.0,22.0,190.0
2ef2702c-0c30-40d8-91c0-35ad8829465b,2.59091,2.25,51.0,5.0,1.0,1.0,1.0,1.0,25.0,4.0,77.0,6.0,37.0,6.0,77.0,6.0,387.0,19.0,112.0,6.0,110.0,4.0,2.0,2.0,5.16391,2.5,36.7696,1.41421,285.0,9.0,102.0,10.0
2fb7fbc1-068f-4a54-a8ee-a41c99d0f7da,1.0,1.55556,0.0,1.0,1.0,1.0,1.0,1.0,0.0,1.0,1.0,3.0,1.0,3.0,0.0,1.0,2.0,15.0,2.0,10.0,2.0,9.0,0.0,1.0,0.0,0.726483,0.0,,2.0,14.0,0.0,1.0
318f91af-9b11-42f5-bdcd-7c9e35761da5,4.33333,1.87097,14.8,5.5,1.0,1.0,1.0,1.0,3.0,1.0,41.0,14.0,10.0,6.0,41.0,14.0,87.0,102.0,8.0,39.0,3.0,31.0,5.0,8.0,4.93288,1.40812,15.3688,4.69042,13.0,58.0,74.0,44.0
31c395a9-0128-46df-a90c-73160f0854b4,7.0,5.0625,3.0,37.0,1.0,1.0,1.0,1.0,3.0,37.0,31.0,49.0,31.0,49.0,3.0,37.0,52.0,118.0,8.0,17.0,7.0,16.0,1.0,1.0,11.0604,11.9859,,,49.0,81.0,3.0,37.0
3258d5c4-4f3f-4722-966a-1bd619c9229f,2.12097,2.8539,10.0833,44.1304,1.0,1.0,1.0,1.0,1.0,1.0,49.0,359.0,35.0,53.0,49.0,359.0,384.0,3906.0,136.0,1036.0,124.0,1013.0,12.0,23.0,4.17619,4.07882,13.8725,75.9338,263.0,2891.0,121.0,1015.0
32d4b802-7471-49bd-ad59-e663b0d98682,1.8,1.33333,12.4286,2.0,1.0,1.0,1.0,1.0,1.0,2.0,56.0,4.0,3.0,4.0,56.0,2.0,96.0,38.0,12.0,28.0,5.0,27.0,7.0,1.0,0.83666,0.679366,20.983,,9.0,36.0,87.0,2.0
34944ff7-1853-4fec-8d7d-73fc52bfa824,2.89474,5.61765,0.0,0.0,1.0,1.0,1.0,1.0,0.0,0.0,10.0,74.0,10.0,74.0,0.0,0.0,55.0,191.0,19.0,34.0,19.0,34.0,0.0,0.0,2.78677,12.7375,0.0,0.0,55.0,191.0,0.0,0.0
36492618-666c-4b87-9770-bcb67d2ca3de,1.16667,1.98421,4.66667,59.0909,1.0,1.0,1.0,1.0,1.0,1.0,10.0,142.0,4.0,49.0,10.0,142.0,84.0,1404.0,54.0,391.0,48.0,380.0,6.0,11.0,0.519137,3.34865,3.20416,47.5972,56.0,754.0,28.0,650.0
3698dbcf-6b9e-4b00-a15a-f2cb26e6639d,10.4615,2.59574,32.0,57.0,1.0,1.0,1.0,1.0,32.0,57.0,60.0,57.0,60.0,19.0,32.0,57.0,304.0,301.0,27.0,95.0,26.0,94.0,1.0,1.0,13.7032,3.26374,,,272.0,244.0,32.0,57.0
38861b6b-d04b-4f1f-8c17-c3c0a9f0a221,3.16667,2.32051,6.42857,9.4,1.0,1.0,1.0,1.0,1.0,2.0,26.0,33.0,14.0,8.0,26.0,33.0,242.0,228.0,62.0,83.0,48.0,78.0,14.0,5.0,2.41743,1.72449,6.18577,13.2401,152.0,181.0,90.0,47.0
38edf5e3-bd76-4ec3-b1fc-c134915743c7,1.25,1.6875,11.0,3.0,1.0,1.0,1.0,1.0,11.0,3.0,11.0,7.0,2.0,7.0,11.0,3.0,21.0,30.0,9.0,17.0,8.0,16.0,1.0,1.0,0.46291,1.88746,,,10.0,27.0,11.0,3.0
395bf3f4-ec02-494f-8f45-30ab62eda8e7,4.35714,1.82857,30.5,13.5,1.0,1.0,1.0,1.0,19.0,12.0,42.0,15.0,27.0,6.0,42.0,15.0,122.0,91.0,16.0,37.0,14.0,35.0,2.0,2.0,7.06679,1.50461,16.2635,2.12132,61.0,64.0,61.0,27.0
3b9d6c27-13cc-47d9-b00e-af2e0d3d0009,7.16667,2.25,8.0,16.5,1.0,1.0,1.0,1.0,8.0,1.0,18.0,32.0,18.0,4.0,8.0,32.0,51.0,42.0,7.0,6.0,6.0,4.0,1.0,2.0,7.65289,1.25831,,21.9203,43.0,9.0,8.0,33.0
3bf51a01-8625-4c9b-a16c-24d10ccf8ae5,5.8,,5.0,,1.0,,1.0,,1.0,,15.0,,15.0,,13.0,,54.0,,10.0,,5.0,,5.0,,6.37966,,4.84768,,29.0,,25.0,
3dcb435d-656f-405f-81a1-49f7eae6c25e,3.15942,2.82996,11.3636,43.2143,1.0,1.0,1.0,1.0,1.0,2.0,60.0,203.0,21.0,51.0,60.0,203.0,343.0,2003.0,80.0,508.0,69.0,494.0,11.0,14.0,4.32715,5.24757,17.523,57.5221,218.0,1398.0,125.0,605.0
3fa86602-fc33-4c6f-9b3e-2cebd95104ee,3.30882,3.57031,23.5,47.5,1.0,1.0,1.0,1.0,18.0,29.0,29.0,66.0,17.0,39.0,29.0,66.0,272.0,552.0,70.0,130.0,68.0,128.0,2.0,2.0,3.37797,6.014,7.77817,26.163,225.0,457.0,47.0,95.0
3ff2b7eb-622c-4ae9-9d89-7d2af5430d34,3.27848,3.01807,167.0,170.0,1.0,1.0,1.0,1.0,167.0,170.0,167.0,170.0,49.0,25.0,167.0,170.0,426.0,671.0,80.0,167.0,79.0,166.0,1.0,1.0,7.81343,3.34931,,,259.0,501.0,167.0,170.0
417abe6d-ef78-4f01-b632-844af6cb8fe7,1.28571,2.11111,1.0,6.66667,1.0,1.0,1.0,1.0,1.0,1.0,3.0,17.0,3.0,4.0,1.0,17.0,10.0,39.0,8.0,12.0,7.0,9.0,1.0,3.0,0.755929,1.16667,,8.96289,9.0,19.0,1.0,20.0
447a64e5-f754-4082-b0fa-0000f34eeda8,1.75,1.0,3.0,0.0,1.0,1.0,1.0,1.0,3.0,0.0,3.0,1.0,3.0,1.0,3.0,0.0,10.0,3.0,5.0,3.0,4.0,3.0,1.0,0.0,0.957427,0.0,,0.0,7.0,3.0,3.0,0.0
44ff689e-4138-43cc-8f6d-2d8323125ee1,,17.4667,,318.0,,1.0,,1.0,,318.0,,318.0,,80.0,,318.0,,580.0,,16.0,,15.0,,1.0,,22.0871,,,,262.0,,318.0
4522b36a-6215-4768-b42a-55e79677d4ec,1.85328,3.11111,10.6,3.75,1.0,1.0,1.0,1.0,1.0,2.0,39.0,12.0,39.0,12.0,32.0,9.0,533.0,71.0,264.0,22.0,259.0,18.0,5.0,4.0,3.15395,2.98799,13.0115,3.5,480.0,56.0,53.0,15.0
49b6c762-deaf-4cbf-8cb6-557ca65d395c,1.96725,2.35294,68.3333,197.0,1.0,1.0,1.0,1.0,1.0,99.0,153.0,303.0,72.0,64.0,153.0,303.0,986.0,2151.0,400.0,666.0,397.0,663.0,3.0,3.0,4.66195,4.05391,77.4683,102.235,781.0,1560.0,205.0,591.0
4ba3ace5-f982-49c5-883a-0329d059d431,2.0,1.40909,6.0,0.0,1.0,1.0,1.0,1.0,6.0,0.0,6.0,3.0,5.0,3.0,6.0,0.0,32.0,31.0,14.0,22.0,13.0,22.0,1.0,0.0,1.35401,0.666125,,0.0,26.0,31.0,6.0,0.0
4d4c47ec-5a3c-4c9c-b32b-83da30500857,3.37349,3.30303,72.0,153.0,1.0,1.0,1.0,1.0,10.0,69.0,108.0,198.0,28.0,37.0,108.0,198.0,496.0,1004.0,86.0,168.0,83.0,165.0,3.0,3.0,5.08156,4.75936,53.9259,72.808,280.0,545.0,216.0,459.0
4de0beb1-cfa8-4410-809d-d05322b1a0c8,1.5082,1.33333,0.0,16.6667,1.0,1.0,1.0,1.0,0.0,1.0,6.0,27.0,6.0,4.0,0.0,27.0,92.0,82.0,61.0,27.0,61.0,24.0,0.0,3.0,1.24663,0.761387,0.0,13.7961,92.0,32.0,0.0,50.0
4e20289a-32ca-47be-a2c5-f0bd66ab9176,2.11111,1.5625,6.0,3.33333,1.0,1.0,1.0,1.0,1.0,1.0,10.0,7.0,9.0,6.0,10.0,7.0,37.0,60.0,12.0,35.0,9.0,32.0,3.0,3.0,2.61937,1.16224,4.58258,3.21455,19.0,50.0,18.0,10.0
5542666d-5bf4-4a1b-b17c-e3580c4cd773,6.2,1.82812,13.0,12.5,3.0,1.0,3.0,1.0,13.0,11.0,13.0,14.0,13.0,8.0,13.0,14.0,44.0,142.0,6.0,66.0,5.0,64.0,1.0,2.0,3.96232,1.46444,,2.12132,31.0,117.0,13.0,25.0
5792d203-ec62-4b40-b0a2-29969224e3fb,9.7,4.125,2.5,2.0,1.0,1.0,1.0,1.0,2.0,2.0,31.0,16.0,31.0,16.0,3.0,2.0,102.0,134.0,12.0,33.0,10.0,32.0,2.0,1.0,10.5309,4.44137,0.707107,,97.0,132.0,5.0,2.0
5a5e44dd-1b8f-4c26-ba16-65593a8b59eb,2.15385,2.04,5.0,13.0,1.0,1.0,1.0,1.0,5.0,13.0,8.0,13.0,8.0,5.0,5.0,13.0,33.0,64.0,14.0,26.0,13.0,25.0,1.0,1.0,1.90815,1.20692,,,28.0,51.0,5.0,13.0
5a6686fd-5017-4c17-9dd4-4081d5448b7d,3.12195,5.19355,117.0,173.0,1.0,1.0,1.0,1.0,117.0,173.0,117.0,173.0,24.0,37.0,117.0,173.0,245.0,656.0,42.0,94.0,41.0,93.0,1.0,1.0,3.99497,8.48433,,,128.0,483.0,117.0,173.0
5d02f383-d24c-4902-b728-1380c99105ee,1.56522,1.44156,22.5,33.0,1.0,1.0,1.0,1.0,22.0,27.0,23.0,39.0,6.0,5.0,23.0,39.0,81.0,177.0,25.0,79.0,23.0,77.0,2.0,2.0,1.19947,0.966457,0.707107,8.48528,36.0,111.0,45.0,66.0
626aaffc-c174-48ca-a179-cab025b9bc98,11.2105,2.5,5.0,6.0,1.0,1.0,1.0,1.0,5.0,6.0,29.0,7.0,29.0,7.0,5.0,6.0,218.0,56.0,20.0,21.0,19.0,20.0,1.0,1.0,9.98654,2.13985,,,213.0,50.0,5.0,6.0
649357ac-11ab-4fc7-acd2-816a3844d81b,2.704,1.46465,34.0,70.5,1.0,1.0,1.0,1.0,2.0,12.0,66.0,129.0,16.0,5.0,66.0,129.0,406.0,286.0,127.0,101.0,125.0,99.0,2.0,2.0,3.39597,0.704405,45.2548,82.7315,338.0,145.0,68.0,141.0
64e25c38-ee68-4e06-8990-09ba71759cf1,2.23377,1.99681,45.2,101.286,1.0,1.0,1.0,1.0,3.0,1.0,110.0,223.0,31.0,48.0,110.0,223.0,398.0,1334.0,82.0,320.0,77.0,313.0,5.0,7.0,3.89634,3.6528,41.0146,87.4885,172.0,625.0,226.0,709.0
65e91776-4319-4b41-ae66-28db6473fc60,3.4,2.38095,15.6,44.0,1.0,1.0,1.0,1.0,2.0,29.0,44.0,59.0,7.0,10.0,44.0,59.0,95.0,138.0,10.0,23.0,5.0,21.0,5.0,2.0,2.50998,2.01187,16.5015,21.2132,17.0,50.0,78.0,88.0
65f4b507-b48a-416d-ac1f-2678e3f954d8,6.0,1.375,17.0,49.8,6.0,1.0,6.0,1.0,9.0,8.0,32.0,85.0,6.0,8.0,32.0,85.0,74.0,282.0,5.0,29.0,1.0,24.0,4.0,5.0,,1.46888,10.4243,28.7871,6.0,33.0,68.0,249.0
66368d24-f87e-4db0-ab9d-c450c33becf3,2.49123,2.28947,4.25,14.3333,1.0,1.0,1.0,1.0,1.0,4.0,11.0,33.0,11.0,9.0,9.0,33.0,159.0,130.0,61.0,41.0,57.0,38.0,4.0,3.0,2.50088,2.03892,3.59398,16.1967,142.0,87.0,17.0,43.0
66b66952-ae50-46c4-8f79-1d2117ac6691,,2.24581,,13.0,,1.0,,1.0,,1.0,,64.0,,13.0,,64.0,,597.0,,194.0,,179.0,,15.0,,2.22749,,21.2233,,402.0,,195.0
687020d4-2b4c-483d-9124-ca34195f8af7,1.45455,3.0,3.0,8.0,1.0,1.0,1.0,1.0,1.0,7.0,5.0,18.0,3.0,18.0,5.0,9.0,22.0,54.0,13.0,13.0,11.0,10.0,2.0,3.0,0.687552,5.31246,2.82843,1.0,16.0,30.0,6.0,24.0
699a92cf-42b7-4a29-bd1b-edf43d06dd54,62.2727,0.0,76.0,3834.0,1.0,3834.0,1.0,0.0,76.0,3834.0,946.0,3834.0,946.0,0.0,76.0,3834.0,2131.0,3834.0,34.0,1.0,33.0,0.0,1.0,1.0,180.934,0.0,,,2055.0,0.0,76.0,3834.0
69d0a3bb-40c8-42a8-838d-1bb275f28d1b,2.37179,1.95062,6.4,11.2,1.0,1.0,1.0,1.0,1.0,3.0,25.0,27.0,12.0,8.0,25.0,27.0,281.0,214.0,93.0,86.0,78.0,81.0,15.0,5.0,1.94141,1.62712,6.13887,9.23038,185.0,158.0,96.0,56.0
6afbdb8a-a1cf-4248-852a-24e56ee5766a,2.0,4.44828,28.0,19.3333,1.0,1.0,1.0,1.0,28.0,2.0,28.0,32.0,4.0,32.0,28.0,30.0,34.0,245.0,4.0,35.0,3.0,29.0,1.0,6.0,1.73205,8.3819,,12.4526,6.0,129.0,28.0,116.0
6d73aa4b-1be4-426b-8d6b-c811bd2170fa,2.43515,3.21845,146.0,127.0,1.0,1.0,1.0,1.0,7.0,11.0,216.0,195.0,41.0,96.0,216.0,195.0,1020.0,1044.0,242.0,209.0,239.0,206.0,3.0,3.0,3.96346,7.83089,120.379,100.955,582.0,663.0,438.0,381.0
6e12238e-2105-4bd3-be42-9b2ce1bf4946,2.7,2.81983,64.5,71.2105,1.0,1.0,1.0,1.0,2.0,2.0,226.0,435.0,62.0,47.0,226.0,435.0,1482.0,3059.0,320.0,624.0,310.0,605.0,10.0,19.0,5.1436,4.75968,86.7605,130.158,837.0,1706.0,645.0,1353.0
6e60c67a-9bb0-4818-9625-1afe9788fe6b,3.03704,2.28947,1.0,8.66667,1.0,1.0,1.0,1.0,1.0,1.0,9.0,14.0,9.0,14.0,1.0,14.0,84.0,113.0,29.0,41.0,27.0,38.0,2.0,3.0,1.91113,2.86553,0.0,6.80686,82.0,87.0,2.0,26.0
6fb4842f-8beb-4539-8b18-e21d89d3254e,1.0,1.42105,0.0,48.0,1.0,1.0,1.0,1.0,0.0,48.0,1.0,48.0,1.0,7.0,0.0,48.0,2.0,75.0,2.0,20.0,2.0,19.0,0.0,1.0,0.0,1.38707,0.0,,2.0,27.0,0.0,48.0
7230d0d5-fab8-4462-9952-69aee6866b04,0.0,1.52941,18.0,2.33333,18.0,1.0,0.0,1.0,18.0,1.0,18.0,6.0,0.0,6.0,18.0,4.0,18.0,163.0,1.0,105.0,0.0,102.0,1.0,3.0,0.0,0.971942,,1.52753,0.0,156.0,18.0,7.0
7398824b-a04d-4252-afe8-d0f392a5cd48,1.53125,1.2449,1.83333,1.75,1.0,1.0,1.0,1.0,1.0,1.0,5.0,3.0,5.0,3.0,3.0,2.0,109.0,68.0,70.0,53.0,64.0,49.0,6.0,4.0,1.03845,0.560157,0.983192,0.5,98.0,61.0,11.0,7.0
785e9e8e-4ab0-4686-a95e-a25c6c2e2eee,11.1741,1.7971,64.8148,18.8333,1.0,1.0,1.0,1.0,18.0,1.0,143.0,255.0,54.0,11.0,143.0,255.0,4767.0,1557.0,297.0,582.0,270.0,552.0,27.0,30.0,15.0852,1.70899,34.1479,49.6422,3017.0,992.0,1750.0,565.0
79d3d50d-b736-43ba-8979-8ba6ff3d1e48,2.25,1.66667,0.0,46.5,1.0,1.0,1.0,1.0,0.0,1.0,5.0,92.0,5.0,3.0,0.0,92.0,9.0,98.0,4.0,5.0,4.0,3.0,0.0,2.0,1.89297,1.1547,0.0,64.3467,9.0,5.0,0.0,93.0
7afaa986-9de6-4efe-9057-3fa969b1760c,1.375,1.0,3.0,13.0,1.0,1.0,1.0,1.0,2.0,13.0,4.0,13.0,2.0,1.0,4.0,13.0,17.0,16.0,10.0,4.0,8.0,3.0,2.0,1.0,0.517549,0.0,1.41421,,11.0,3.0,6.0,13.0
811f021c-0ecf-4264-967d-f02f93c3d711,1.65,1.21739,2.0,4.0,1.0,1.0,1.0,1.0,2.0,4.0,5.0,4.0,5.0,3.0,2.0,4.0,35.0,32.0,21.0,24.0,20.0,23.0,1.0,1.0,1.30888,0.518435,,,33.0,28.0,2.0,4.0
81443789-41c5-4277-9bbb-55336120c0c9,1.0,2.80556,2.0,10.6667,1.0,1.0,1.0,1.0,2.0,2.0,2.0,22.0,1.0,14.0,2.0,22.0,7.0,133.0,6.0,39.0,5.0,36.0,1.0,3.0,0.0,2.5726,,10.2632,5.0,101.0,2.0,32.0
848429d2-612d-4b1c-82ff-e51dc40d3d07,2.57143,1.90769,1.0,4.0,1.0,1.0,1.0,1.0,1.0,1.0,8.0,9.0,8.0,7.0,1.0,9.0,19.0,152.0,8.0,72.0,7.0,65.0,1.0,7.0,2.82,1.72049,,3.0,18.0,124.0,1.0,28.0
85396fa9-14d7-47d6-9688-1771e6c3fa75,2.0,1.0,4.5,0.0,1.0,1.0,1.0,1.0,2.0,0.0,7.0,1.0,3.0,1.0,7.0,0.0,13.0,5.0,4.0,5.0,2.0,5.0,2.0,0.0,1.41421,0.0,3.53553,0.0,4.0,5.0,9.0,0.0
87046549-2960-43b1-b1b9-358aac851b8a,1.0,1.97143,0.0,6.0,1.0,1.0,1.0,1.0,0.0,1.0,1.0,13.0,1.0,7.0,0.0,13.0,9.0,111.0,9.0,42.0,9.0,35.0,0.0,7.0,0.0,1.58087,0.0,4.54606,9.0,69.0,0.0,42.0
876f9317-9823-4ecb-9290-1b1cbd2ded3c,1.88889,2.67241,34.3333,45.6667,1.0,1.0,1.0,1.0,2.0,11.0,68.0,84.0,15.0,41.0,68.0,84.0,171.0,447.0,39.0,119.0,36.0,116.0,3.0,3.0,2.36375,5.04894,33.0202,36.6379,68.0,310.0,103.0,137.0
88d687ca-537d-4592-8691-22feeb116122,2.66667,5.04839,6.33333,3.5,1.0,1.0,1.0,1.0,4.0,2.0,10.0,10.0,10.0,10.0,8.0,5.0,59.0,320.0,18.0,64.0,15.0,62.0,3.0,2.0,2.52605,3.08049,2.08167,2.12132,40.0,313.0,19.0,7.0
8cf6b2a5-ca26-48cd-86e0-d3eca61d264b,1.53846,0.0,0.0,5.0,1.0,5.0,1.0,0.0,0.0,5.0,6.0,5.0,6.0,0.0,0.0,5.0,40.0,5.0,26.0,1.0,26.0,0.0,0.0,1.0,1.24035,0.0,0.0,,40.0,0.0,0.0,5.0
8e0a48eb-c371-4932-82ab-d9458c31b77c,1.66667,3.0,11.0,12.8,1.0,1.0,1.0,1.0,5.0,6.0,16.0,28.0,3.0,11.0,16.0,28.0,38.0,94.0,6.0,15.0,3.0,10.0,3.0,5.0,1.1547,3.74166,5.56776,9.25743,5.0,30.0,33.0,64.0
924b4f99-c800-4f5f-9159-8b47a317ef34,2.4,1.45455,8.66667,5.08333,1.0,1.0,1.0,1.0,1.0,1.0,18.0,15.0,4.0,5.0,18.0,15.0,76.0,109.0,16.0,45.0,10.0,33.0,6.0,12.0,1.3499,0.904534,6.40833,4.23102,24.0,48.0,52.0,61.0
94aac48e-7cbb-4a8c-b47a-052d28eefa5a,4.31818,1.11429,8.16667,14.8571,1.0,1.0,1.0,1.0,1.0,1.0,27.0,59.0,16.0,2.0,27.0,59.0,334.0,143.0,72.0,42.0,66.0,35.0,6.0,7.0,3.55683,0.322803,10.6661,20.3914,285.0,39.0,49.0,104.0
94c99ead-4f3e-4c68-8f51-08af25c64920,3.28571,1.64706,41.3333,32.6667,1.0,1.0,1.0,1.0,2.0,4.0,89.0,69.0,13.0,7.0,89.0,69.0,147.0,182.0,10.0,54.0,7.0,51.0,3.0,3.0,4.34796,1.23002,44.0946,33.1713,23.0,84.0,124.0,98.0
95940265-9599-4ab5-bccf-b7d64e75f3f6,1.35135,2.28571,4.6,4.5,1.0,1.0,1.0,1.0,1.0,1.0,12.0,10.0,4.0,10.0,12.0,10.0,96.0,109.0,47.0,38.0,37.0,28.0,10.0,10.0,0.633167,2.12319,3.68782,2.67706,50.0,64.0,46.0,45.0
9a035626-2e6c-4aa5-a6cb-e47403a39d00,6.25,1.08571,14.6667,24.0,1.0,1.0,1.0,1.0,4.0,1.0,27.0,50.0,17.0,2.0,27.0,50.0,69.0,134.0,7.0,39.0,4.0,35.0,3.0,4.0,7.54431,0.284029,11.5902,21.2446,25.0,38.0,44.0,96.0
9bb46002-6fdb-4287-bfd3-bc3e2e57785f,6.02516,2.99206,108.125,60.4444,1.0,1.0,1.0,1.0,2.0,1.0,516.0,166.0,92.0,122.0,516.0,166.0,1823.0,1675.0,167.0,387.0,159.0,378.0,8.0,9.0,11.3817,7.10008,182.832,58.6091,958.0,1131.0,865.0,544.0
9d37754d-fb9f-46cf-a2a8-1232f3ad1071,2.21739,3.64286,20.75,20.5,1.0,1.0,1.0,1.0,3.0,4.0,57.0,59.0,8.0,20.0,57.0,59.0,134.0,133.0,27.0,18.0,23.0,14.0,4.0,4.0,2.0661,4.93975,24.7706,25.8005,51.0,51.0,83.0,82.0
9e7d28be-3a29-406b-b3e3-d2fd2414605c,3.70787,2.33636,11.5,14.0,1.0,1.0,1.0,1.0,7.0,6.0,20.0,22.0,20.0,14.0,16.0,22.0,353.0,285.0,91.0,112.0,89.0,110.0,2.0,2.0,3.68721,2.25965,6.36396,11.3137,330.0,257.0,23.0,28.0
a2952ecb-5ee6-454a-81a6-16e908ee2e18,3.29091,2.17544,19.0,18.0,1.0,1.0,1.0,1.0,19.0,18.0,19.0,18.0,17.0,16.0,19.0,18.0,200.0,142.0,56.0,58.0,55.0,57.0,1.0,1.0,3.32038,3.08871,,,181.0,124.0,19.0,18.0
a36f9b21-57f2-46ef-bb33-a65e0c2b642c,5.0,6.66667,14.0,7.33333,5.0,2.0,5.0,2.0,14.0,2.0,14.0,11.0,5.0,10.0,14.0,11.0,19.0,62.0,2.0,9.0,1.0,6.0,1.0,3.0,,3.32666,,4.72582,5.0,40.0,14.0,22.0
a3aa60d3-8acb-4e7b-b324-ac85c6c074d2,2.18182,2.06349,16.0,45.2308,1.0,1.0,1.0,1.0,1.0,2.0,38.0,115.0,20.0,37.0,38.0,115.0,240.0,848.0,53.0,139.0,44.0,126.0,9.0,13.0,3.72467,4.2741,15.906,35.7168,96.0,260.0,144.0,588.0
a5ea9d2e-766c-4a6b-87b2-8bc4fe445a63,2.0,1.2,0.0,3.5,1.0,1.0,1.0,1.0,0.0,3.0,3.0,4.0,3.0,2.0,0.0,4.0,4.0,13.0,2.0,7.0,2.0,5.0,0.0,2.0,1.41421,0.447214,0.0,0.707107,4.0,6.0,0.0,7.0
a8ba94f4-d3e6-452c-adf8-4d1e0984a6d1,1.78261,2.0,0.0,24.0,1.0,1.0,1.0,1.0,0.0,24.0,4.0,24.0,4.0,6.0,0.0,24.0,41.0,56.0,23.0,17.0,23.0,16.0,0.0,1.0,1.04257,1.63299,0.0,,41.0,32.0,0.0,24.0
a9836b94-4e9e-498f-aa65-0cd76d330641,4.23077,10.4286,48.0,22.0,1.0,1.0,1.0,1.0,48.0,3.0,48.0,45.0,17.0,45.0,48.0,41.0,103.0,117.0,14.0,9.0,13.0,7.0,1.0,2.0,4.6575,15.651,,26.8701,55.0,73.0,48.0,44.0
ad5083ca-82c9-435b-9776-03837a5aed8c,3.75,1.8,0.0,88.0,1.0,1.0,1.0,1.0,0.0,88.0,8.0,88.0,8.0,3.0,0.0,88.0,15.0,97.0,4.0,6.0,4.0,5.0,0.0,1.0,3.40343,1.09545,0.0,,15.0,9.0,0.0,88.0
ad6f1e0f-32ef-4b74-9c04-876609ba1e55,3.1,1.59091,8.0,10.0,1.0,1.0,1.0,1.0,8.0,10.0,20.0,10.0,20.0,5.0,8.0,10.0,39.0,80.0,11.0,45.0,10.0,44.0,1.0,1.0,5.95259,1.08517,,,31.0,70.0,8.0,10.0
afeb5dcc-28b1-4088-9942-3e24bc05508d,4.94253,2.92982,47.0,21.5,1.0,1.0,1.0,1.0,47.0,2.0,47.0,41.0,29.0,15.0,47.0,41.0,477.0,210.0,88.0,59.0,87.0,57.0,1.0,2.0,7.14038,2.90234,,27.5772,430.0,167.0,47.0,43.0
b1ea5753-4aac-464c-996b-52c418e5782c,1.96581,,20.5,,1.0,,1.0,,2.0,,93.0,,18.0,,93.0,,476.0,,129.0,,117.0,,12.0,,2.26644,,31.4166,,230.0,,246.0,
b24dc8d4-e952-4d4a-bbd8-0841ea7d87ee,1.625,9.0,21.0,34.0,1.0,1.0,1.0,1.0,10.0,22.0,32.0,46.0,6.0,15.0,32.0,46.0,55.0,104.0,10.0,6.0,8.0,4.0,2.0,2.0,1.76777,6.68331,15.5563,16.9706,13.0,36.0,42.0,68.0
b36df7c0-cf05-42de-9ed6-704c2f02e3da,1.7451,2.0,59.1429,6.0,1.0,1.0,1.0,1.0,9.0,1.0,140.0,9.0,30.0,5.0,140.0,9.0,770.0,40.0,211.0,12.0,204.0,8.0,7.0,4.0,2.86884,1.41421,46.4953,3.4641,356.0,16.0,414.0,24.0
b771f307-fb8e-49e2-a533-2b4145073203,1.78218,3.24727,19.3333,67.2143,1.0,1.0,1.0,1.0,1.0,1.0,90.0,220.0,14.0,98.0,90.0,220.0,354.0,3318.0,110.0,746.0,101.0,732.0,9.0,14.0,2.24768,8.16136,31.0685,63.9822,180.0,2377.0,174.0,941.0
b8484a00-842a-4aa3-a008-07dc9580bb3a,2.16667,2.4918,5.66667,7.23077,1.0,1.0,1.0,1.0,1.0,1.0,11.0,19.0,5.0,14.0,11.0,19.0,30.0,246.0,9.0,74.0,6.0,61.0,3.0,13.0,1.83485,2.64338,5.03322,5.35652,13.0,152.0,17.0,94.0
b9c40632-ca4b-4b45-8f61-99e146c671b6,1.0,1.0,0.0,0.0,1.0,1.0,1.0,1.0,0.0,0.0,1.0,1.0,1.0,1.0,0.0,0.0,2.0,1.0,2.0,1.0,2.0,1.0,0.0,0.0,0.0,,0.0,0.0,2.0,1.0,0.0,0.0
bb3effb0-4439-4ace-b82e-0c779734431a,2.69697,3.44444,17.0,63.0,1.0,1.0,1.0,1.0,17.0,63.0,17.0,63.0,13.0,14.0,17.0,63.0,106.0,125.0,34.0,19.0,33.0,18.0,1.0,1.0,3.30232,4.17587,,,89.0,62.0,17.0,63.0
bedd078a-f665-46f2-bdc5-ab3535a4708e,1.87425,1.94444,4.0,6.75,1.0,1.0,1.0,1.0,2.0,3.0,19.0,12.0,19.0,9.0,8.0,12.0,325.0,97.0,170.0,40.0,167.0,36.0,3.0,4.0,2.35208,1.73937,3.4641,4.11299,313.0,70.0,12.0,27.0
c180cf15-e68a-4136-9b03-c33220dc5738,3.04762,3.72222,4.0,10.6667,1.0,1.0,1.0,1.0,1.0,1.0,11.0,19.0,11.0,14.0,6.0,19.0,80.0,166.0,25.0,39.0,21.0,36.0,4.0,3.0,2.87187,3.74632,2.16025,9.07377,64.0,134.0,16.0,32.0
c24ab734-cf32-40d2-a0d5-25c363984387,2.875,2.16667,0.0,22.0,1.0,1.0,1.0,1.0,0.0,22.0,6.0,22.0,6.0,4.0,0.0,22.0,23.0,48.0,8.0,13.0,8.0,12.0,0.0,1.0,1.95941,1.11464,0.0,,23.0,26.0,0.0,22.0
c7650b38-6fb9-4305-bf13-d4f8a40b4dbe,2.49153,1.90323,30.5,14.0,1.0,1.0,1.0,1.0,16.0,4.0,45.0,28.0,24.0,11.0,45.0,28.0,208.0,101.0,61.0,34.0,59.0,31.0,2.0,3.0,4.36037,2.00591,20.5061,12.49,147.0,59.0,61.0,42.0
cb952516-48ff-4504-a9e6-080161ee7f8d,2.02632,2.55921,6.66667,20.3111,1.0,1.0,1.0,1.0,1.0,1.0,33.0,151.0,14.0,21.0,33.0,151.0,117.0,1692.0,44.0,349.0,38.0,304.0,6.0,45.0,2.35368,2.66807,12.9254,34.0687,77.0,778.0,40.0,914.0
ccb6e01b-3dc3-4f63-b1dc-f028fce9463f,2.54545,2.02041,16.0,31.0,1.0,1.0,1.0,1.0,16.0,31.0,16.0,31.0,14.0,14.0,16.0,31.0,44.0,130.0,12.0,50.0,11.0,49.0,1.0,1.0,3.98406,2.34067,,,28.0,99.0,16.0,31.0
cd031b30-d6b4-479f-877f-7a8467135ea4,1.44444,1.74286,3.75,4.0,1.0,1.0,1.0,1.0,1.0,1.0,10.0,10.0,4.0,6.0,10.0,10.0,28.0,158.0,13.0,79.0,9.0,70.0,4.0,9.0,1.01379,1.22398,4.19325,3.16228,13.0,122.0,15.0,36.0
cd20f78a-3ab7-4bb5-b400-e4af17ddef1f,1.0,1.4,1.0,23.0,1.0,1.0,1.0,1.0,1.0,23.0,1.0,23.0,1.0,2.0,1.0,23.0,2.0,30.0,2.0,6.0,1.0,5.0,1.0,1.0,,0.547723,,,1.0,7.0,1.0,23.0
cf5aaf0c-8b7b-4781-9109-cd32e2b8588e,2.03859,4.6506,100.0,124.167,1.0,1.0,1.0,1.0,18.0,8.0,191.0,197.0,23.0,55.0,191.0,197.0,1134.0,1517.0,316.0,172.0,311.0,166.0,5.0,6.0,2.58378,7.96117,83.8004,79.7757,634.0,772.0,500.0,745.0
d0a1ab1f-7d61-4071-a0e5-21d31dcbf7d4,1.29412,1.6875,2.85714,2.0,1.0,1.0,1.0,1.0,1.0,1.0,10.0,5.0,4.0,5.0,10.0,4.0,42.0,95.0,24.0,55.0,17.0,48.0,7.0,7.0,0.771744,1.15143,3.33809,1.1547,22.0,81.0,20.0,14.0
d1ac58f8-4334-4249-ad23-1746fed138b1,2.75,8.0,10.6667,22.25,1.0,1.0,1.0,1.0,4.0,12.0,18.0,32.0,18.0,32.0,15.0,30.0,76.0,225.0,19.0,21.0,16.0,17.0,3.0,4.0,4.26615,8.7892,5.85947,7.5,44.0,136.0,32.0,89.0
d1ff441d-a66a-45ab-b1b2-372042b29762,1.47619,1.59259,1.66667,2.5,1.0,1.0,1.0,1.0,1.0,1.0,4.0,4.0,4.0,4.0,3.0,4.0,36.0,48.0,24.0,29.0,21.0,27.0,3.0,2.0,0.813575,0.797074,1.1547,2.12132,31.0,43.0,5.0,5.0
d26777b1-b3b5-4e7c-adf8-5a8264e2ddc6,3.17647,2.0303,35.75,19.3333,1.0,1.0,1.0,1.0,19.0,2.0,64.0,42.0,13.0,10.0,64.0,42.0,251.0,125.0,38.0,36.0,34.0,33.0,4.0,3.0,2.76855,2.14308,19.6023,20.5264,108.0,67.0,143.0,58.0
d5aac654-91bb-4ae4-b8cf-5704421fd07e,3.8,4.01786,3.66667,18.3333,1.0,1.0,1.0,1.0,2.0,4.0,36.0,33.0,36.0,26.0,5.0,33.0,68.0,280.0,18.0,59.0,15.0,56.0,3.0,3.0,8.94587,5.45891,1.52753,14.5029,57.0,225.0,11.0,55.0
d87719f9-6868-47bb-91d5-02acf9190f94,5.92105,3.32075,50.75,38.75,1.0,1.0,1.0,1.0,24.0,26.0,76.0,56.0,24.0,23.0,76.0,56.0,428.0,331.0,42.0,57.0,38.0,53.0,4.0,4.0,7.14855,5.48696,28.0877,13.5984,225.0,176.0,203.0,155.0
db4bc043-4f67-418c-bd8a-e15543032389,1.83077,3.39186,46.4286,153.0,1.0,1.0,1.0,1.0,1.0,5.0,153.0,408.0,33.0,52.0,153.0,408.0,801.0,2349.0,267.0,472.0,260.0,467.0,7.0,5.0,2.87618,5.61369,70.318,183.075,476.0,1584.0,325.0,765.0
dba4459b-ef47-43cc-b721-364c0406f355,1.17391,1.4,2.0,1.0,1.0,1.0,1.0,1.0,2.0,1.0,4.0,2.0,4.0,2.0,2.0,1.0,31.0,8.0,25.0,6.0,23.0,5.0,2.0,1.0,0.650327,0.547723,0.0,,27.0,7.0,4.0,1.0
dec05b58-d6d4-4478-b730-3fd040c4e52d,14.193,28.783,0.0,0.0,1.0,1.0,1.0,1.0,0.0,0.0,518.0,2082.0,518.0,2082.0,0.0,0.0,1618.0,20954.0,114.0,728.0,114.0,728.0,0.0,0.0,59.6754,143.691,0.0,0.0,1618.0,20954.0,0.0,0.0
dfa65587-95f0-4384-9d81-64a15e78bf16,4.85714,2.09302,8.33333,15.4,1.0,1.0,1.0,1.0,2.0,1.0,34.0,43.0,15.0,12.0,34.0,43.0,84.0,167.0,13.0,48.0,7.0,43.0,6.0,5.0,5.72796,2.1582,12.6596,16.5015,34.0,90.0,50.0,77.0
e1f9e6dd-d065-4590-b3da-8074a91dce27,1.58333,1.62069,14.3333,3.33333,1.0,1.0,1.0,1.0,1.0,1.0,54.0,8.0,4.0,8.0,54.0,5.0,105.0,57.0,18.0,32.0,12.0,29.0,6.0,3.0,0.996205,1.74056,20.9825,2.08167,19.0,47.0,86.0,10.0
e261bc00-2e1f-4c98-8511-deedb1d77739,1.93333,3.38462,44.0,25.1667,1.0,1.0,1.0,1.0,15.0,1.0,114.0,65.0,14.0,20.0,114.0,65.0,322.0,522.0,36.0,77.0,30.0,65.0,6.0,12.0,2.50425,4.51972,37.4005,19.5626,58.0,220.0,264.0,302.0
e288098a-788a-4d3b-8fa2-0cf863eebf75,1.66667,1.61765,3.0,2.0,1.0,1.0,1.0,1.0,3.0,2.0,7.0,5.0,7.0,5.0,3.0,2.0,23.0,57.0,13.0,35.0,12.0,34.0,1.0,1.0,1.77525,1.12855,,,20.0,55.0,3.0,2.0
e322dd4d-798b-4536-af6f-fe3404a15fce,1.63158,1.87356,6.42857,5.45455,1.0,1.0,1.0,1.0,2.0,1.0,11.0,16.0,4.0,7.0,11.0,16.0,107.0,223.0,45.0,98.0,38.0,87.0,7.0,11.0,0.851741,1.44516,2.82,4.78254,62.0,163.0,45.0,60.0
e5847047-48e7-4aec-9ab2-e03a432ad442,,2.58,,14.5,,1.0,,1.0,,9.0,,20.0,,13.0,,20.0,,158.0,,52.0,,50.0,,2.0,,2.12939,,7.77817,,129.0,,29.0
e6ad33da-3083-4dad-85a6-b06dd345975b,11.7255,40.1613,3172.0,0.0,1.0,2.0,1.0,2.0,3172.0,0.0,3172.0,431.0,94.0,431.0,3172.0,0.0,3770.0,1245.0,52.0,31.0,51.0,31.0,1.0,0.0,18.2943,82.0362,,0.0,598.0,1245.0,3172.0,0.0
e9d0cdd9-b664-453d-9bcf-c5f560519dc9,1.625,1.49091,0.0,14.0,1.0,1.0,1.0,1.0,0.0,14.0,6.0,14.0,6.0,10.0,0.0,14.0,13.0,96.0,8.0,56.0,8.0,55.0,0.0,1.0,1.76777,1.75196,0.0,,13.0,82.0,0.0,14.0
eb8051d8-bc9c-47f9-b663-89583b35f37b,2.89796,1.88312,7.0,5.0,1.0,1.0,1.0,1.0,7.0,3.0,10.0,11.0,10.0,11.0,7.0,9.0,149.0,160.0,50.0,80.0,49.0,77.0,1.0,3.0,2.2661,1.7545,,3.4641,142.0,145.0,7.0,15.0
ec54b478-47e0-444d-90a1-bfb45b416bee,1.6,1.95775,3.0,8.0,1.0,1.0,1.0,1.0,1.0,2.0,5.0,13.0,3.0,10.0,5.0,13.0,14.0,163.0,7.0,74.0,5.0,71.0,2.0,3.0,0.894427,1.78435,2.82843,5.56776,8.0,139.0,6.0,24.0
ee099a8f-8baf-408e-bf0f-3cf1a3d51790,2.44737,1.59615,5.0,6.33333,1.0,1.0,1.0,1.0,2.0,3.0,11.0,8.0,11.0,5.0,10.0,8.0,113.0,102.0,42.0,55.0,38.0,52.0,4.0,3.0,1.96864,1.10719,3.55903,2.88675,93.0,83.0,20.0,19.0
ee6eb822-8fdb-4821-b759-5dedcfadd2f2,3.0,0.0,23.3333,3.66667,1.0,2.0,3.0,0.0,1.0,2.0,36.0,5.0,3.0,0.0,36.0,5.0,73.0,11.0,4.0,3.0,1.0,0.0,3.0,3.0,,0.0,19.3993,1.52753,3.0,0.0,70.0,11.0
f2eb226f-61b4-44b9-8e1d-4f6de1438a29,1.6039,,16.7333,,1.0,,1.0,,1.0,,150.0,,13.0,,150.0,,498.0,,169.0,,154.0,,15.0,,1.71277,,37.6458,,247.0,,251.0,
f4f84e15-621a-4900-96f1-a8d058066570,3.0,2.16667,1.0,4.66667,1.0,1.0,1.0,1.0,1.0,2.0,4.0,9.0,4.0,9.0,1.0,6.0,16.0,40.0,6.0,15.0,5.0,12.0,1.0,3.0,1.22474,2.24958,,2.3094,15.0,26.0,1.0,14.0
f5de7b18-5058-41c2-b957-da926c7dcba9,3.66667,1.31579,0.0,0.0,1.0,1.0,1.0,1.0,0.0,0.0,27.0,2.0,27.0,2.0,0.0,0.0,44.0,25.0,12.0,19.0,12.0,19.0,0.0,0.0,7.54783,0.477567,0.0,0.0,44.0,25.0,0.0,0.0
f7ea4330-8f1c-4042-b5ea-13726c70efb1,1.16667,4.5,3.0,0.0,1.0,2.0,1.0,2.0,1.0,0.0,7.0,7.0,2.0,7.0,7.0,0.0,19.0,18.0,10.0,4.0,6.0,4.0,4.0,0.0,0.408248,2.38048,2.70801,0.0,7.0,18.0,12.0,0.0
f92b4712-d45b-4aa6-bacc-fee783b55290,3.7,3.56863,39.0,62.0,1.0,1.0,1.0,1.0,39.0,62.0,39.0,62.0,25.0,27.0,39.0,62.0,224.0,426.0,51.0,103.0,50.0,102.0,1.0,1.0,5.13591,5.13676,,,185.0,364.0,39.0,62.0
fc56152c-3430-4952-88cc-f52240fa3092,,1.96276,,149.5,,1.0,,1.0,,41.0,,258.0,,31.0,,258.0,,1353.0,,539.0,,537.0,,2.0,,2.6057,,153.442,,1054.0,,299.0
fd5999a3-6d93-4479-8a7a-91fb7f8f0270,1.0,2.28571,0.0,4.0,1.0,1.0,1.0,1.0,0.0,4.0,1.0,5.0,1.0,5.0,0.0,4.0,1.0,20.0,1.0,8.0,1.0,7.0,0.0,1.0,,1.70434,0.0,,1.0,16.0,0.0,4.0
fe880b1f-df9c-476f-a7b3-ac363000fee7,2.7,2.05882,25.0,11.0,1.0,1.0,1.0,1.0,14.0,7.0,36.0,15.0,15.0,10.0,36.0,15.0,77.0,57.0,12.0,19.0,10.0,17.0,2.0,2.0,4.3729,2.30409,15.5563,5.65685,27.0,35.0,50.0,22.0
fe94368f-79f1-48b2-a40e-234130e09164,1.5,1.16667,0.0,81.0,1.0,1.0,1.0,1.0,0.0,81.0,2.0,81.0,2.0,2.0,0.0,81.0,6.0,95.0,4.0,13.0,4.0,12.0,0.0,1.0,0.57735,0.389249,0.0,,6.0,14.0,0.0,81.0
