device_id,BREAKPOINT_f_call_duration_incoming_calls_seconds_af_wkdy_week,BREAKPOINT_f_call_duration_outgoing_calls_seconds_af_wkdy_week,BREAKPOINT_f_call_number_incoming_calls_af_wkdy_week,BREAKPOINT_f_call_number_missed_calls_af_wkdy_week,BREAKPOINT_f_call_number_of_correspondents_phone_af_wkdy_week,BREAKPOINT_f_call_number_outgoing_calls_af_wkdy_week,BREAKPOINT_f_call_number_rows_calls_af_wkdy_week,SLOPE_AFTER_BPT_f_call_duration_incoming_calls_seconds_af_wkdy_week,SLOPE_AFTER_BPT_f_call_duration_outgoing_calls_seconds_af_wkdy_week,SLOPE_AFTER_BPT_f_call_number_incoming_calls_af_wkdy_week,SLOPE_AFTER_BPT_f_call_number_missed_calls_af_wkdy_week,SLOPE_AFTER_BPT_f_call_number_of_correspondents_phone_af_wkdy_week,SLOPE_AFTER_BPT_f_call_number_outgoing_calls_af_wkdy_week,SLOPE_AFTER_BPT_f_call_number_rows_calls_af_wkdy_week,SLOPE_ALL_duration_incoming_calls_seconds_f_call_af_wkdy_week,SLOPE_ALL_duration_outgoing_calls_seconds_f_call_af_wkdy_week,SLOPE_ALL_number_incoming_calls_f_call_af_wkdy_week,SLOPE_ALL_number_missed_calls_f_call_af_wkdy_week,SLOPE_ALL_number_of_correspondents_phone_f_call_af_wkdy_week,SLOPE_ALL_number_outgoing_calls_f_call_af_wkdy_week,SLOPE_ALL_number_rows_calls_f_call_af_wkdy_week,SLOPE_BEFORE_BPT_f_call_duration_incoming_calls_seconds_af_wkdy_week,SLOPE_BEFORE_BPT_f_call_duration_outgoing_calls_seconds_af_wkdy_week,SLOPE_BEFORE_BPT_f_call_number_incoming_calls_af_wkdy_week,SLOPE_BEFORE_BPT_f_call_number_missed_calls_af_wkdy_week,SLOPE_BEFORE_BPT_f_call_number_of_correspondents_phone_af_wkdy_week,SLOPE_BEFORE_BPT_f_call_number_outgoing_calls_af_wkdy_week,SLOPE_BEFORE_BPT_f_call_number_rows_calls_af_wkdy_week,SLOPE_FIRST_f_call_duration_incoming_calls_seconds_af_wkdy_week,SLOPE_FIRST_f_call_duration_outgoing_calls_seconds_af_wkdy_week,SLOPE_FIRST_f_call_number_incoming_calls_af_wkdy_week,SLOPE_FIRST_f_call_number_missed_calls_af_wkdy_week,SLOPE_FIRST_f_call_number_of_correspondents_phone_af_wkdy_week,SLOPE_FIRST_f_call_number_outgoing_calls_af_wkdy_week,SLOPE_FIRST_f_call_number_rows_calls_af_wkdy_week,SLOPE_SECOND_f_call_duration_incoming_calls_seconds_af_wkdy_week,SLOPE_SECOND_f_call_duration_outgoing_calls_seconds_af_wkdy_week,SLOPE_SECOND_f_call_number_incoming_calls_af_wkdy_week,SLOPE_SECOND_f_call_number_missed_calls_af_wkdy_week,SLOPE_SECOND_f_call_number_of_correspondents_phone_af_wkdy_week,SLOPE_SECOND_f_call_number_outgoing_calls_af_wkdy_week,SLOPE_SECOND_f_call_number_rows_calls_af_wkdy_week
0d25f3b7-d43e-4ccf-a8ed-e1feb0aa40aa,,2017-04-19,2017-02-22,2017-04-12,2017-03-29,2017-04-19,2017-04-12,,17.0,0.0237327,0.428571,0.2,0.714286,0.928571,0.0,0.602804,0.0108716,0.0460614,0.0569331,0.0403395,0.146958,,0.254167,-0.142857,0.0194116,0.00510204,0.0291667,0.0673339,0.0,1.78571,-0.142857,0.142857,0.0,0.0714286,0.0,0.0,1.21429,0.0119048,0.10034,0.112245,0.0510204,0.27551
0d8b3688-0cba-4323-85fe-00f15785de38,,2017-04-19,2017-03-01,2017-03-15,2017-04-19,2017-04-19,2017-04-19,,4.71429,0.0281155,-0.0735608,0.285714,0.285714,0.857143,0.0,0.235641,-0.000736377,0.0154639,0.0147275,0.011782,0.0544919,,0.129486,-0.0494506,0.0232399,0.0140746,-0.00140746,0.0415201,0.0,0.0274725,-0.0494506,0.032967,-0.0164835,-0.00549451,-0.0164835,0.0,0.257979,0.0281155,-0.0170973,0.0110182,0.025076,0.0554711
165de20b-6080-4f1d-9354-ec66de50263c,,2017-04-12,2017-03-15,2017-03-01,2017-03-08,2017-03-08,2017-03-08,,6.64286,0.0357143,0.166667,0.181973,0.102041,0.413265,0.0,-0.125375,-0.0554446,0.0804196,0.0254745,-0.0234765,0.0164835,,-0.902381,-0.171429,-0.214286,-0.4,-0.271429,-1.0,0.0,-0.785714,-0.0714286,-0.214286,-0.285714,-0.0714286,-0.571429,0.0,1.0381,0.00238095,0.166667,0.166667,0.0857143,0.37619
174bcad9-6cf8-4f97-bcc5-38a6f4c42c1d,,2017-02-08,2017-03-22,2017-04-12,2017-04-19,2017-04-12,2017-03-22,,0.195811,0.0816327,-0.0714286,-0.428571,0.214286,0.285714,0.0,-0.0900925,0.0292508,0.0224948,0.0517456,0.0131723,0.108813,,-0.571429,0.0238095,0.0325263,0.054677,0.00785437,0.052381,0.0,-0.3861,0.0559846,-0.003861,0.0521236,0.0019305,0.108108,0.0,0.292857,0.0238095,0.0333333,0.0571429,0.00714286,0.133333
17c8318d-0d75-41a8-bfef-eb8c043db1fb,,2017-03-29,2017-04-12,2017-03-08,2017-03-29,2017-01-25,2017-03-29,,-1.34286,-0.285714,0.0136054,-0.285714,-0.0229199,-0.657143,0.0,0.151531,0.000510204,-0.00561224,-0.00612245,-0.0178571,-0.0255102,,0.495238,0.01998,-0.0255102,-0.0164502,,-0.0372294,0.0,1.01633,-0.0530612,0.0408163,0.00816326,0.0285714,0.077551,0.0,0.321429,-0.0357143,0.0333333,-0.00238095,0.0119048,-0.00238095
1973b69d-5fe7-4ff7-94bb-17d5d875499f,,2017-03-01,2017-02-01,2017-03-08,2017-03-01,2017-02-15,2017-03-01,,-0.478654,-0.0199336,-0.0218729,-0.0537767,-0.0332512,-0.126847,0.0,-0.0861759,-0.0106438,0.000384714,-0.010259,-0.0109002,-0.0310336,,0.357143,,0.0204082,0.0142857,0.142857,0.0857143,0.0,0.357143,0.0142857,0.0,0.0142857,0.0571429,0.0857143,0.0,-0.478654,-0.0316092,-0.0221675,-0.0537767,-0.044335,-0.126847
1a4011ac-0990-4560-8e1a-f9f07b54b7ec,,2017-04-05,2017-03-22,2017-04-12,2017-03-15,2017-03-15,2017-03-15,,-1.35714,-0.0714286,0.142857,-0.0571429,-0.0367347,-0.163265,0.0,-0.000524567,0.00830565,-0.00568281,0.00262284,-0.000524567,0.00716909,,0.0777311,0.0444293,-0.0144265,0.0250627,-0.0075188,0.0213033,0.0,0.673469,0.0,0.0204082,0.0204082,0.0102041,0.0408163,0.0,-0.0323129,-0.0340136,0.00510204,-0.0289116,-0.00510204,-0.0510204
1be1f081-12eb-4151-bee7-04f39b0ada17,2017-03-29,2017-01-25,2017-03-29,2017-01-25,2017-03-29,2017-03-08,2017-03-08,-27.9,-9.44929,-0.128571,-0.0200942,-0.185714,-0.130952,-0.248299,-0.259694,-5.91939,-0.00357143,-0.00816326,-0.00153061,0.0142857,0.00255102,4.28831,,0.0207792,,0.047619,0.0255102,-0.0153061,-11.6857,-11.9061,-0.0693878,0.0163265,0.0,0.0244898,-0.0285714,-15.6071,-9.18333,-0.05,-0.0214286,-0.0714286,-0.0761905,-0.147619
1c67b4f0-964c-4aef-83a1-89a0248f80b3,,2017-03-22,2017-04-12,2017-04-19,2017-04-19,2017-04-12,2017-04-19,,0.355102,0.0714286,0.857143,0.857143,0.428571,2.14286,0.0,-0.0614071,-0.023064,0.0495556,0.0264916,0.0155115,0.0720967,,-0.283702,-0.0348177,0.0298507,-0.00426439,-0.0112074,-0.021322,0.0,-0.458647,-0.0225564,-0.0037594,-0.0263158,-0.0300752,-0.0789474,0.0,0.138095,-0.0238095,0.0833333,0.0595238,0.0547619,0.17619
1e3ed4f9-8c22-4b96-8a5c-c324582b9860,,2017-04-12,2017-04-12,2017-04-12,2017-04-12,2017-04-12,2017-04-12,,20.8571,1.14286,1.42857,2.57143,1.85714,6.85714,0.0,0.934891,0.0402145,0.0647262,0.104941,0.07545,0.284182,,0.660714,0.00744048,0.0446429,0.0520833,0.0342262,0.154762,0.0,-1.51429,0.0428571,-0.128571,-0.0857143,-0.1,-0.2,0.0,1.43201,0.0567986,0.120482,0.177281,0.115318,0.442341
1e6cee1a-1bce-45b5-9cef-eab3084a5187,,2017-04-19,2017-04-19,2017-03-15,2017-04-19,2017-04-19,2017-04-19,,5.42857,0.428571,0.0918367,0.857143,0.714286,2.42857,0.0,0.188137,-0.00383953,0.0425659,0.0387263,0.0301205,0.107242,,0.173892,-0.0133005,0.0285714,0.0311576,0.0295567,0.0887931,0.0,0.741758,-0.0384615,0.0824176,0.043956,0.0549451,0.142857,0.0,0.430272,0.0102041,0.0833333,0.0935374,0.0561224,0.256803
209854a0-471d-42fa-856f-54b5d1948481,2017-03-29,2017-03-29,2017-02-22,2017-02-01,2017-02-01,2017-04-12,2017-02-01,-142.414,-14.2286,-0.0047619,0.00501672,0.0260392,-1.0,0.0296226,4.68303,-1.77502,0.00831601,-0.00757351,0.00853876,-0.0013365,-0.000594001,0.893071,-2.17194,0.0357143,,,-0.0132675,,28.2809,7.9201,0.0556901,-0.0532688,-0.0145278,-0.0169492,-0.0145278,4.1908,1.10812,0.00880626,0.00831703,0.0366928,0.0577299,0.0748532
24f7d497-1c92-4372-976d-81dd15d7b1fb,,2017-04-12,2017-04-19,2017-04-12,2017-04-19,2017-04-19,2017-04-19,,2.85714,-0.714286,0.285714,-0.428571,-0.571429,-1.28571,0.0,1.30612,0.0255102,0.0918367,0.117347,0.102041,0.346939,,1.62857,0.0285714,0.1,0.0714286,0.114286,0.271429,,,,,,,,0.0,1.30612,0.0255102,0.0918367,0.117347,0.102041,0.346939
2dd9d631-d2d5-4afa-9d1f-0a3eac129ec0,2017-03-01,2017-03-29,2017-03-01,2017-03-01,2017-03-01,2017-03-29,2017-03-01,3.11232,-69.4286,0.0196292,0.0207197,0.0392585,-0.214286,0.0861505,-0.997298,8.31958,-0.0169339,0.00198162,-0.018285,0.0159431,0.000990812,-6.04286,-2.05375,-0.0428571,0.0285714,-0.0571429,-0.0328854,0.0428571,-6.04286,18.5143,-0.0428571,0.0285714,-0.0571429,0.0571429,0.0428571,3.11232,9.51036,0.0196292,0.0207197,0.0392585,0.0458015,0.0861505
2ef2702c-0c30-40d8-91c0-35ad8829465b,2017-02-01,2017-02-08,2017-04-19,2017-02-15,2017-04-05,2017-02-08,2017-02-08,-0.898106,-14.4291,-0.714286,-0.0195218,0.228571,-0.0165034,-0.0268179,-0.334946,-3.76307,0.00581348,0.0210586,0.0181316,0.0011383,0.0280104,3.0,6.5,-0.00909816,0.142857,0.0039916,0.142857,0.285714,-1.22449,40.6612,0.0163265,0.17551,0.17551,0.114286,0.306122,1.01437,4.83744,0.0258621,0.0369458,0.091133,0.0500821,0.11289
2fb7fbc1-068f-4a54-a8ee-a41c99d0f7da,,2017-02-01,2017-02-08,2017-03-29,2017-03-29,2017-03-29,2017-03-29,,1.05757,0.013485,0.22449,0.293878,0.208163,0.726531,0.0,0.602303,-0.00191906,0.0610713,0.0591522,0.0415985,0.140148,,,0.0,0.00510204,-0.0102041,-0.0102041,-0.0187075,0.0,-2.4,-0.0857143,0.0285714,-0.0571429,-0.0857143,-0.142857,0.0,1.57389,0.00492611,0.110837,0.115764,0.0812808,0.268473
318f91af-9b11-42f5-bdcd-7c9e35761da5,,2017-01-25,2017-02-08,2017-01-25,2017-02-15,2017-03-15,2017-02-15,,-0.308559,0.0170068,-0.0162961,0.00694893,0.0,0.00872657,0.0,-0.247284,0.00324307,-0.0110264,-0.00778336,-0.011675,-0.0228636,,,0.0,,-0.0714286,-0.0212215,-0.102041,0.0,-0.167774,-0.0581395,-0.00332226,-0.0614618,-0.0116279,-0.112957,0.0,0.0,0.000368189,0.0,0.000368189,0.0,0.000736377
31c395a9-0128-46df-a90c-73160f0854b4,,2017-04-19,2017-02-15,2017-04-12,2017-02-15,2017-04-19,2017-02-15,,-7.85714,-0.0406404,-0.142857,-0.0705489,-0.428571,-0.172942,0.0,-0.00694043,-0.0106998,-0.0112782,-0.021978,-0.00462695,-0.0468479,,0.0416704,0.0306122,-0.00115207,-0.0510204,0.00276613,-0.142857,0.0,0.0714286,0.157143,0.0285714,0.185714,0.0571429,0.457143,0.0,-0.015444,0.00900901,-0.01287,-0.003861,-0.002574,-0.0148005
32d4b802-7471-49bd-ad59-e663b0d98682,,2017-03-29,2017-03-08,2017-04-19,2017-02-22,2017-02-22,2017-02-22,,-1.21429,0.0714286,-0.428571,0.0753247,0.0450216,0.195671,0.0,0.17602,0.0362245,0.00867347,0.044898,0.0214286,0.117857,,0.203463,0.00510204,0.00784929,-0.0428571,0.0142857,-0.0285714,0.0,0.0367347,0.00816326,-0.044898,-0.0367347,-0.0163265,-0.0571429,0.0,0.0571429,0.0666667,0.00714286,0.0738095,0.0404762,0.188095
34944ff7-1853-4fec-8d7d-73fc52bfa824,2017-03-08,2017-02-15,2017-03-01,2017-04-12,2017-02-15,2017-03-08,2017-03-08,-6.39011,-3.12021,0.0119713,-0.0714286,-0.054007,0.021978,0.0274725,-0.0530781,-1.76243,-0.00730071,0.00651144,-0.0359116,-0.0422257,-0.043015,-2.2,,0.0,0.0,,-0.0857143,-0.157143,1.0,36.7143,0.0,0.0,0.285714,0.285714,0.285714,-1.87709,1.20591,0.0119713,0.00718276,0.0327215,0.0207502,0.0399042
36492618-666c-4b87-9770-bcb67d2ca3de,2017-04-19,2017-02-08,2017-03-15,2017-04-19,2017-03-08,2017-02-08,2017-02-08,512.0,-6.52903,-0.0306122,-0.428571,-0.0807453,-0.00737034,-0.0010919,5.45567,-3.7846,-0.00720288,0.00908935,-0.0142343,-0.0195507,-0.0176642,-13.0029,,0.00772201,-0.000222519,-0.0256065,,,-59.3163,9.66327,-0.0408163,0.0204082,-0.0510204,-0.102041,-0.122449,28.2909,1.431,-0.0272975,0.0157719,-0.055505,-0.0448893,-0.0564149
3698dbcf-6b9e-4b00-a15a-f2cb26e6639d,,2017-03-01,2017-04-12,2017-03-08,2017-04-12,2017-03-01,2017-03-01,,-0.739796,0.285714,-0.0306122,0.285714,-0.0459184,-0.0867347,0.0,-0.0836109,0.0119194,-0.0219982,-0.0100789,-0.0028922,-0.0293602,,0.653061,0.00776398,-0.0258176,-0.0144928,0.0408163,-0.0204082,0.0,0.653061,0.0,-0.0306122,-0.0306122,0.0408163,-0.0204082,0.0,-0.739796,0.0119048,-0.0272109,-0.0153061,-0.0459184,-0.0867347
38861b6b-d04b-4f1f-8c17-c3c0a9f0a221,,2017-02-08,2017-02-08,2017-04-12,2017-02-08,2017-02-08,2017-02-08,,-0.635508,-0.0383555,0.285714,-0.0548921,-0.0418006,-0.137345,0.0,-0.160519,-0.0107311,-0.0012296,-0.0119607,-0.0134138,-0.0280572,,0.571429,0.142857,-0.0210742,0.214286,0.142857,0.428571,0.0,2.7,0.142857,0.185714,0.328571,0.228571,0.771429,0.0,0.0966387,-0.0378151,0.0672269,0.0294118,0.0252101,0.0588235
38edf5e3-bd76-4ec3-b1fc-c134915743c7,,2017-03-22,2017-03-01,2017-03-22,2017-03-22,2017-03-22,2017-03-22,,-31.0476,-0.0510204,-1.28571,-1.28571,-1.2381,-3.7619,0.0,0.870968,-0.00460829,0.0587558,0.0541475,0.0437788,0.157834,,-3.18455,0.0,-0.1355,-0.116493,-0.0944206,-0.307787,0.0,-4.71429,0.0,-0.114286,-0.114286,-0.1,-0.271429,0.0,1.64626,-0.0510204,0.136054,0.085034,0.0442177,0.210884
395bf3f4-ec02-494f-8f45-30ab62eda8e7,,2017-04-12,2017-03-01,2017-04-12,2017-04-19,2017-04-19,2017-04-19,,3.85714,-0.0214286,0.214286,0.428571,0.428571,1.14286,0.0,0.192347,0.00306122,0.00510204,0.00816326,0.0102041,0.0336735,,-0.0774226,0.0367347,-0.001998,-0.00235479,-0.00156986,0.00470958,0.0,-0.538776,0.0367347,-0.0408163,-0.00408163,-0.0122449,-0.0244898,0.0,0.461905,-0.0214286,0.00714286,-0.0142857,-0.0166667,-0.0428571
3b9d6c27-13cc-47d9-b00e-af2e0d3d0009,,2017-01-25,2017-02-15,2017-01-25,2017-01-25,2017-02-15,2017-01-25,,-0.781327,0.0106567,-0.0632949,-0.0969141,0.0207373,-0.252095,0.0,-0.502689,-0.0312455,-0.0326987,-0.0639442,-0.0438163,-0.165819,,,-0.128571,,,-0.142857,,0.0,-2.02449,-0.126531,-0.0367347,-0.163265,-0.183673,-0.481633,0.0,-0.0434462,0.0095729,0.0162003,0.0257732,0.00883652,0.0589102
3bf51a01-8625-4c9b-a16c-24d10ccf8ae5,,2017-02-08,2017-02-22,2017-02-08,2017-02-22,2017-02-22,2017-02-22,,-1.74286,-0.714286,-0.128571,-0.857143,-0.571429,-2.14286,0.0,1.0,0.0255102,0.0357143,0.0612245,0.0714286,0.188776,,0.857143,-0.0142857,-0.0714286,0.0285714,0.0428571,0.114286,0.0,1.6,0.077551,0.0530612,0.130612,0.118367,0.367347,,,,,,,
3dcb435d-656f-405f-81a1-49f7eae6c25e,2017-04-05,2017-03-15,2017-04-19,2017-03-15,2017-03-15,2017-04-12,2017-03-15,-10.1143,5.37245,0.428571,0.127551,0.117347,-0.142857,0.193878,0.089326,2.71644,0.0103193,0.0719123,0.0707299,0.0327851,0.115017,-0.274941,0.177419,0.0119048,0.0576037,0.0506912,0.0524845,0.0829493,,,,,,,,-0.357143,4.30476,0.0142857,0.0928571,0.0880952,0.0404762,0.147619
3fa86602-fc33-4c6f-9b3e-2cebd95104ee,,2017-03-01,2017-04-12,2017-04-12,2017-03-01,2017-04-19,2017-04-19,,-0.564994,0.0714286,-0.142857,-0.02574,-0.285714,-0.571429,0.0,0.00170746,-0.00170746,0.00284576,0.0011383,-0.00256118,0.0011383,,0.193878,-0.00855655,0.015997,0.0102041,0.00635501,0.0118395,0.0,0.193878,-0.0204082,0.0306122,0.0102041,0.0102041,0.0408163,0.0,-0.564994,-0.002574,-0.023166,-0.02574,-0.0353925,-0.0405405
3ff2b7eb-622c-4ae9-9d89-7d2af5430d34,,2017-02-08,2017-04-19,2017-02-08,2017-04-19,2017-04-19,2017-04-19,,0.377123,-1.0,0.0134865,-1.28571,-0.571429,-3.14286,0.0,0.103365,0.0306669,-0.00491638,0.0257506,0.00862382,0.0691517,,2.28571,0.0430885,-0.142857,0.0257374,0.00433777,0.0572585,0.0,-1.07143,-0.0215947,-0.0830565,-0.104651,-0.0398671,-0.23588,0.0,-0.169048,-0.0166667,-0.00952381,-0.0261905,0.0,-0.0357143
417abe6d-ef78-4f01-b632-844af6cb8fe7,,2017-01-25,2017-01-25,2017-01-25,2017-01-25,2017-01-25,2017-01-25,,-0.0704794,-0.00300585,-0.00110742,-0.00411327,-0.0121025,-0.028081,0.0,-0.184281,-0.0120914,-0.0228392,-0.0349306,-0.0378415,-0.115316,,,,,,,,0.0,-0.415282,-0.0299003,-0.104651,-0.134551,-0.112957,-0.401993,0.0,-0.171733,-0.0197568,0.00797872,-0.0117781,-0.0178571,-0.0528116
447a64e5-f754-4082-b0fa-0000f34eeda8,,2017-03-15,2017-04-19,2017-03-15,2017-03-15,2017-04-05,2017-03-29,,1.52653,0.285714,0.055102,0.0653061,0.157143,0.214286,0.0,0.389524,0.0133333,0.0190476,0.032381,0.0352381,0.0885714,,-0.401993,0.0190616,0.00830565,0.0348837,0.00704225,0.0248848,,,,,,,,0.0,1.03882,0.00940249,0.0294207,0.0388232,0.062481,0.130118
49b6c762-deaf-4cbf-8cb6-557ca65d395c,2017-03-08,2017-04-19,2017-03-22,2017-03-01,2017-04-19,2017-04-19,2017-04-12,2.39227,159.143,0.0857143,-0.01287,1.14286,1.0,0.857143,0.69636,4.93956,0.0185111,0.0032559,0.0175965,0.0124383,0.0342052,-0.55102,0.976012,-0.0255102,0.0204082,-0.00817475,-0.0229161,-0.0125882,-0.0653061,1.03265,-0.0204082,0.0204082,0.0204082,0.044898,0.044898,2.16667,10.2561,0.0624196,-0.01287,0.0592021,0.0740026,0.123552
4ba3ace5-f982-49c5-883a-0329d059d431,,2017-03-29,2017-03-22,2017-03-29,2017-03-29,2017-03-29,2017-03-29,,-6.65714,-0.22449,-0.314286,-0.357143,-0.171429,-0.871429,0.0,0.178061,0.0173469,0.0341837,0.0515306,0.0285714,0.118367,,0.515152,0.0142857,0.0805195,0.170563,0.0658009,0.403463,0.0,-2.29796,-0.0367347,-0.134694,-0.171429,-0.118367,-0.440816,0.0,-1.2381,-0.0261905,-0.0833333,-0.109524,-0.05,-0.290476
4de0beb1-cfa8-4410-809d-d05322b1a0c8,,2017-04-05,2017-04-05,2017-03-08,2017-04-19,2017-04-19,2017-04-19,,-2.1,-0.0857143,0.0615942,-0.285714,-0.285714,-0.714286,0.0,0.251888,-0.00377498,0.0327905,0.0290155,0.0293856,0.0822354,,0.734385,0.0108225,-1.29472e-18,0.0408459,0.0396019,0.112586,0.0,-0.106122,0.0571429,0.00816326,0.0653061,0.0163265,0.102041,0.0,0.0746133,-0.000303306,0.0612678,0.0609645,0.0561116,0.167122
4e20289a-32ca-47be-a2c5-f0bd66ab9176,,2017-03-15,2017-03-15,2017-03-15,2017-03-15,2017-03-15,2017-03-15,,-0.836735,-0.0612245,-0.0663265,-0.127551,-0.137755,-0.397959,0.0,-0.0894893,-0.00333087,-0.00451517,-0.00784604,-0.0118431,-0.0235381,,-0.1853,-0.00776398,-0.0124224,-0.0201863,-0.0269151,-0.0496894,0.0,0.114286,-0.0285714,-0.0285714,-0.0571429,-0.0142857,-0.114286,0.0,-0.254762,-0.0214286,-0.0214286,-0.0428571,-0.0452381,-0.138095
5542666d-5bf4-4a1b-b17c-e3580c4cd773,,2017-04-12,2017-04-12,2017-02-01,2017-04-12,2017-04-12,2017-04-12,,-8.35714,-0.357143,0.0188383,-0.642857,-0.714286,-1.78571,0.0,0.289796,0.0102041,-0.00306122,0.00714286,0.0147959,0.0234694,,0.150849,0.018981,0.0,0.001998,0.0104895,0.00799201,0.0,-1.15918,0.0367347,-0.122449,-0.0857143,-0.0816327,-0.212245,0.0,-0.409524,-0.0238095,-0.0142857,-0.0380952,-0.0214286,-0.1
5792d203-ec62-4b40-b0a2-29969224e3fb,,2017-04-12,2017-02-22,2017-02-15,2017-03-15,2017-04-12,2017-04-12,,3.78571,0.00357143,-0.012987,-0.0816327,0.214286,0.5,0.0,0.320237,-0.0145909,-0.00343315,-0.018024,0.031852,-0.00419607,,0.255102,0.0,,-0.0714286,0.0187075,-0.0153061,0.0,1.71429,-0.214286,0.142857,-0.0714286,0.0,-0.142857,0.0,0.287231,-0.010919,-0.00242645,-0.0133455,0.0360934,0.00940249
5a5e44dd-1b8f-4c26-ba16-65593a8b59eb,,2017-01-25,2017-01-25,2017-02-15,2017-02-01,2017-02-01,2017-01-25,,0.515012,0.0465862,0.038961,0.0732345,0.045954,0.160861,0.0,0.271429,0.0346273,0.00287267,0.0375,0.0173913,0.0954193,,,,-0.214286,-0.714286,-0.571429,,0.0,-0.802326,0.0182724,-0.106312,-0.0880399,-0.0813954,-0.187708,0.0,0.754762,0.0404762,0.0404762,0.0809524,0.0452381,0.195238
5a6686fd-5017-4c17-9dd4-4081d5448b7d,,2017-04-05,2017-02-22,2017-03-29,2017-04-12,2017-03-22,2017-04-12,,-0.857143,-0.0258359,0.0857143,-0.428571,0.0714286,-1.14286,0.0,0.0725745,0.00458365,0.0154698,0.0200535,0.0176662,0.0644576,,0.0733249,0.0714286,0.00232288,0.0138889,0.021978,0.0390873,0.0,0.195489,0.0864662,0.0037594,0.0902256,0.0601504,0.206767,0.0,0.0447876,-0.0108108,0.0455598,0.034749,0.046332,0.117375
5d02f383-d24c-4902-b728-1380c99105ee,2017-03-22,2017-04-12,2017-03-08,2017-04-05,2017-03-15,2017-04-05,2017-03-15,-29.7347,-88.7857,-0.263605,-0.142857,-0.158163,-0.757143,-0.408163,4.46633,10.6913,0.025,0.00102041,0.0596939,0.114796,0.140816,13.3262,16.2433,0.0816327,0.00909091,0.204082,0.214286,0.568027,3.28163,1.93061,0.142857,0.0204082,0.195918,0.0653061,0.228571,-9.55,9.19762,-0.142857,-0.0190476,-0.0785714,-0.147619,-0.309524
626aaffc-c174-48ca-a179-cab025b9bc98,,2017-01-25,2017-02-01,2017-01-25,2017-01-25,2017-01-25,2017-01-25,,-0.107378,0.0211931,-0.0119309,-0.00125589,-0.00251177,-0.00596546,0.0,-0.272449,-0.0142857,-0.0173469,-0.0316327,-0.0285714,-0.0908163,,,-0.714286,,,,,0.0,0.159184,-0.167347,0.0938776,-0.0734694,-0.0326531,-0.187755,0.0,0.385714,0.0357143,0.0166667,0.052381,0.047619,0.145238
64e25c38-ee68-4e06-8990-09ba71759cf1,2017-02-22,2017-02-22,2017-02-22,2017-02-01,2017-02-22,2017-02-22,2017-02-22,-19.1429,-43.3418,-0.0204082,0.0017337,-0.0510204,-0.0408163,-0.0663265,-2.60991,-9.78134,-0.00116618,-0.00485909,-0.0112731,-0.00738581,-0.0134111,0.0,-12.2857,0.0,,-0.142857,0.0,-0.142857,47.6154,101.253,0.0384615,-0.0274725,0.0879121,0.115385,0.126374,-0.504983,1.81728,-0.013289,-0.0182724,-0.0182724,0.013289,-0.0182724
65e91776-4319-4b41-ae66-28db6473fc60,,2017-04-19,2017-02-08,2017-04-19,2017-02-08,2017-02-22,2017-04-05,,-11.4286,-0.00951765,-0.714286,-0.00138607,-0.0281853,0.485714,0.0,0.0248726,0.00558596,0.00728439,0.0128704,0.000981317,0.0258539,,-0.232215,0.0714286,-0.00722961,0.0714286,0.0,0.0354978,0.0,0.0122449,0.118367,-0.0204082,0.0979592,0.0653061,0.257143,0.0,0.12381,0.0238095,-0.00714286,0.0166667,-0.00952381,0.0261905
66368d24-f87e-4db0-ab9d-c450c33becf3,,2017-02-15,2017-04-19,2017-02-15,2017-04-05,2017-03-08,2017-04-19,,0.260882,0.571429,0.0356786,0.257143,0.113946,1.85714,0.0,0.068191,0.0263033,0.0086702,0.0349735,0.0328517,0.114944,,-0.4,0.010989,-0.0714286,0.0065591,-0.0204082,0.0541601,0.0,-0.338776,0.0326531,-0.0734694,-0.0408163,-0.0204082,-0.0285714,0.0,0.263605,0.0561224,0.0221088,0.0782313,0.113946,0.27381
687020d4-2b4c-483d-9124-ca34195f8af7,,2017-03-15,2017-03-15,2017-03-15,2017-03-15,2017-03-29,2017-03-15,,-2.02041,-0.142857,-0.163265,-0.306122,-0.228571,-0.780612,0.0,-0.256122,-0.00561224,-0.00969388,-0.0178571,-0.019898,-0.0173469,,-0.447279,-0.00680272,0.0,-0.0119048,0.0294372,0.0391156,0.0,-0.563265,-0.00408163,-0.0489796,-0.0571429,-0.0244898,-0.0326531,0.0,-0.688095,-0.05,-0.0809524,-0.130952,-0.0785714,-0.321429
699a92cf-42b7-4a29-bd1b-edf43d06dd54,2017-03-01,2017-02-15,2017-02-22,2017-04-12,2017-03-01,2017-02-15,2017-02-22,-2.51486,-11.4184,-0.0889401,-0.142857,-0.102041,-0.0899814,-0.159908,-0.284193,-3.42418,-0.0125106,0.00718512,-0.0146238,-0.0200338,-0.0253593,3.37959,7.04286,0.0857143,0.0044955,0.130612,0.0,0.257143,3.37959,24.249,0.126531,0.0204082,0.130612,0.114286,0.261224,-2.51486,-1.78052,-0.0816327,0.00429646,-0.102041,-0.0787684,-0.156105
69d0a3bb-40c8-42a8-838d-1bb275f28d1b,,2017-04-19,2017-03-15,2017-04-19,2017-03-08,2017-02-15,2017-03-08,,6.14286,-0.0510204,0.428571,-0.0272109,-0.0295291,-0.0867347,0.0,0.153172,-0.0075905,0.00408719,-0.00350331,-0.000973141,-0.0118723,,0.0896703,0.0047619,-0.0043956,0.0285714,0.0,0.114286,0.0,0.342857,-0.0142857,0.0428571,0.0285714,0.0571429,0.114286,0.0,0.0493197,-0.0408163,0.0136054,-0.0272109,-0.0289116,-0.0867347
6afbdb8a-a1cf-4248-852a-24e56ee5766a,,2017-01-25,2017-03-15,2017-01-25,2017-02-08,2017-01-25,2017-02-08,,0.671586,0.0816327,0.0276295,0.0639361,0.0420722,0.169331,0.0,0.17449,0.00714286,0.0163265,0.0234694,0.0142857,0.0693878,,,-0.0442177,,-0.214286,,-0.785714,0.0,-1.58776,0.00816326,-0.0693878,-0.0612245,-0.102041,-0.138776,0.0,-0.133333,0.0738095,0.0,0.0738095,0.0285714,0.185714
6d73aa4b-1be4-426b-8d6b-c811bd2170fa,2017-03-15,2017-03-22,2017-03-22,2017-03-08,2017-03-22,2017-02-22,2017-03-22,-7.38775,47.3571,0.0714286,-0.020654,0.142857,0.05,0.178571,2.67674,11.3701,0.0144826,0.0120922,0.033324,0.0094207,0.0359955,0.109653,16.9079,0.00610902,0.0,0.00516917,0.0164835,0.0216165,1.26531,-4.14286,0.0204082,0.0,0.0,-0.0510204,-0.0306122,1.71135,9.90411,0.0401174,-0.00195695,0.0831703,0.0273973,0.0655577
6e12238e-2105-4bd3-be42-9b2ce1bf4946,2017-04-12,2017-02-08,2017-04-19,2017-02-22,2017-04-12,2017-03-22,2017-04-12,-89.8571,-5.7096,-0.142857,0.0218254,-0.285714,-0.0897959,-0.357143,6.06246,-3.86755,0.0074659,0.0106963,0.00473798,-0.00782484,0.0103374,3.33468,,0.0138484,0.0,-0.00628931,-0.0428571,0.0049416,-0.485714,-15.5857,-0.0142857,-0.0571429,-0.0428571,-0.0285714,-0.1,4.78477,-0.787594,0.00469925,0.00798872,0.00093985,-0.0206767,-0.00798872
6e60c67a-9bb0-4818-9625-1afe9788fe6b,,2017-03-29,2017-04-19,2017-02-08,2017-04-19,2017-04-19,2017-04-19,,1.81429,-1.0,0.0124875,-1.42857,-1.0,-3.71429,0.0,0.35051,-0.00561224,0.0229592,0.0173469,0.0214286,0.0372449,,0.203463,-0.0204082,0.0714286,-0.00470958,0.00784929,-0.0117739,0.0,0.632653,0.0244898,0.0693878,0.0938776,0.0163265,0.15102,0.0,0.804762,0.00952381,0.0261905,0.0357143,0.0452381,0.0833333
6fb4842f-8beb-4539-8b18-e21d89d3254e,,2017-04-19,2017-03-15,2017-04-19,2017-04-19,2017-04-19,2017-04-19,,-27.4286,-0.0816327,-1.71429,-2.71429,-2.14286,-7.57143,0.0,0.869947,0.0408634,0.0219865,0.0628498,0.0591549,0.186574,,0.412873,0.0544496,-0.00784929,0.0306122,0.0259027,0.0855573,0.0,0.832653,-0.0857143,-0.0367347,-0.122449,-0.0816327,-0.342857,0.0,0.789116,-0.0816327,0.0136054,-0.0680272,0.0187075,-0.0952381
7230d0d5-fab8-4462-9952-69aee6866b04,,2017-04-05,2017-03-22,2017-04-05,2017-02-15,2017-04-05,2017-02-15,,-1.21429,0.0571429,-0.0714286,-0.0311688,-0.142857,-0.0588745,0.0,0.0797664,-0.0161377,0.00960578,-0.00653193,0.00491816,-0.0051487,,0.170276,-0.0251756,0.0205069,-0.0714286,0.00253456,-0.214286,0.0,-0.0367347,0.0571429,0.0408163,0.0979592,0.0122449,0.195918,0.0,0.0255102,0.0136054,-0.0085034,0.00510204,0.0085034,0.0323129
7398824b-a04d-4252-afe8-d0f392a5cd48,,2017-03-08,2017-03-29,2017-03-08,2017-03-29,2017-03-29,2017-03-29,,-1.9898,-0.285714,0.0119048,-0.314286,-0.185714,-0.842857,0.0,0.512245,0.0331633,0.0515306,0.0882653,0.072449,0.212245,,0.653061,0.0822511,0.0816327,0.155844,0.121212,0.38961,0.0,0.746939,0.00816326,0.0367347,0.044898,0.0530612,0.138776,0.0,-0.995238,-0.0833333,0.0047619,-0.0761905,-0.0238095,-0.214286
785e9e8e-4ab0-4686-a95e-a25c6c2e2eee,2017-01-25,2017-02-01,2017-01-25,2017-02-08,2017-02-01,2017-02-01,2017-02-01,-1.17498,-19.6274,-0.00260018,-0.0256539,-0.0274725,-0.00949051,-0.0244755,-14.2758,-6.97273,-0.00547464,-0.00764384,-0.012602,0.00661089,-0.00650759,,0.0,,-0.0714286,-0.142857,0.0,-0.142857,-116.3,74.8143,-0.0285714,0.0285714,0.0428571,0.0857143,0.0857143,-1.02906,0.246973,-0.0121065,-0.0145278,0.00726392,0.0484262,0.0217918
79d3d50d-b736-43ba-8979-8ba6ff3d1e48,,2017-02-22,2017-04-19,2017-02-22,2017-02-22,2017-02-22,2017-02-22,,-1.32615,-0.285714,-0.0840072,-0.0786164,-0.0790656,-0.230009,0.0,0.235638,-0.00877334,0.00701066,-0.00176268,0.00805224,0.00488743,,0.314286,-0.00833463,1.81261e-18,0.0571429,0.1,0.157143,0.0,4.07755,0.0122449,0.191837,0.204082,0.244898,0.616327,0.0,0.087386,0.00797872,-0.025076,-0.0170973,-0.0159574,-0.0444529
7afaa986-9de6-4efe-9057-3fa969b1760c,,2017-02-22,2017-01-25,2017-03-08,2017-02-08,2017-01-25,2017-01-25,,-0.408163,-0.0253491,-0.0816327,-0.0354978,-0.0285714,-0.0787325,0.0,-0.120301,-0.0101215,0.00231348,-0.00780798,-0.0164835,-0.0338346,,-0.142857,,0.0,0.285714,,,0.0,0.305648,0.0614618,0.0,0.0614618,0.0282392,0.151163,0.0,-0.204082,0.0306122,-0.0408163,-0.0102041,-0.0408163,-0.0306122
811f021c-0ecf-4264-967d-f02f93c3d711,,2017-02-08,2017-03-15,2017-03-29,2017-03-22,2017-03-22,2017-03-22,,-0.18981,-0.0816327,-0.228571,-0.232653,-0.171429,-0.608163,0.0,-0.541327,-0.00816326,-0.0290816,-0.0372449,-0.0193878,-0.0816327,,-2.64286,0.037415,-0.0103896,0.0333333,0.0309524,0.1,0.0,-2.99592,-0.0326531,-0.077551,-0.110204,-0.142857,-0.35102,0.0,-1.5381,-0.0714286,-0.0952381,-0.17381,-0.138095,-0.457143
81443789-41c5-4277-9bbb-55336120c0c9,,2017-04-12,2017-02-15,2017-03-22,2017-02-15,2017-04-12,2017-04-05,,6.07143,-0.00879917,-0.0791506,-0.0150104,0.0714286,0.234694,0.0,0.0614049,-0.029045,-0.0097869,-0.0388319,-0.00773481,-0.0794002,,-0.21237,-0.142857,-0.0293542,-0.142857,-0.0131363,-0.0951835,0.0,-0.681063,-0.0780731,-0.0232558,-0.101329,-0.0215947,-0.192691,0.0,0.574913,-0.0130662,-0.0121951,-0.0252613,-0.00479094,-0.0644599
848429d2-612d-4b1c-82ff-e51dc40d3d07,,2017-04-19,2017-03-15,2017-01-25,2017-01-25,2017-01-25,2017-01-25,,2.0,-0.0795918,0.0102041,0.0111876,0.0164741,0.0357758,0.0,0.0109316,-0.00474142,0.00548775,0.000746334,0.0113706,0.0142682,,-0.0480881,-0.0212215,,,,,0.0,0.0398671,-0.0398671,-0.00166113,-0.0415282,0.0149502,-0.0465116,0.0,0.0151653,-0.0239612,0.0181984,-0.00576281,0.0172884,0.00121322
85396fa9-14d7-47d6-9688-1771e6c3fa75,,2017-04-19,2017-03-08,2017-02-22,2017-03-08,2017-03-08,2017-03-08,,-5.14286,-0.0336134,-0.00409062,-0.0378151,-0.0798319,-0.159664,0.0,-0.0104455,0.00583717,0.0132104,0.0190476,0.0,0.0337942,,-0.0412475,0.0,0.0408163,0.0484262,0.0484262,0.138015,0.0,0.317191,0.0,0.0484262,0.0484262,0.0484262,0.138015,0.0,-0.201681,-0.0336134,-0.00420168,-0.0378151,-0.0798319,-0.159664
87046549-2960-43b1-b1b9-358aac851b8a,,2017-03-08,2017-02-22,2017-02-08,2017-02-08,2017-03-08,2017-02-08,,-2.30442,-0.0718615,-0.044955,-0.0824176,-0.161565,-0.226274,0.0,-0.311704,-0.00930206,-0.0202954,-0.0295975,-0.0218739,-0.0776299,,1.82239,0.0612245,,,0.185328,,0.0,1.27755,0.204082,0.0571429,0.261224,0.232653,0.746939,0.0,-1.96667,-0.047619,-0.0619048,-0.109524,-0.130952,-0.35
876f9317-9823-4ecb-9290-1b1cbd2ded3c,,2017-04-19,2017-03-29,2017-02-22,2017-03-29,2017-04-19,2017-03-29,,-11.2857,0.126531,0.0303571,0.171429,-1.42857,0.465306,0.0,0.369189,0.0173426,0.0138851,0.0312277,0.0439054,0.11602,,0.125616,-0.0168067,-0.0510204,-0.0189076,0.00940439,-0.0147059,0.0,0.274725,-0.0274725,-0.0274725,-0.0549451,0.032967,-0.0824176,0.0,0.613588,0.0282075,0.0333637,0.0615711,0.0709736,0.201092
88d687ca-537d-4592-8691-22feeb116122,,2017-03-15,2017-03-15,2017-01-25,2017-03-08,2017-03-15,2017-03-15,,-0.77551,-0.0867347,0.0210361,-0.163265,-0.0459184,-0.244898,0.0,0.653061,0.0229592,0.0147959,0.0408163,0.0362245,0.108163,,1.62585,0.102041,,0.00510204,0.102041,0.345238,0.0,-0.277551,-0.0122449,-0.044898,-0.0571429,-0.00816326,-0.114286,0.0,-0.628571,-0.0714286,-0.0142857,-0.0928571,-0.0428571,-0.204762
8cf6b2a5-ca26-48cd-86e0-d3eca61d264b,,2017-02-08,2017-01-25,2017-02-15,2017-01-25,2017-02-08,2017-02-08,,4.48571,0.0510204,0.271429,0.107143,0.314286,0.871429,0.0,0.503401,0.0238095,0.00340136,0.0272109,0.037415,0.0969388,,-0.0714286,,-0.128571,,0.142857,0.571429,0.0,-2.36735,0.00816326,-0.2,-0.191837,-0.171429,-0.493878,0.0,-9.14286,0.0,-1.85714,-1.85714,-1.71429,-5.14286
8e0a48eb-c371-4932-82ab-d9458c31b77c,,2017-03-08,2017-03-08,2017-03-29,2017-04-12,2017-04-12,2017-04-12,,-0.244898,-0.0204082,0.1,-0.714286,-0.714286,-2.0,0.0,0.241704,0.0137093,0.011762,0.0259386,0.015423,0.0721296,,0.173469,-0.0102041,0.00658807,0.0119048,0.00274725,0.0297619,0.0,-0.214286,0.0,0.0,0.0,0.0,-0.0714286,0.0,-0.0136054,0.00340136,0.0119048,0.0102041,-0.0153061,0.0323129
924b4f99-c800-4f5f-9159-8b47a317ef34,,2017-03-22,2017-03-22,2017-03-15,2017-03-22,2017-03-22,2017-03-22,,-0.857143,-0.114286,-0.0530612,-0.114286,-0.114286,-0.371429,0.0,0.0276243,0.00484835,0.0025933,0.00744165,0.0,0.0133048,,0.0798425,-0.0136054,-0.00702576,0.00966702,0.00393842,0.0272109,0.0,0.220077,0.003861,0.003861,0.00772201,-0.0019305,0.011583,0.0,-0.164966,-0.00340136,-0.00510204,-0.0085034,-0.0221088,-0.0510204
94aac48e-7cbb-4a8c-b47a-052d28eefa5a,,2017-01-25,2017-03-22,2017-02-01,2017-03-29,2017-02-08,2017-03-29,,-0.18939,0.131229,-0.00954309,0.142857,-0.018333,0.371429,0.0,-0.10945,0.0402982,-0.00274028,0.0375579,-0.00531936,0.0764457,,,0.0166667,0.0,0.00519481,-0.0714286,0.0337662,0.0,-0.310204,0.0285714,-0.00408163,0.0244898,-0.00816326,0.0489796,0.0,0.00900901,0.0495495,-0.0032175,0.046332,-0.027027,0.0534106
94c99ead-4f3e-4c68-8f51-08af25c64920,,2017-04-19,2017-01-25,2017-04-19,2017-01-25,2017-01-25,2017-01-25,,-7.28571,-0.00299177,-0.428571,0.0170424,0.016989,0.0450903,0.0,0.261334,-0.00934918,0.0203103,0.0109611,0.0129357,0.0311505,,0.266733,,0.0134865,,,,0.0,-0.187755,-0.0326531,0.0367347,0.00408163,-0.00816326,-0.0163265,0.0,-0.0521236,-0.027027,0.0250965,-0.0019305,0.0109395,0.000643501
95940265-9599-4ab5-bccf-b7d64e75f3f6,,2017-02-15,2017-04-12,2017-02-15,2017-04-12,2017-02-15,2017-04-12,,-0.109679,-0.214286,0.0139247,-0.0714286,0.00378202,-0.214286,0.0,-0.0452381,0.00714286,0.00238095,0.00952381,0.00136054,0.0241497,,,0.0267023,,0.0160214,,0.0307076,0.0,0.285714,0.0714286,-0.0714286,0.0,0.0,-0.0714286,0.0,-0.189286,-0.0285714,0.0285714,-4.53152e-19,-0.00357143,-0.00357143
9a035626-2e6c-4aa5-a6cb-e47403a39d00,,2017-03-08,2017-04-19,2017-04-19,2017-04-19,2017-03-15,2017-04-19,,1.39796,-1.42857,-0.571429,-2.0,0.132653,-5.28571,0.0,0.251531,0.0637755,0.00510204,0.0688775,0.027551,0.170918,,-0.709184,0.0572998,0.0180534,0.0753532,-0.0544218,0.17033,0.0,-1.39592,0.0367347,-0.0612245,-0.0244898,-0.0489796,-0.118367,0.0,0.966667,0.104762,0.0166667,0.121429,0.1,0.342857
9bb46002-6fdb-4287-bfd3-bc3e2e57785f,2017-01-25,2017-04-12,2017-02-15,2017-03-29,2017-01-25,2017-01-25,2017-01-25,-1.07347,26.5,0.00655977,-0.0979592,-0.0234694,-0.0122449,-0.0142857,-0.494707,1.3173,-0.00296384,0.0031332,-0.0110086,0.00254044,0.0027098,,-2.42788,0.0,-0.00728863,,,,-2.39011,-3.25275,-0.0384615,-0.010989,-0.043956,-0.00549451,-0.0549451,-0.591362,11.3953,-0.00664452,-0.0282392,0.0315615,0.013289,-0.0215947
9d37754d-fb9f-46cf-a2a8-1232f3ad1071,,2017-04-12,2017-04-12,2017-03-15,2017-04-05,2017-04-12,2017-04-12,,6.57143,0.428571,0.034749,0.285714,0.428571,1.57143,0.0,0.0850672,0.00457939,0.00547536,0.0100548,0.0120458,0.0246391,,-0.0839511,-0.0143258,-0.0102041,-0.0182437,-0.00781407,-0.0329593,0.0,-0.604082,-0.0244898,-0.00816326,-0.0326531,-0.0326531,-0.110204,0.0,0.405577,0.0494129,0.0249511,0.074364,0.0513699,0.167319
9e7d28be-3a29-406b-b3e3-d2fd2414605c,,2017-03-15,2017-03-15,2017-02-15,2017-03-15,2017-03-15,2017-03-29,,1.49592,0.0306122,0.0466667,0.118367,0.0836735,0.371429,0.0,0.369489,0.00142211,0.0120879,0.0164189,0.0233355,0.0594053,,-0.313283,-0.018797,0.0,-0.0451128,0.0213033,-0.102857,0.0,-1.11429,0.0142857,-0.128571,-0.114286,-0.0428571,-0.257143,0.0,1.00414,0.0315735,0.0383023,0.0745342,0.0383023,0.195135
a2952ecb-5ee6-454a-81a6-16e908ee2e18,,2017-04-19,2017-04-19,2017-04-19,2017-04-19,2017-04-19,2017-04-19,,-3.0,-0.571429,-0.285714,-0.857143,-0.571429,-2.42857,0.0,0.207609,0.0182502,0.00938289,0.0276331,0.016549,0.0688251,,0.218774,0.00995316,0.013466,0.0234192,0.0107338,0.0579625,0.0,0.323529,0.0,0.012605,0.012605,0.0252101,0.0504202,0.0,0.0424628,0.0345769,-0.0100091,0.0245678,0.00212314,0.0518653
a36f9b21-57f2-46ef-bb33-a65e0c2b642c,,2017-02-22,2017-04-19,2017-02-22,2017-03-08,2017-02-22,2017-03-08,,-0.976641,-0.285714,-0.0667954,-0.100783,-0.0525097,-0.273973,0.0,0.0691829,0.00788828,0.013663,0.0215512,0.0139272,0.0576335,,1.15714,0.00896472,0.128571,0.107143,0.0714286,0.25,0.0,2.53469,0.0,0.2,0.2,0.17551,0.506122,0.0,-0.55,0.00238095,-0.0452381,-0.0428571,-0.0190476,-0.104762
a3aa60d3-8acb-4e7b-b324-ac85c6c074d2,2017-03-01,2017-04-19,2017-03-01,2017-03-22,2017-04-19,2017-04-19,2017-04-19,-43.0928,-229.0,-0.0215347,0.0498339,-0.571429,-1.28571,-1.28571,-25.8452,14.9875,-0.014881,0.00297619,0.0636905,0.1,0.0880952,,37.2506,,-0.0428571,0.0567916,0.108899,0.0913349,,,,,,,,-43.0928,11.0006,-0.0215347,0.0145587,0.0536852,0.0964513,0.0894753
a5ea9d2e-766c-4a6b-87b2-8bc4fe445a63,,2017-03-08,2017-02-15,2017-02-15,2017-04-19,2017-03-29,2017-04-19,,0.248299,-0.0195519,0.0234052,0.428571,0.0571429,1.14286,0.0,0.0970551,0.00793854,0.00395098,0.0118895,0.00417048,0.0302177,,-0.0938776,-0.0571429,-0.0571429,-0.00313972,-0.00238095,-0.00392465,0.0,-0.0938776,0.0612245,-0.0653061,-0.00408163,0.00408163,0.00816326,0.0,0.248299,0.0272109,0.00680272,0.0340136,0.0221088,0.0884354
a8ba94f4-d3e6-452c-adf8-4d1e0984a6d1,,2017-03-01,2017-04-12,2017-03-01,2017-03-01,2017-03-01,2017-03-01,,-0.566667,-0.214286,-0.0333333,-0.047619,-0.05,-0.133333,0.0,-0.131251,-0.0090671,-0.000926859,-0.00999396,-0.00709248,-0.019464,,0.250831,-0.00931677,0.00166113,0.0365449,0.0348837,0.0863787,0.0,0.250831,0.0348837,0.00166113,0.0365449,0.0348837,0.0863787,0.0,-0.566667,-0.0142857,-0.0333333,-0.047619,-0.05,-0.133333
a9836b94-4e9e-498f-aa65-0cd76d330641,,2017-03-08,2017-03-15,2017-03-08,2017-02-01,2017-03-08,2017-03-08,,-1.68189,0.0275387,-0.130339,-0.0559611,-0.095729,-0.284978,0.0,0.00555637,-0.0264659,-0.00745723,-0.0339231,-0.0119901,-0.0734025,,-0.0153061,-0.0459184,-0.0204082,-0.142857,-0.00510204,-0.0663265,0.0,0.163265,-0.0244898,0.00816326,-0.0163265,-0.0163265,-0.044898,0.0,-0.857143,-0.00246305,-0.0615764,-0.0640394,-0.0640394,-0.184729
ad5083ca-82c9-435b-9776-03837a5aed8c,,2017-02-22,2017-02-08,2017-03-01,2017-03-01,2017-03-01,2017-03-01,,-0.775595,-0.0250227,-0.0579151,-0.0984556,-0.0933076,-0.290219,0.0,-0.173477,-0.000146333,-0.00556064,-0.00570697,-0.0142674,-0.0264862,,0.442857,0.0714286,0.0408163,0.0857143,0.077551,0.2,0.0,1.09796,0.044898,0.0408163,0.0857143,0.077551,0.2,0.0,-0.593951,-0.0405405,-0.0579151,-0.0984556,-0.0933076,-0.290219
b24dc8d4-e952-4d4a-bbd8-0841ea7d87ee,,2017-03-29,2017-03-29,2017-02-22,2017-03-29,2017-03-29,2017-03-29,,-3.1,-0.1,0.0110039,-0.242857,-0.228571,-0.628571,0.0,-0.0022946,-0.0015544,-0.0102147,-0.0117691,-0.00310881,-0.0326425,,-0.295238,0.00952381,-0.0714286,-0.0285714,-0.0238095,-0.0833333,0.0,-0.253061,0.0244898,-0.0857143,-0.0612245,-0.0653061,-0.17551,0.0,-0.022748,-0.0145587,-0.00121322,-0.0157719,-0.0136488,-0.0451926
b8484a00-842a-4aa3-a008-07dc9580bb3a,,2017-03-15,2017-03-15,2017-03-08,2017-03-15,2017-03-15,2017-03-08,,-1.77462,-0.113576,-0.0699609,-0.191659,-0.16504,-0.575832,0.0,0.212879,0.00764469,-0.00384579,0.00426789,0.00487759,0.0186193,,1.23009,0.106557,0.0591837,0.17623,0.159836,0.244898,0.0,0.0579151,0.0482625,0.0521236,0.100386,0.0521236,0.185328,0.0,-1.03571,-0.0809524,-0.0595238,-0.145238,-0.130952,-0.397619
b9c40632-ca4b-4b45-8f61-99e146c671b6,,2017-04-12,2017-03-15,2017-03-01,2017-03-22,2017-04-19,2017-03-22,,3.64286,0.0612245,-0.0119048,0.0979592,0.428571,0.297959,0.0,0.220408,0.0112245,0.0147959,0.0260204,0.0316327,0.0755102,,0.137862,-0.00510204,0.0204082,0.0142857,0.0243328,0.0761905,0.0,1.50612,0.044898,0.0204082,0.0653061,0.118367,0.236735,0.0,0.442857,0.05,-0.0119048,0.0380952,0.0380952,0.097619
bb3effb0-4439-4ace-b82e-0c779734431a,,2017-03-01,2017-03-08,2017-01-25,2017-01-25,2017-04-12,2017-01-25,,-0.142857,-0.0442177,0.0021978,-0.00251177,-0.214286,-0.00722135,0.0,-0.0219388,-0.00663265,-0.00816326,-0.0147959,-0.0112245,-0.0290816,,0.077551,0.00510204,,,-0.00699301,,0.0,0.077551,0.0163265,-0.077551,-0.0612245,-0.0244898,-0.106122,0.0,-0.142857,-0.0285714,-0.0047619,-0.0333333,-0.0309524,-0.097619
bedd078a-f665-46f2-bdc5-ab3535a4708e,2017-02-15,2017-02-15,2017-02-15,2017-01-25,2017-02-15,2017-02-15,2017-02-15,-76.2082,-25.9551,-0.0653061,-0.0807241,-0.310204,-0.236735,-0.346939,0.977555,1.11465,0.0133455,-0.0585381,0.0115256,0.00636943,-0.0388232,0.0,1.88571,0.0,,0.0,0.0142857,0.0142857,59.4,22.7143,0.0571429,-0.0285714,0.242857,0.185714,0.214286,-2.28571,5.0,-0.0714286,0.0714286,-0.0714286,-0.0714286,-0.0714286
c180cf15-e68a-4136-9b03-c33220dc5738,,2017-03-08,2017-03-08,2017-02-22,2017-03-08,2017-03-08,2017-03-08,,-0.638554,-0.0688468,-0.0414649,-0.0929432,-0.0688468,-0.242685,0.0,-0.0210647,-0.00459594,-0.00651092,-0.0111069,-0.00574493,-0.0256607,,0.114286,-0.0571429,0.0,0.0285714,0.0285714,0.0571429,0.0,0.114286,-0.0571429,0.0857143,0.0285714,0.0285714,0.0571429,0.0,-0.638554,-0.0688468,-0.0240964,-0.0929432,-0.0688468,-0.242685
c24ab734-cf32-40d2-a0d5-25c363984387,,2017-04-19,2017-03-01,2017-03-15,2017-04-19,2017-03-15,2017-04-19,,-1.85714,0.0169861,-0.0106477,-0.285714,-0.00354925,-0.714286,0.0,0.0664056,0.00204325,0.0069811,0.00902435,0.0134514,0.028946,,0.0464286,,0.0357143,0.000892857,0.0357143,0.00892857,,,,,,,,0.0,0.0679443,0.0169861,-0.00609756,0.0108885,0.0021777,0.0213415
c7650b38-6fb9-4305-bf13-d4f8a40b4dbe,,2017-04-12,2017-02-01,2017-04-12,2017-02-01,2017-02-01,2017-02-01,,1.85714,-0.0527211,-0.285714,-0.0510204,-0.0204082,-0.132653,0.0,0.0269268,-0.0190261,0.0075782,-0.0114479,0.00499839,-0.0263625,,-0.0228035,0.285714,0.00620389,0.285714,0.0,0.571429,0.0,1.07143,0.357143,0.0714286,0.428571,0.214286,1.07143,0.0,0.133984,-0.00354925,0.0177462,0.014197,0.00443656,0.0195209
cb952516-48ff-4504-a9e6-080161ee7f8d,2017-04-19,2017-04-19,2017-04-19,2017-04-05,2017-04-12,2017-04-12,2017-04-12,21.0,21.5714,0.285714,-0.142857,0.357143,0.357143,0.642857,-0.0952739,1.0377,0.0129968,0.0259936,0.0424275,0.0404941,0.0794844,-1.55622,0.495853,-0.00253456,0.0181499,0.0519155,0.000358038,0.0673111,5.78571,-1.71429,0.142857,0.0,0.0714286,0.0,0.142857,-1.12381,1.02619,0.0214286,0.0238095,0.0428571,0.0452381,0.0904762
ccb6e01b-3dc3-4f63-b1dc-f028fce9463f,,2017-03-01,2017-04-12,2017-03-08,2017-03-08,2017-03-08,2017-03-08,,1.36905,0.642857,0.17517,0.27381,0.210884,0.744898,0.0,0.689796,0.0321429,0.0714286,0.103571,0.0729592,0.280102,,0.404082,0.0044955,0.0255102,0.0102041,-0.0408163,-0.0561224,0.0,0.404082,-0.0408163,0.102041,0.0612245,-0.0204082,0.0693878,0.0,1.36905,0.0761905,0.171429,0.247619,0.192857,0.690476
cd031b30-d6b4-479f-877f-7a8467135ea4,,2017-01-25,2017-02-15,,2017-02-15,2017-01-25,2017-04-12,,0.0151998,-0.00778308,,-0.00778308,0.00379994,-0.0714286,0.0,-0.0365714,-0.00164286,0.0,-0.00164286,-0.000714286,-0.004,,,0.0,,0.0,,-0.00857143,0.0,-0.259136,0.0116279,0.0,0.0116279,-0.0215947,0.00166113,0.0,0.00985222,0.0,0.0,0.0,0.00246305,0.00246305
cd20f78a-3ab7-4bb5-b400-e4af17ddef1f,,2017-03-01,2017-04-19,2017-03-01,2017-04-19,2017-03-01,2017-04-19,,-0.250322,-0.285714,-0.002574,-0.428571,-0.001287,-1.14286,0.0,-0.392437,0.00693277,-0.0138655,-0.00693277,-0.0109244,-0.0247899,,,0.00510204,,-0.0204082,,-0.0714286,,,,,,,,0.0,-0.250322,0.001287,-0.002574,-0.001287,-0.001287,-0.003861
d0a1ab1f-7d61-4071-a0e5-21d31dcbf7d4,,2017-03-01,2017-02-08,2017-04-19,2017-02-22,2017-03-01,2017-02-22,,0.52381,-0.003996,0.428571,0.0277056,0.0261905,0.0883117,0.0,0.0393068,-0.0307692,0.00397295,-0.0267963,-0.0112426,-0.0609467,,-0.762548,-0.214286,-0.011988,-0.155102,-0.0810811,-0.265306,0.0,-0.762548,-0.160232,-0.00579151,-0.166023,-0.0810811,-0.374517,0.0,0.52381,-0.00714286,0.0333333,0.0261905,0.0261905,0.0785714
d1ac58f8-4334-4249-ad23-1746fed138b1,,2017-04-19,2017-03-15,2017-03-08,2017-03-15,2017-03-08,2017-03-08,,5.42857,-0.0255102,-0.0391156,-0.0408163,-0.0493197,-0.170068,0.0,0.146429,0.00765306,0.0102041,0.0178571,0.00816326,0.0357143,,0.0416013,0.0255102,-0.00510204,0.0612245,0.0153061,0.0612245,0.0,0.502041,0.00408163,0.0122449,0.0163265,0.0285714,0.0734694,0.0,0.197619,-0.0190476,-0.00952381,-0.0285714,-0.0238095,-0.0904762
d1ff441d-a66a-45ab-b1b2-372042b29762,,2017-04-19,2017-03-08,2017-03-08,2017-03-08,2017-03-08,2017-03-08,,-3.71429,-0.0459184,-0.0833333,-0.129252,-0.108844,-0.319728,0.0,0.112755,0.019898,-0.0127551,0.00714286,-0.00561224,0.00357143,,0.143642,0.0,-0.0102041,-0.0102041,0.0,-0.0102041,0.0,0.0122449,0.0285714,-0.0571429,-0.0285714,-0.0285714,-0.0285714,0.0,-0.130952,-0.0047619,-0.0714286,-0.0761905,-0.0785714,-0.192857
d26777b1-b3b5-4e7c-adf8-5a8264e2ddc6,,2017-04-12,2017-04-12,2017-02-08,2017-04-12,2017-04-12,2017-04-12,,4.5,0.571429,-0.0102569,0.785714,0.5,2.0,0.0,0.324454,0.0407091,0.0199325,0.0606416,0.020167,0.138449,,-0.100348,-0.0202091,0.142857,-0.0174216,-0.0271777,-0.0682927,0.0,2.44209,0.0849421,0.23166,0.316602,0.291506,0.870656,0.0,0.783333,0.114286,0.0404762,0.154762,0.0833333,0.402381
d5aac654-91bb-4ae4-b8cf-5704421fd07e,,2017-04-12,2017-01-25,2017-03-08,2017-01-25,2017-03-08,2017-01-25,,-1.57143,-0.00125589,-0.0289116,0.00973312,-0.0493197,0.0163265,0.0,-0.0295918,-0.0107143,0.00816326,-0.00255102,-0.0107143,-0.00765306,,0.0524476,,0.0255102,,-0.0204082,,0.0,-0.506122,-0.044898,-0.0326531,-0.077551,-0.0408163,-0.142857,0.0,-0.340476,0.00238095,-0.0380952,-0.0357143,-0.0380952,-0.104762
d87719f9-6868-47bb-91d5-02acf9190f94,,2017-03-08,2017-02-08,2017-03-08,2017-03-01,2017-03-01,2017-03-01,,-1.10665,-0.0269151,-0.0988258,-0.114286,-0.0964286,-0.307143,0.0,-0.241714,-0.012987,-0.00678426,-0.0197713,-0.0127932,-0.0492343,,0.239796,-0.0714286,0.0612245,0.0530612,0.0326531,0.130612,0.0,0.106122,0.0285714,0.0244898,0.0530612,0.0326531,0.130612,0.0,-0.985714,-0.0142857,-0.1,-0.114286,-0.0964286,-0.307143
dba4459b-ef47-43cc-b721-364c0406f355,,2017-04-12,2017-04-12,2017-03-22,2017-04-12,2017-04-12,2017-04-12,,3.28571,0.571429,-0.114286,0.714286,0.714286,2.0,0.0,-0.285116,0.0347167,-0.00578611,0.0289306,0.0163607,0.0726257,,-0.572368,0.0150376,-0.0306122,0.0150376,-0.00798872,0.0225564,,,,,,,,0.0,-0.0782313,0.0289116,-0.0085034,0.0204082,0.0187075,0.0442177
dec05b58-d6d4-4478-b730-3fd040c4e52d,2017-04-05,2017-04-05,2017-04-05,2017-01-25,2017-02-22,2017-04-19,2017-03-15,-2.70408,17.8776,-0.102041,-0.001396,0.0428571,0.285714,0.047619,0.153138,1.13917,0.00575418,-0.00460334,0.0188737,0.0164186,0.0175694,0.288462,-2.8022,0.00824176,,0.0,0.00303951,0.0,0.0,-3.50605,0.0,-0.0145278,-0.0266344,0.0145278,0.0,-0.402458,6.59985,-0.0107527,0.0015361,0.0407066,0.0499232,0.0407066
dfa65587-95f0-4384-9d81-64a15e78bf16,,2017-04-19,2017-02-15,2017-04-19,2017-04-19,2017-02-22,2017-04-19,,-13.2857,0.0792208,-1.42857,-2.57143,0.0978355,-6.28571,0.0,0.581633,0.0270408,0.0673469,0.0943878,0.0571429,0.235714,,0.533752,-0.114286,0.0745683,0.0706436,-0.0285714,0.185243,0.0,0.0204082,-0.110204,0.0612245,-0.0489796,-0.0489796,-0.122449,0.0,0.861905,0.0833333,0.0785714,0.161905,0.0880952,0.407143
e1f9e6dd-d065-4590-b3da-8074a91dce27,,2017-01-25,2017-03-08,2017-02-08,2017-03-08,2017-01-25,2017-03-15,,-0.108911,-0.0647619,-0.00576305,-0.0742857,-0.0113154,-0.114035,0.0,-0.152458,-0.00880078,-0.00111121,-0.00991199,-0.0167126,-0.0365366,,,-0.0204082,0.0,-0.0204082,,0.0221088,0.0,-0.518367,-0.0204082,0.00408163,-0.0163265,-0.0612245,-0.0938776,0.0,-0.154762,-0.0375744,-0.00483631,-0.0424107,-0.015997,-0.100818
e261bc00-2e1f-4c98-8511-deedb1d77739,,2017-01-25,2017-01-25,2017-04-19,2017-04-19,2017-04-19,2017-04-19,,-0.137834,-0.0200942,0.571429,0.571429,0.285714,1.57143,0.0,-0.263265,-0.0132653,-0.00306122,-0.0163265,-0.0183673,-0.0372449,,,,-0.0125589,-0.0235479,-0.0306122,-0.0565149,0.0,0.955102,-0.044898,0.0285714,-0.0163265,0.0122449,0.0244898,0.0,0.05,-0.00952381,0.0166667,0.00714286,0.0142857,0.0047619
e322dd4d-798b-4536-af6f-fe3404a15fce,,2017-04-05,2017-02-08,2017-02-22,2017-04-05,2017-04-05,2017-04-05,,5.92857,0.00409395,0.0482897,0.142857,0.285714,0.571429,0.0,0.400484,-0.0014881,0.0273438,0.0258557,0.015625,0.0673363,,0.0289575,0.0,0.0285714,0.0225225,0.00900901,0.0540541,0.0,-0.277409,-0.0149502,0.00166113,-0.013289,-0.0332226,-0.0598007,0.0,1.14286,-0.012605,0.0420168,0.0294118,0.0336134,0.092437
e5847047-48e7-4aec-9ab2-e03a432ad442,,2017-03-29,2017-04-19,2017-03-29,2017-04-12,2017-04-12,2017-04-12,,1.78571,0.428571,0.114286,0.285714,0.142857,0.714286,0.0,0.904762,0.00644468,0.0361618,0.0426065,0.0451128,0.134264,,0.255102,-0.00816326,-0.0408163,-0.011583,0.0212355,-0.003861,,,,,,,,0.0,0.904762,0.00644468,0.0361618,0.0426065,0.0451128,0.134264
e6ad33da-3083-4dad-85a6-b06dd345975b,2017-04-19,2017-04-12,2017-04-19,2017-04-19,2017-03-29,2017-03-29,2017-03-29,105.714,76.0,0.142857,-0.285714,-0.228571,-0.185714,-0.214286,6.62959,20.1816,0.0163265,0.00510204,0.0377551,0.118878,0.140306,5.45526,18.8741,0.0125589,0.00549451,0.0692641,0.144589,0.168831,1.78776,7.6898,0.00408163,-0.0122449,0.0163265,0.0857143,0.077551,10.1952,6.94524,0.00714286,0.00238095,-0.0357143,0.0404762,0.05
e9d0cdd9-b664-453d-9bcf-c5f560519dc9,,2017-04-05,2017-04-19,2017-02-15,2017-04-12,2017-04-05,2017-04-12,,3.87143,0.571429,-0.0246753,0.428571,0.214286,1.07143,0.0,0.342451,0.024415,0.00368629,0.0281013,0.0140506,0.0807244,,-0.173529,0.00821479,-0.142857,-0.00156986,-0.00819328,-0.00999001,0.0,0.5,0.0428571,0.0714286,0.114286,0.114286,0.285714,0.0,0.538095,0.0380952,-0.0261905,0.0119048,0.0047619,0.0380952
eb8051d8-bc9c-47f9-b663-89583b35f37b,,2017-04-12,2017-04-19,2017-04-12,2017-04-12,2017-04-12,2017-04-12,,7.57143,0.571429,0.428571,0.785714,0.785714,2.21429,0.0,0.382586,-0.0106492,0.021722,0.0110728,0.0357597,0.0603255,,0.255025,-0.0348892,-0.0109476,-0.0450467,-0.00520459,-0.0687365,0.0,-0.0714286,-0.0714286,0.214286,0.142857,0.0,0.214286,0.0,0.356164,0.0283757,0.0831703,0.111546,0.100783,0.27544
ec54b478-47e0-444d-90a1-bfb45b416bee,,2017-04-12,2017-04-12,2017-04-12,2017-02-15,2017-04-12,2017-03-08,,2.35714,-0.142857,0.0714286,-0.0087108,0.0714286,-0.0348964,0.0,0.213168,-0.0116899,0.00911123,-0.00257865,-0.00584494,-0.00309438,,-0.044898,0.00816326,0.0,,-0.0122449,0.0,0.0,-0.5,0.0714286,0.0,0.0714286,0.0,0.0714286,0.0,0.375908,-0.0205811,0.0139225,-0.0066586,-0.000605327,-0.0139225
ee099a8f-8baf-408e-bf0f-3cf1a3d51790,,2017-03-15,2017-04-19,2017-02-15,2017-02-15,2017-03-15,2017-02-15,,-0.836406,0.285714,-0.00480192,-0.00240096,-0.0599078,-0.0294118,0.0,-0.0361488,0.00938478,0.00139034,0.0111227,-0.00417101,0.0102537,,0.108959,0.0270936,,,0.0411622,,0.0,0.571429,0.0714286,0.0714286,0.142857,0.142857,0.428571,0.0,-0.212675,0.00537057,-0.00214823,-0.00107411,-0.0247046,-0.018797
ee6eb822-8fdb-4821-b759-5dedcfadd2f2,,2017-04-12,2017-02-01,2017-04-12,2017-04-12,2017-04-12,2017-04-12,,4.42857,0.0178571,0.285714,0.428571,0.571429,1.42857,0.0,0.162527,0.0102656,0.00559943,0.015865,0.0194544,0.0520459,,0.191071,0.0,0.00833333,0.0166667,0.022619,0.0553571,0.0,0.129568,-0.0182724,0.0116279,-0.00664452,0.0116279,-0.0232558,0.0,0.204169,0.00613121,0.00735745,0.0134887,0.015328,0.0423053
f4f84e15-621a-4900-96f1-a8d058066570,,2017-04-19,2017-01-25,2017-04-19,2017-04-12,2017-04-12,2017-04-12,,2.85714,0.011303,0.285714,0.142857,0.214286,0.5,0.0,0.0352041,0.00408163,0.00357143,0.00765306,0.00612245,0.0219388,,-0.0572998,,-0.00313972,-0.001998,-0.0104895,-0.017982,0.0,-0.35102,-0.0693878,-1.03578e-18,-0.0693878,-0.00408163,-0.146939,0.0,0.138095,-0.0142857,0.0166667,0.00238095,0.0333333,0.0452381
f5de7b18-5058-41c2-b957-da926c7dcba9,,2017-04-05,2017-03-29,2017-02-22,2017-02-22,2017-03-08,2017-02-22,,5.65714,0.0857143,0.126892,0.146711,0.15281,0.423892,0.0,0.543679,0.012333,0.0226105,0.0349435,0.0405961,0.123844,,-0.510827,0.00110102,-0.257143,-0.257143,-0.126531,-0.557143,0.0,-1.97143,0.0122449,-0.232653,-0.220408,-0.126531,-0.502041,0.0,2.54098,0.0368852,0.131148,0.168033,0.15281,0.488876
f7ea4330-8f1c-4042-b5ea-13726c70efb1,,2017-04-19,2017-02-22,2017-04-19,2017-02-22,2017-04-19,2017-02-22,,12.7143,-0.0340336,0.714286,-0.035084,1.0,-0.0710084,0.0,0.390328,-0.000604473,0.0276446,0.0270401,0.0296595,0.0778964,,0.408092,0.0428571,0.0384615,0.0285714,0.0364635,0.128571,0.0,1.02449,0.077551,0.0612245,0.138776,0.0938776,0.387755,0.0,0.6287,-0.021879,0.0135135,-0.00836551,0.00707851,0.003861
f92b4712-d45b-4aa6-bacc-fee783b55290,,2017-04-05,2017-04-12,2017-04-05,2017-04-05,2017-04-05,2017-04-05,,-0.7,0.142857,-0.157143,-0.128571,-0.114286,-0.457143,0.0,0.174466,0.00526148,0.0113999,0.0166614,0.0147082,0.0432079,,0.19218,-0.001221,0.0267669,0.0150376,0.0148872,0.0428571,0.0,-0.185714,0.0285714,-0.0285714,0.0,0.0,-0.0285714,0.0,0.311493,0.0325815,-0.00322234,0.0293591,0.0204082,0.0637308
fd5999a3-6d93-4479-8a7a-91fb7f8f0270,,2017-03-15,2017-03-15,2017-04-19,2017-03-29,2017-04-19,2017-03-15,,2.34694,0.306122,-1.71429,0.557143,-3.85714,1.35204,0.0,0.893878,0.131633,0.0688775,0.19898,0.148469,0.557143,,0.239796,0.042517,0.0486656,0.118615,0.0816327,0.42517,0.0,0.395918,0.0816327,0.0367347,0.130612,0.102041,0.236735,0.0,1.85238,0.254762,0.0714286,0.32619,0.238095,0.902381
fe880b1f-df9c-476f-a7b3-ac363000fee7,,2017-04-12,2017-04-12,2017-04-12,2017-04-12,2017-04-12,2017-04-12,,6.42857,0.571429,0.428571,1.0,0.571429,2.42857,0.0,0.181392,0.0164153,0.0109013,0.0273165,0.0132463,0.0617949,,0.0320513,-0.003663,-0.00503663,-0.00869963,0.0018315,-0.021978,0.0,0.5,9.06304e-19,-0.0142857,-0.0142857,-9.06304e-19,-0.0428571,0.0,0.488812,0.0481928,0.0361446,0.0843373,0.0395869,0.19105
fe94368f-79f1-48b2-a40e-234130e09164,,2017-02-08,2017-01-25,2017-02-15,2017-02-08,2017-03-08,2017-02-08,,0.973953,0.0149826,0.0593692,0.0729313,0.14966,0.193749,0.0,0.649149,0.00658771,0.0262028,0.0367876,0.0588453,0.0971873,,-0.285714,,-0.0714286,-0.214286,0.0285714,-0.357143,0.0,-0.714286,-0.0285714,-0.0857143,-0.114286,-0.0571429,-0.285714,0.0,0.952381,0.0119048,0.0571429,0.0738095,0.107143,0.197619
