device_id,f_calor_absolute_change_avg_af_wkdy_half_sem_2017-01-18,f_calor_absolute_change_avg_af_wkdy_half_sem_2017-03-01,f_calor_absolute_change_max_af_wkdy_half_sem_2017-01-18,f_calor_absolute_change_max_af_wkdy_half_sem_2017-03-01,f_calor_absolute_change_min_af_wkdy_half_sem_2017-01-18,f_calor_absolute_change_min_af_wkdy_half_sem_2017-03-01,f_calor_absolute_change_sum_af_wkdy_half_sem_2017-01-18,f_calor_absolute_change_sum_af_wkdy_half_sem_2017-03-01,f_calor_max_calories_af_wkdy_half_sem_2017-01-18,f_calor_max_calories_af_wkdy_half_sem_2017-03-01,f_calor_mean_calories_af_wkdy_half_sem_2017-01-18,f_calor_mean_calories_af_wkdy_half_sem_2017-03-01,f_calor_min_calories_af_wkdy_half_sem_2017-01-18,f_calor_min_calories_af_wkdy_half_sem_2017-03-01,f_calor_negative_change_avg_af_wkdy_half_sem_2017-01-18,f_calor_negative_change_avg_af_wkdy_half_sem_2017-03-01,f_calor_negative_change_max_af_wkdy_half_sem_2017-01-18,f_calor_negative_change_max_af_wkdy_half_sem_2017-03-01,f_calor_negative_change_min_af_wkdy_half_sem_2017-01-18,f_calor_negative_change_min_af_wkdy_half_sem_2017-03-01,f_calor_negative_change_sum_af_wkdy_half_sem_2017-01-18,f_calor_negative_change_sum_af_wkdy_half_sem_2017-03-01,f_calor_num_no_change_af_wkdy_half_sem_2017-01-18,f_calor_num_no_change_af_wkdy_half_sem_2017-03-01,f_calor_num_samples_calories_af_wkdy_half_sem_2017-01-18,f_calor_num_samples_calories_af_wkdy_half_sem_2017-03-01,f_calor_positive_change_avg_af_wkdy_half_sem_2017-01-18,f_calor_positive_change_avg_af_wkdy_half_sem_2017-03-01,f_calor_positive_change_max_af_wkdy_half_sem_2017-01-18,f_calor_positive_change_max_af_wkdy_half_sem_2017-03-01,f_calor_positive_change_min_af_wkdy_half_sem_2017-01-18,f_calor_positive_change_min_af_wkdy_half_sem_2017-03-01,f_calor_positive_change_sum_af_wkdy_half_sem_2017-01-18,f_calor_positive_change_sum_af_wkdy_half_sem_2017-03-01,f_calor_sum_calories_af_wkdy_half_sem_2017-01-18,f_calor_sum_calories_af_wkdy_half_sem_2017-03-01
0d8b3688-0cba-4323-85fe-00f15785de38,9,6.0,59,29.0,1,1.0,12805,1214.0,80,42.0,14,8.0,6,6.0,-10,-7.0,-59,-29.0,-1,-1.0,-6395,-603.0,828,621.0,2190,803.0,9,6.0,50,29.0,1,1.0,6410,611.0,30351,6406.0
1391f4f7-4e70-4d67-92f1-db819e07c0c9,6,6.0,34,31.0,1,1.0,9456,2462.0,46,42.0,11,10.0,5,5.0,-7,-7.0,-34,-30.0,-1,-1.0,-4727,-1231.0,737,368.0,2117,730.0,6,7.0,34,31.0,1,1.0,4729,1231.0,24085,7216.0
165de20b-6080-4f1d-9354-ec66de50263c,9,13.0,38,43.0,1,1.0,3608,5268.0,47,56.0,9,9.0,6,6.0,-10,-13.0,-38,-43.0,-1,-2.0,-1804,-2634.0,1022,1056.0,1387,1460.0,10,13.0,38,41.0,1,1.0,1804,2634.0,11946,13484.0
174bcad9-6cf8-4f97-bcc5-38a6f4c42c1d,7,6.0,31,39.0,1,1.0,8731,8556.0,41,57.0,10,11.0,5,5.0,-8,-7.0,-29,-39.0,-1,-1.0,-4352,-4278.0,974,912.0,2190,2263.0,7,6.0,31,35.0,1,1.0,4379,4278.0,22073,23846.0
17c8318d-0d75-41a8-bfef-eb8c043db1fb,5,5.0,26,29.0,1,1.0,8260,14359.0,40,37.0,9,10.0,4,4.0,-6,-6.0,-26,-29.0,-1,-1.0,-4118,-7167.0,684,782.0,2117,3285.0,5,5.0,26,26.0,1,1.0,4142,7192.0,19571,33238.0
182bbb8f-cd30-4958-9342-ce0c91659810,7,7.0,37,42.0,1,1.0,9923,14357.0,50,53.0,12,12.0,6,6.0,-8,-8.0,-37,-42.0,-1,-1.0,-4963,-7161.0,788,1116.0,2044,2993.0,8,7.0,36,39.0,1,1.0,4960,7196.0,23615,34635.0
1973b69d-5fe7-4ff7-94bb-17d5d875499f,7,7.0,38,38.0,1,1.0,6268,8974.0,51,52.0,7,7.0,4,4.0,-8,-8.0,-29,-31.0,-1,-1.0,-3134,-4489.0,1371,2098.0,2190,3285.0,7,7.0,38,38.0,1,1.0,3134,4485.0,15257,23864.0
1a4011ac-0990-4560-8e1a-f9f07b54b7ec,7,6.0,42,26.0,1,1.0,6958,418.0,84,34.0,9,6.0,5,5.0,-8,-7.0,-42,-26.0,-1,-1.0,-3479,-209.0,1153,229.0,2044,292.0,7,6.0,40,22.0,1,1.0,3479,209.0,17923,1864.0
1be1f081-12eb-4151-bee7-04f39b0ada17,6,5.0,34,31.0,1,1.0,7460,10441.0,42,40.0,7,7.0,4,4.0,-7,-6.0,-34,-31.0,-1,-1.0,-3718,-5221.0,1025,1517.0,2190,3285.0,6,6.0,34,31.0,1,1.0,3742,5220.0,16208,24197.0
1c67b4f0-964c-4aef-83a1-89a0248f80b3,6,5.0,29,28.0,1,1.0,7831,8078.0,43,37.0,8,7.0,4,4.0,-7,-6.0,-28,-28.0,-1,-1.0,-3909,-4042.0,964,1534.0,2190,2993.0,6,5.0,29,28.0,1,1.0,3922,4036.0,16748,20882.0
1e3ed4f9-8c22-4b96-8a5c-c324582b9860,6,6.0,31,31.0,1,1.0,8179,10660.0,41,39.0,8,8.0,4,4.0,-7,-7.0,-31,-29.0,-1,-1.0,-4078,-5330.0,930,1434.0,2190,3139.0,6,6.0,28,31.0,1,1.0,4101,5330.0,17719,25451.0
209854a0-471d-42fa-856f-54b5d1948481,5,5.0,24,23.0,1,1.0,6877,9770.0,34,29.0,7,7.0,3,3.0,-6,-6.0,-24,-23.0,-1,-1.0,-3438,-4885.0,864,1345.0,2190,3285.0,5,5.0,20,22.0,1,1.0,3439,4885.0,14583,21792.0
24f7d497-1c92-4372-976d-81dd15d7b1fb,5,5.0,45,29.0,1,1.0,7269,3452.0,50,51.0,9,7.0,4,4.0,-6,-6.0,-25,-23.0,-1,-1.0,-3635,-1726.0,787,979.0,2044,1606.0,5,5.0,45,29.0,1,1.0,3634,1726.0,17689,11287.0
2cafda94-dca2-4401-ae3c-aa1bdf3ce6ca,8,7.0,36,36.0,1,1.0,10197,14794.0,48,47.0,10,10.0,5,5.0,-9,-8.0,-36,-36.0,-1,-1.0,-5095,-7397.0,1006,1393.0,2190,3285.0,8,7.0,34,30.0,1,1.0,5102,7397.0,21603,32078.0
2ef2702c-0c30-40d8-91c0-35ad8829465b,7,6.0,29,38.0,1,1.0,8259,11637.0,50,53.0,9,9.0,4,4.0,-7,-7.0,-29,-38.0,-1,-1.0,-4130,-5818.0,1044,1431.0,2190,3285.0,7,6.0,29,28.0,1,1.0,4129,5819.0,20441,30300.0
2fb7fbc1-068f-4a54-a8ee-a41c99d0f7da,6,5.0,34,38.0,1,1.0,6509,7983.0,52,53.0,7,8.0,4,4.0,-7,-6.0,-34,-31.0,-1,-1.0,-3253,-3989.0,1202,1036.0,2190,2409.0,6,5.0,31,38.0,1,1.0,3256,3994.0,15033,19118.0
318f91af-9b11-42f5-bdcd-7c9e35761da5,6,6.0,29,27.0,1,1.0,5961,8682.0,34,37.0,6,6.0,3,3.0,-7,-7.0,-26,-27.0,-1,-1.0,-2982,-4341.0,1289,1943.0,2190,3285.0,6,6.0,29,27.0,1,1.0,2979,4341.0,12472,18751.0
31c395a9-0128-46df-a90c-73160f0854b4,6,5.0,30,30.0,1,1.0,6506,6175.0,39,36.0,7,7.0,4,4.0,-7,-6.0,-30,-30.0,-1,-1.0,-3242,-3090.0,1093,1427.0,2117,2555.0,6,5.0,29,29.0,1,1.0,3264,3085.0,15147,16954.0
3258d5c4-4f3f-4722-966a-1bd619c9229f,9,8.0,35,34.0,1,1.0,8266,11002.0,44,51.0,8,8.0,5,5.0,-10,-9.0,-33,-33.0,-1,-1.0,-4132,-5503.0,1300,2019.0,2190,3285.0,9,8.0,35,34.0,1,1.0,4134,5499.0,18436,26400.0
32d4b802-7471-49bd-ad59-e663b0d98682,5,5.0,29,31.0,1,1.0,5202,7924.0,41,38.0,7,7.0,4,4.0,-6,-6.0,-29,-31.0,-1,-1.0,-2597,-3962.0,920,1518.0,1898,2920.0,5,5.0,29,28.0,1,1.0,2605,3962.0,13648,20300.0
34944ff7-1853-4fec-8d7d-73fc52bfa824,7,7.0,36,38.0,1,1.0,7806,1404.0,52,49.0,10,9.0,5,5.0,-8,-8.0,-36,-32.0,-1,-1.0,-3903,-702.0,1107,185.0,2117,365.0,7,8.0,30,38.0,1,1.0,3903,702.0,20123,3359.0
36492618-666c-4b87-9770-bcb67d2ca3de,5,5.0,30,27.0,1,1.0,6898,10008.0,35,37.0,7,7.0,4,4.0,-5,-6.0,-29,-27.0,-1,-1.0,-3450,-5006.0,845,1287.0,2190,3285.0,5,5.0,30,26.0,1,1.0,3448,5002.0,15510,24104.0
3698dbcf-6b9e-4b00-a15a-f2cb26e6639d,7,7.0,30,30.0,1,1.0,8064,11480.0,41,41.0,8,8.0,4,4.0,-8,-8.0,-28,-30.0,-1,-1.0,-4031,-5740.0,1155,1829.0,2190,3285.0,8,7.0,30,30.0,1,1.0,4033,5740.0,17472,26348.0
38861b6b-d04b-4f1f-8c17-c3c0a9f0a221,7,6.0,45,47.0,1,1.0,10852,12472.0,54,53.0,13,12.0,4,4.0,-8,-7.0,-45,-47.0,-1,-1.0,-5413,-6236.0,807,1152.0,2190,2993.0,7,6.0,39,37.0,1,1.0,5439,6236.0,28852,35164.0
38edf5e3-bd76-4ec3-b1fc-c134915743c7,6,5.0,25,24.0,1,1.0,4598,889.0,40,35.0,9,7.0,5,5.0,-7,-6.0,-25,-23.0,-1,-1.0,-2299,-442.0,702,274.0,1387,438.0,6,5.0,25,24.0,1,1.0,2299,447.0,12492,3138.0
395bf3f4-ec02-494f-8f45-30ab62eda8e7,7,7.0,50,50.0,1,1.0,10555,14367.0,71,63.0,12,10.0,5,5.0,-8,-8.0,-36,-50.0,-1,-1.0,-5270,-7178.0,791,1386.0,2190,3285.0,7,7.0,50,32.0,1,1.0,5285,7189.0,25885,34050.0
3b9d6c27-13cc-47d9-b00e-af2e0d3d0009,9,9.0,36,39.0,1,1.0,10161,15500.0,49,56.0,11,13.0,6,6.0,-9,-10.0,-36,-39.0,-1,-1.0,-5078,-7750.0,1103,1330.0,2190,2993.0,9,9.0,35,34.0,1,1.0,5083,7750.0,24248,37931.0
3bf51a01-8625-4c9b-a16c-24d10ccf8ae5,8,7.0,33,47.0,1,1.0,12060,8474.0,44,73.0,12,12.0,5,5.0,-9,-8.0,-33,-44.0,-1,-1.0,-6030,-4237.0,751,772.0,2190,1898.0,8,7.0,30,47.0,1,1.0,6030,4237.0,26782,22138.0
3dcb435d-656f-405f-81a1-49f7eae6c25e,6,6.0,37,36.0,1,1.0,8110,11301.0,41,44.0,8,8.0,4,4.0,-7,-7.0,-32,-36.0,-1,-1.0,-4055,-5654.0,993,1400.0,2190,3212.0,6,6.0,37,30.0,1,1.0,4055,5647.0,17197,26608.0
3fa86602-fc33-4c6f-9b3e-2cebd95104ee,8,8.0,43,47.0,1,1.0,10550,15382.0,67,69.0,10,11.0,5,5.0,-9,-9.0,-43,-44.0,-1,-1.0,-5275,-7691.0,950,1256.0,2190,3139.0,8,8.0,42,47.0,1,1.0,5275,7691.0,22364,34452.0
3ff2b7eb-622c-4ae9-9d89-7d2af5430d34,8,9.0,44,54.0,1,1.0,10171,14712.0,65,66.0,11,11.0,5,5.0,-9,-10.0,-44,-54.0,-1,-1.0,-5081,-7356.0,1051,1650.0,2190,3212.0,8,9.0,38,38.0,1,1.0,5090,7356.0,24516,34515.0
417abe6d-ef78-4f01-b632-844af6cb8fe7,5,5.0,31,29.0,1,1.0,7353,3364.0,36,41.0,8,6.0,4,4.0,-5,-6.0,-26,-29.0,-1,-1.0,-3671,-1690.0,747,1203.0,2190,1825.0,5,5.0,31,23.0,1,1.0,3682,1674.0,16805,11588.0
447a64e5-f754-4082-b0fa-0000f34eeda8,5,5.0,41,31.0,1,1.0,8185,10955.0,46,51.0,8,9.0,4,5.0,-6,-6.0,-41,-31.0,-1,-1.0,-4100,-5479.0,824,1148.0,2190,3285.0,6,5.0,35,28.0,1,1.0,4085,5476.0,18473,29985.0
44ff689e-4138-43cc-8f6d-2d8323125ee1,8,8.0,46,46.0,1,1.0,9285,7441.0,80,79.0,10,9.0,5,5.0,-9,-9.0,-44,-46.0,-1,-1.0,-4636,-3725.0,1092,980.0,2190,1898.0,8,8.0,46,43.0,1,1.0,4649,3716.0,21565,17879.0
4522b36a-6215-4768-b42a-55e79677d4ec,7,8.0,41,43.0,1,1.0,8332,12816.0,66,66.0,9,10.0,5,5.0,-8,-9.0,-41,-43.0,-1,-1.0,-4166,-6409.0,1123,1478.0,2190,3066.0,7,8.0,38,40.0,1,1.0,4166,6407.0,20620,29953.0
4d4c47ec-5a3c-4c9c-b32b-83da30500857,7,7.0,36,33.0,1,1.0,9432,10192.0,46,46.0,10,9.0,5,5.0,-8,-8.0,-36,-33.0,-1,-1.0,-4716,-5100.0,961,1601.0,2190,2993.0,7,7.0,33,33.0,1,1.0,4716,5092.0,21701,27442.0
4de0beb1-cfa8-4410-809d-d05322b1a0c8,5,5.0,30,34.0,1,1.0,8633,12620.0,40,41.0,10,9.0,5,5.0,-6,-6.0,-27,-34.0,-1,-1.0,-4315,-6310.0,702,1157.0,2190,3285.0,6,6.0,30,30.0,1,1.0,4318,6310.0,21217,30910.0
4e20289a-32ca-47be-a2c5-f0bd66ab9176,8,8.0,37,42.0,1,1.0,11267,6024.0,43,49.0,11,10.0,5,5.0,-9,-8.0,-37,-35.0,-1,-1.0,-5632,-3012.0,889,779.0,2190,1533.0,8,8.0,36,42.0,1,1.0,5635,3012.0,24212,15300.0
5542666d-5bf4-4a1b-b17c-e3580c4cd773,9,8.0,52,52.0,1,1.0,12193,15649.0,58,61.0,11,11.0,6,6.0,-10,-9.0,-52,-49.0,-1,-1.0,-6098,-7824.0,941,1369.0,2190,3285.0,9,8.0,44,52.0,1,1.0,6095,7825.0,24244,35798.0
5a5e44dd-1b8f-4c26-ba16-65593a8b59eb,9,9.0,47,49.0,1,1.0,12578,18384.0,76,58.0,11,11.0,5,5.0,-10,-10.0,-47,-49.0,-1,-1.0,-6289,-9192.0,899,1306.0,2190,3285.0,9,9.0,47,44.0,1,1.0,6289,9192.0,24143,34612.0
5a6686fd-5017-4c17-9dd4-4081d5448b7d,7,7.0,54,44.0,1,1.0,10885,15082.0,64,63.0,12,11.0,5,0.0,-8,-8.0,-54,-44.0,-1,-1.0,-5428,-7546.0,827,1285.0,2190,3285.0,8,7.0,37,38.0,1,1.0,5457,7536.0,25984,36339.0
5d02f383-d24c-4902-b728-1380c99105ee,9,8.0,39,47.0,1,1.0,12678,14468.0,56,54.0,12,11.0,6,6.0,-10,-9.0,-39,-44.0,-1,-1.0,-6334,-7234.0,910,1486.0,2190,3139.0,10,8.0,38,47.0,1,1.0,6344,7234.0,26611,34191.0
626aaffc-c174-48ca-a179-cab025b9bc98,6,5.0,30,31.0,1,1.0,8209,8718.0,62,38.0,9,8.0,5,5.0,-7,-6.0,-30,-31.0,-1,-1.0,-4108,-4359.0,861,1475.0,2190,3066.0,6,5.0,28,27.0,1,1.0,4101,4359.0,19614,24560.0
649357ac-11ab-4fc7-acd2-816a3844d81b,8,8.0,38,47.0,1,1.0,9368,13762.0,73,58.0,11,11.0,6,6.0,-9,-9.0,-36,-47.0,-1,-1.0,-4684,-6882.0,1131,1685.0,2190,3285.0,9,8.0,38,37.0,1,1.0,4684,6880.0,23143,35844.0
64e25c38-ee68-4e06-8990-09ba71759cf1,8,9.0,40,40.0,1,1.0,9544,11720.0,49,47.0,10,9.0,6,6.0,-9,-9.0,-40,-39.0,-1,-1.0,-4785,-5875.0,1060,1923.0,2190,3212.0,8,9.0,37,40.0,1,1.0,4759,5845.0,22541,30291.0
65e91776-4319-4b41-ae66-28db6473fc60,5,5.0,38,48.0,1,1.0,7173,9602.0,54,54.0,8,8.0,4,4.0,-6,-6.0,-35,-48.0,-1,-1.0,-3587,-4801.0,963,1508.0,2190,3212.0,5,5.0,38,32.0,1,1.0,3586,4801.0,17923,24548.0
65f4b507-b48a-416d-ac1f-2678e3f954d8,6,,27,,1,,3053,,34,,7,,4,,-7,,-27,,-1,,-1525,,698,,1168,,6,,24,,1,,1528,,8005,
66368d24-f87e-4db0-ab9d-c450c33becf3,7,7.0,35,32.0,1,1.0,7970,15188.0,49,43.0,12,11.0,5,5.0,-8,-8.0,-34,-31.0,-1,-1.0,-3983,-7594.0,580,1196.0,1679,3285.0,7,7.0,35,32.0,1,1.0,3987,7594.0,19429,36310.0
66b66952-ae50-46c4-8f79-1d2117ac6691,6,6.0,25,28.0,1,1.0,7038,7537.0,32,32.0,7,7.0,4,4.0,-7,-7.0,-25,-26.0,-1,-1.0,-3519,-3772.0,1182,1174.0,2190,2336.0,7,6.0,25,28.0,1,1.0,3519,3765.0,15407,17221.0
687020d4-2b4c-483d-9124-ca34195f8af7,6,6.0,36,39.0,1,1.0,9018,10685.0,45,62.0,10,9.0,5,5.0,-7,-7.0,-36,-39.0,-1,-1.0,-4509,-5340.0,874,1485.0,2190,3066.0,6,6.0,33,37.0,1,1.0,4509,5345.0,22438,28467.0
699a92cf-42b7-4a29-bd1b-edf43d06dd54,7,,29,,1,,4866,,36,,10,,5,,-7,,-29,,-1,,-2434,,565,,1241,,7,,28,,1,,2432,,11879,
69d0a3bb-40c8-42a8-838d-1bb275f28d1b,8,9.0,50,63.0,1,1.0,13302,21127.0,79,75.0,15,15.0,6,6.0,-9,-10.0,-50,-63.0,-1,-1.0,-6639,-10559.0,687,987.0,2190,3285.0,8,9.0,50,54.0,1,1.0,6663,10568.0,32280,49328.0
6afbdb8a-a1cf-4248-852a-24e56ee5766a,10,9.0,42,34.0,1,1.0,13035,2968.0,69,49.0,13,13.0,6,6.0,-11,-10.0,-42,-34.0,-1,-1.0,-6514,-1484.0,851,181.0,2117,511.0,10,8.0,41,33.0,1,1.0,6521,1484.0,28282,6588.0
6d73aa4b-1be4-426b-8d6b-c811bd2170fa,9,10.0,34,37.0,1,2.0,7292,700.0,43,45.0,8,7.0,5,5.0,-10,-10.0,-34,-29.0,-1,-2.0,-3646,-350.0,1267,222.0,2044,292.0,9,10.0,34,37.0,1,2.0,3646,350.0,17320,2007.0
6e12238e-2105-4bd3-be42-9b2ce1bf4946,7,7.0,36,42.0,1,1.0,9620,13220.0,46,49.0,10,9.0,5,5.0,-8,-8.0,-36,-42.0,-1,-1.0,-4811,-6610.0,962,1441.0,2190,3285.0,7,7.0,34,40.0,1,1.0,4809,6610.0,21340,30198.0
6fb4842f-8beb-4539-8b18-e21d89d3254e,7,5.0,32,28.0,1,1.0,8158,4298.0,41,39.0,8,6.0,4,4.0,-8,-6.0,-32,-28.0,-1,-1.0,-4079,-2149.0,1102,1141.0,2190,1898.0,7,5.0,32,25.0,1,1.0,4079,2149.0,17410,12150.0
7230d0d5-fab8-4462-9952-69aee6866b04,8,7.0,38,34.0,1,1.0,10053,8269.0,47,65.0,10,10.0,5,5.0,-8,-8.0,-38,-32.0,-1,-1.0,-5028,-4136.0,952,969.0,2190,2117.0,8,7.0,34,34.0,1,1.0,5025,4133.0,21823,20463.0
7398824b-a04d-4252-afe8-d0f392a5cd48,8,7.0,41,44.0,1,1.0,10565,14067.0,61,63.0,11,11.0,5,5.0,-9,-8.0,-37,-44.0,-1,-1.0,-5274,-7013.0,901,1502.0,2190,3285.0,8,7.0,41,44.0,1,1.0,5291,7054.0,23888,36241.0
74d297cd-82c9-47d5-ad51-e135504abb2f,6,,30,,1,,2352,,37,,7,,4,,-7,,-30,,-1,,-1176,,416,,803,,6,,30,,1,,1176,,6002,
785e9e8e-4ab0-4686-a95e-a25c6c2e2eee,8,7.0,42,44.0,1,1.0,11340,6692.0,57,56.0,11,9.0,6,6.0,-9,-8.0,-42,-44.0,-1,-1.0,-5670,-3346.0,924,1132.0,2190,1971.0,9,8.0,38,44.0,1,1.0,5670,3346.0,24058,18510.0
79d3d50d-b736-43ba-8979-8ba6ff3d1e48,5,5.0,37,36.0,1,1.0,8809,10542.0,49,68.0,10,9.0,5,5.0,-6,-6.0,-32,-33.0,-1,-1.0,-4403,-5273.0,687,1443.0,2190,3285.0,6,5.0,37,36.0,1,1.0,4406,5269.0,22310,29085.0
7afaa986-9de6-4efe-9057-3fa969b1760c,7,,37,,1,,4498,,50,,10,,6,,-9,,-36,,-1,,-2245,,894,,1460,,7,,37,,1,,2253,,14555,
811f021c-0ecf-4264-967d-f02f93c3d711,6,6.0,30,37.0,1,1.0,6902,9442.0,47,52.0,7,7.0,4,0.0,-7,-7.0,-27,-37.0,-1,-1.0,-3442,-4721.0,1067,1396.0,2190,2920.0,6,6.0,30,31.0,1,1.0,3460,4721.0,16405,21893.0
848429d2-612d-4b1c-82ff-e51dc40d3d07,5,5.0,29,31.0,1,1.0,7072,11125.0,42,42.0,8,8.0,4,4.0,-6,-6.0,-27,-31.0,-1,-1.0,-3522,-5550.0,985,1387.0,2190,3285.0,5,5.0,29,31.0,1,1.0,3550,5575.0,17007,25860.0
85396fa9-14d7-47d6-9688-1771e6c3fa75,9,7.0,64,35.0,1,1.0,10781,6936.0,73,50.0,11,8.0,5,5.0,-10,-8.0,-57,-35.0,-1,-1.0,-5392,-3471.0,1067,1789.0,2190,2701.0,9,7.0,64,33.0,1,1.0,5389,3465.0,25016,21072.0
86f36925-3207-486e-9f7f-c229efaae9c0,7,6.0,34,34.0,1,1.0,8082,11440.0,43,43.0,10,10.0,6,6.0,-8,-8.0,-34,-34.0,-1,-1.0,-4041,-5720.0,1113,1632.0,2190,3285.0,7,6.0,32,33.0,1,1.0,4041,5720.0,22358,33828.0
87046549-2960-43b1-b1b9-358aac851b8a,7,7.0,31,33.0,1,1.0,9151,13724.0,41,40.0,9,10.0,5,5.0,-8,-8.0,-28,-33.0,-1,-1.0,-4563,-6860.0,1030,1417.0,2190,3285.0,8,7.0,31,31.0,1,1.0,4588,6864.0,20003,31844.0
876f9317-9823-4ecb-9290-1b1cbd2ded3c,8,8.0,48,43.0,1,1.0,11610,16716.0,68,67.0,12,11.0,5,5.0,-9,-8.0,-44,-43.0,-1,-1.0,-5806,-8358.0,793,1195.0,2117,3285.0,9,8.0,48,40.0,1,1.0,5804,8358.0,25659,35543.0
88d687ca-537d-4592-8691-22feeb116122,6,6.0,32,33.0,1,1.0,9764,14401.0,49,57.0,9,9.0,4,4.0,-7,-7.0,-32,-33.0,-1,-1.0,-4868,-7215.0,698,973.0,2190,3285.0,6,6.0,29,31.0,1,1.0,4896,7186.0,19808,29827.0
8cf6b2a5-ca26-48cd-86e0-d3eca61d264b,4,,22,,1,,602,,31,,7,,4,,-5,,-17,,-1,,-300,,79,,219,,4,,22,,1,,302,,1505,
924b4f99-c800-4f5f-9159-8b47a317ef34,5,5.0,38,30.0,1,1.0,7342,9646.0,44,40.0,8,7.0,4,4.0,-6,-6.0,-38,-30.0,-1,-1.0,-3670,-4829.0,964,1495.0,2190,3285.0,6,5.0,33,28.0,1,1.0,3672,4817.0,16703,23868.0
94aac48e-7cbb-4a8c-b47a-052d28eefa5a,5,5.0,36,33.0,1,1.0,5928,6278.0,60,49.0,9,8.0,5,5.0,-6,-6.0,-36,-33.0,-1,-1.0,-2963,-3147.0,737,1459.0,1752,2628.0,5,5.0,34,24.0,1,1.0,2965,3131.0,15094,20639.0
94c99ead-4f3e-4c68-8f51-08af25c64920,6,5.0,31,25.0,1,1.0,5578,980.0,41,37.0,8,8.0,5,5.0,-7,-6.0,-26,-19.0,-1,-1.0,-2789,-490.0,930,259.0,1825,438.0,6,5.0,31,25.0,1,1.0,2789,490.0,14420,3350.0
95940265-9599-4ab5-bccf-b7d64e75f3f6,7,6.0,31,32.0,1,1.0,11072,11404.0,42,39.0,11,10.0,5,5.0,-8,-7.0,-31,-30.0,-1,-1.0,-5527,-5688.0,741,1293.0,2190,2993.0,8,6.0,29,32.0,1,1.0,5545,5716.0,23681,28836.0
9a035626-2e6c-4aa5-a6cb-e47403a39d00,7,7.0,36,37.0,1,1.0,10884,16720.0,47,48.0,12,13.0,6,6.0,-8,-8.0,-36,-36.0,-1,-1.0,-5440,-8361.0,792,956.0,2190,3285.0,7,7.0,36,37.0,1,1.0,5444,8359.0,26381,42043.0
9bb46002-6fdb-4287-bfd3-bc3e2e57785f,8,7.0,34,35.0,1,1.0,7600,9190.0,43,42.0,7,7.0,4,4.0,-9,-8.0,-34,-35.0,-1,-1.0,-3786,-4595.0,1295,1942.0,2190,3139.0,8,8.0,31,31.0,1,1.0,3814,4595.0,16069,21474.0
9d37754d-fb9f-46cf-a2a8-1232f3ad1071,6,6.0,23,27.0,1,1.0,308,3382.0,31,33.0,6,6.0,4,4.0,-7,-7.0,-21,-27.0,-1,-1.0,-154,-1691.0,99,833.0,146,1387.0,6,6.0,23,23.0,1,1.0,154,1691.0,923,8804.0
9e7d28be-3a29-406b-b3e3-d2fd2414605c,7,6.0,41,50.0,1,1.0,9553,12409.0,59,60.0,11,10.0,5,5.0,-8,-7.0,-40,-39.0,-1,-1.0,-4767,-6197.0,934,1318.0,2190,3285.0,7,6.0,41,50.0,1,1.0,4786,6212.0,23819,33237.0
a2952ecb-5ee6-454a-81a6-16e908ee2e18,5,5.0,33,33.0,1,1.0,9838,12537.0,53,47.0,11,10.0,4,4.0,-6,-6.0,-33,-27.0,-1,-1.0,-4915,-6268.0,547,1045.0,2190,3285.0,6,5.0,30,33.0,1,1.0,4923,6269.0,24573,33529.0
a36f9b21-57f2-46ef-bb33-a65e0c2b642c,6,6.0,26,26.0,1,1.0,8601,11713.0,46,44.0,8,8.0,4,4.0,-7,-6.0,-26,-25.0,-1,-1.0,-4298,-5854.0,918,1371.0,2190,3285.0,6,6.0,26,26.0,1,1.0,4303,5859.0,18371,26506.0
a3aa60d3-8acb-4e7b-b324-ac85c6c074d2,5,4.0,24,34.0,1,1.0,4326,9098.0,40,37.0,6,6.0,3,3.0,-6,-5.0,-24,-34.0,-1,-1.0,-2163,-4548.0,692,1354.0,1533,3285.0,5,4.0,23,32.0,1,1.0,2163,4550.0,9905,20246.0
a5ea9d2e-766c-4a6b-87b2-8bc4fe445a63,5,5.0,30,31.0,1,1.0,6114,5172.0,39,41.0,8,7.0,4,4.0,-6,-6.0,-30,-27.0,-1,-1.0,-3057,-2586.0,923,852.0,1971,1752.0,5,5.0,28,31.0,1,1.0,3057,2586.0,14923,12873.0
a8ba94f4-d3e6-452c-adf8-4d1e0984a6d1,7,6.0,34,32.0,1,1.0,9613,13360.0,47,46.0,10,10.0,5,5.0,-8,-7.0,-31,-30.0,-1,-1.0,-4803,-6681.0,893,1363.0,2190,3285.0,7,6.0,34,32.0,1,1.0,4810,6679.0,22079,32973.0
a9836b94-4e9e-498f-aa65-0cd76d330641,7,6.0,31,27.0,1,1.0,8291,11447.0,40,42.0,8,8.0,4,4.0,-8,-7.0,-31,-26.0,-1,-1.0,-4138,-5720.0,1110,1561.0,2190,3285.0,7,6.0,30,27.0,1,1.0,4153,5727.0,17006,25536.0
ad5083ca-82c9-435b-9776-03837a5aed8c,7,6.0,37,37.0,1,1.0,8662,11304.0,49,46.0,11,10.0,6,6.0,-8,-7.0,-37,-37.0,-1,-1.0,-4331,-5652.0,982,1432.0,2190,3285.0,7,6.0,35,33.0,1,1.0,4331,5652.0,24096,32681.0
ad6f1e0f-32ef-4b74-9c04-876609ba1e55,6,6.0,27,29.0,1,1.0,2750,891.0,37,36.0,6,6.0,4,4.0,-7,-7.0,-27,-29.0,-1,-1.0,-1375,-449.0,826,218.0,1241,365.0,6,5.0,27,25.0,1,1.0,1375,442.0,7527,2175.0
afeb5dcc-28b1-4088-9942-3e24bc05508d,8,8.0,49,51.0,1,1.0,10218,13580.0,78,79.0,10,10.0,5,5.0,-9,-9.0,-38,-48.0,-1,-1.0,-5123,-6801.0,985,1641.0,2190,3285.0,8,8.0,49,51.0,1,1.0,5095,6779.0,22378,32501.0
b1ea5753-4aac-464c-996b-52c418e5782c,8,8.0,61,52.0,1,1.0,11630,16819.0,74,80.0,12,12.0,6,6.0,-8,-8.0,-61,-52.0,-1,-1.0,-5815,-8420.0,742,1182.0,2190,3285.0,8,8.0,37,48.0,1,1.0,5815,8399.0,25647,38528.0
b24dc8d4-e952-4d4a-bbd8-0841ea7d87ee,7,6.0,31,26.0,1,1.0,6672,2654.0,40,41.0,8,6.0,4,4.0,-7,-7.0,-29,-26.0,-1,-1.0,-3336,-1327.0,957,850.0,1898,1241.0,7,7.0,31,25.0,1,1.0,3336,1327.0,14373,7973.0
b36df7c0-cf05-42de-9ed6-704c2f02e3da,8,7.0,41,33.0,1,1.0,6628,1525.0,51,44.0,9,8.0,5,5.0,-10,-8.0,-41,-33.0,-1,-1.0,-3314,-745.0,931,388.0,1679,584.0,8,7.0,33,29.0,1,1.0,3314,780.0,15152,4513.0
b771f307-fb8e-49e2-a533-2b4145073203,8,7.0,43,44.0,1,1.0,11425,13834.0,58,59.0,13,11.0,6,6.0,-9,-8.0,-42,-41.0,-1,-1.0,-5716,-6922.0,797,1425.0,2190,3285.0,8,7.0,43,44.0,1,1.0,5709,6912.0,27710,37110.0
b8484a00-842a-4aa3-a008-07dc9580bb3a,4,4.0,36,26.0,1,1.0,5205,8032.0,52,49.0,7,7.0,4,4.0,-5,-5.0,-36,-26.0,-1,-1.0,-2602,-4016.0,1113,1491.0,2190,3285.0,4,4.0,25,25.0,1,1.0,2603,4016.0,15696,22634.0
b9c40632-ca4b-4b45-8f61-99e146c671b6,6,5.0,40,32.0,1,1.0,7881,10580.0,51,47.0,8,8.0,4,4.0,-7,-6.0,-31,-31.0,-1,-1.0,-3928,-5290.0,955,1459.0,2190,3285.0,6,5.0,40,32.0,1,1.0,3953,5290.0,18370,26591.0
bb3effb0-4439-4ace-b82e-0c779734431a,9,9.0,41,40.0,1,1.0,13629,15414.0,59,54.0,13,12.0,6,6.0,-10,-9.0,-41,-39.0,-1,-1.0,-6801,-7692.0,781,1281.0,2190,2993.0,9,9.0,37,40.0,1,1.0,6828,7722.0,28055,34479.0
bedd078a-f665-46f2-bdc5-ab3535a4708e,7,7.0,34,33.0,1,1.0,9738,14018.0,41,59.0,12,11.0,5,5.0,-8,-8.0,-34,-32.0,-1,-1.0,-4864,-7009.0,867,1376.0,2190,3285.0,7,7.0,33,33.0,1,1.0,4874,7009.0,25298,35226.0
c180cf15-e68a-4136-9b03-c33220dc5738,6,5.0,49,38.0,1,1.0,6581,9310.0,55,54.0,9,8.0,0,4.0,-6,-6.0,-49,-38.0,-1,-1.0,-3280,-4655.0,1120,1675.0,2190,3285.0,6,5.0,31,38.0,1,1.0,3301,4655.0,19306,26245.0
c24ab734-cf32-40d2-a0d5-25c363984387,7,6.0,34,34.0,1,1.0,5848,4794.0,58,41.0,8,8.0,5,5.0,-8,-7.0,-32,-34.0,-1,-1.0,-2936,-2397.0,989,1207.0,1825,1971.0,7,6.0,34,29.0,1,1.0,2912,2397.0,15326,15658.0
c3371eb6-e365-456e-b90a-b3f7fdcdfc26,6,,25,,1,,1428,,36,,6,,4,,-7,,-25,,-1,,-714,,584,,803,,6,,24,,1,,714,,4686,
c7650b38-6fb9-4305-bf13-d4f8a40b4dbe,8,,34,,1,,6422,,43,,9,,5,,-9,,-34,,-1,,-3219,,804,,1533,,8,,31,,1,,3203,,14380,
cb952516-48ff-4504-a9e6-080161ee7f8d,8,7.0,38,37.0,1,1.0,9024,7734.0,52,49.0,11,11.0,6,6.0,-9,-8.0,-38,-36.0,-1,-1.0,-4512,-3867.0,1014,833.0,2117,1898.0,8,7.0,34,37.0,1,1.0,4512,3867.0,23119,20596.0
ccb6e01b-3dc3-4f63-b1dc-f028fce9463f,6,4.0,44,30.0,1,1.0,7344,2322.0,54,53.0,8,6.0,4,4.0,-7,-5.0,-29,-30.0,-1,-1.0,-3672,-1158.0,881,917.0,1971,1460.0,7,4.0,44,23.0,1,1.0,3672,1164.0,15559,8925.0
cd031b30-d6b4-479f-877f-7a8467135ea4,5,5.0,33,27.0,1,1.0,7483,10549.0,39,38.0,8,7.0,4,4.0,-6,-6.0,-33,-26.0,-1,-1.0,-3740,-5273.0,923,1333.0,2190,3285.0,6,5.0,28,27.0,1,1.0,3743,5276.0,16516,23416.0
cd20f78a-3ab7-4bb5-b400-e4af17ddef1f,6,6.0,34,33.0,1,1.0,8741,5205.0,48,44.0,11,10.0,5,5.0,-7,-7.0,-34,-32.0,-1,-1.0,-4357,-2608.0,665,588.0,1971,1387.0,6,6.0,32,33.0,1,1.0,4384,2597.0,20902,14391.0
cf5aaf0c-8b7b-4781-9109-cd32e2b8588e,6,6.0,26,27.0,1,1.0,7117,10571.0,33,33.0,7,7.0,4,4.0,-6,-7.0,-26,-27.0,-1,-1.0,-3549,-5277.0,1024,1596.0,2190,3285.0,6,6.0,25,26.0,1,1.0,3568,5294.0,16115,24121.0
d0a1ab1f-7d61-4071-a0e5-21d31dcbf7d4,6,4.0,31,26.0,1,1.0,6876,1094.0,39,36.0,8,6.0,5,5.0,-7,-5.0,-30,-22.0,-1,-1.0,-3438,-547.0,1080,801.0,2190,1022.0,6,5.0,31,26.0,1,1.0,3438,547.0,17793,6097.0
d1ac58f8-4334-4249-ad23-1746fed138b1,7,6.0,31,33.0,1,1.0,9614,14412.0,40,44.0,9,10.0,4,4.0,-8,-7.0,-31,-33.0,-1,-1.0,-4806,-7200.0,826,1018.0,2190,3285.0,6,6.0,29,31.0,1,1.0,4808,7212.0,19803,31227.0
d1ff441d-a66a-45ab-b1b2-372042b29762,6,6.0,31,31.0,1,1.0,7813,11149.0,41,40.0,7,8.0,4,4.0,-7,-7.0,-31,-31.0,-1,-1.0,-3892,-5577.0,1044,1461.0,2190,3212.0,6,6.0,31,30.0,1,1.0,3921,5572.0,16090,25288.0
d5aac654-91bb-4ae4-b8cf-5704421fd07e,8,8.0,41,42.0,1,1.0,7008,9159.0,56,54.0,12,12.0,7,7.0,-9,-9.0,-40,-42.0,-1,-1.0,-3504,-4561.0,776,933.0,1606,2044.0,8,7.0,41,39.0,1,1.0,3504,4598.0,18608,24440.0
d87719f9-6868-47bb-91d5-02acf9190f94,6,6.0,33,40.0,1,1.0,9155,14179.0,43,56.0,9,10.0,4,4.0,-7,-7.0,-33,-40.0,-1,-1.0,-4573,-7088.0,819,1032.0,2190,3285.0,6,6.0,31,37.0,1,1.0,4582,7091.0,19834,33688.0
db4bc043-4f67-418c-bd8a-e15543032389,7,7.0,39,42.0,1,1.0,9834,12122.0,54,48.0,10,11.0,5,5.0,-8,-7.0,-39,-35.0,-1,-1.0,-4917,-6052.0,821,867.0,2190,2555.0,7,7.0,37,42.0,1,1.0,4917,6070.0,22150,28217.0
dba4459b-ef47-43cc-b721-364c0406f355,6,6.0,35,32.0,1,1.0,8447,12564.0,41,43.0,8,8.0,4,4.0,-7,-7.0,-34,-32.0,-1,-1.0,-4225,-6282.0,980,1390.0,2190,3285.0,7,6.0,35,29.0,1,1.0,4222,6282.0,16918,27106.0
dec05b58-d6d4-4478-b730-3fd040c4e52d,5,6.0,38,31.0,1,1.0,7251,3385.0,44,40.0,9,8.0,5,5.0,-7,-7.0,-38,-29.0,-1,-1.0,-3623,-1693.0,826,576.0,2044,1095.0,5,6.0,33,31.0,1,1.0,3628,1692.0,17464,8939.0
dfa65587-95f0-4384-9d81-64a15e78bf16,6,5.0,30,32.0,1,1.0,8508,8644.0,38,39.0,8,8.0,4,4.0,-6,-6.0,-30,-32.0,-1,-1.0,-4254,-4321.0,725,1073.0,2117,2628.0,6,5.0,29,30.0,1,1.0,4254,4323.0,17596,19880.0
e1f9e6dd-d065-4590-b3da-8074a91dce27,6,6.0,31,33.0,1,1.0,6558,10516.0,44,40.0,7,7.0,4,4.0,-7,-7.0,-28,-32.0,-1,-1.0,-3279,-5257.0,1137,1717.0,2190,3285.0,6,6.0,31,33.0,1,1.0,3279,5259.0,15265,24351.0
e261bc00-2e1f-4c98-8511-deedb1d77739,8,7.0,34,33.0,1,1.0,9794,12608.0,45,41.0,9,8.0,4,4.0,-9,-8.0,-34,-33.0,-1,-1.0,-4898,-6291.0,999,1526.0,2190,3285.0,8,7.0,33,31.0,1,1.0,4896,6317.0,18881,26602.0
e288098a-788a-4d3b-8fa2-0cf863eebf75,7,6.0,33,32.0,1,1.0,7880,6506.0,44,42.0,9,7.0,5,5.0,-8,-7.0,-31,-31.0,-1,-1.0,-3923,-3253.0,1200,1790.0,2190,2774.0,7,6.0,33,32.0,1,1.0,3957,3253.0,19346,20732.0
e322dd4d-798b-4536-af6f-fe3404a15fce,7,6.0,50,39.0,1,1.0,9018,13006.0,59,55.0,9,9.0,4,4.0,-8,-7.0,-45,-39.0,-1,-1.0,-4495,-6492.0,999,1318.0,2190,3285.0,7,6.0,50,31.0,1,1.0,4523,6514.0,19812,29612.0
e5847047-48e7-4aec-9ab2-e03a432ad442,7,8.0,43,40.0,1,1.0,11488,17602.0,60,54.0,11,12.0,5,5.0,-8,-9.0,-43,-40.0,-1,-1.0,-5744,-8801.0,750,1020.0,2190,3139.0,8,8.0,37,38.0,1,1.0,5744,8801.0,23392,37216.0
e6ad33da-3083-4dad-85a6-b06dd345975b,4,4.0,25,26.0,1,1.0,5284,7028.0,32,33.0,7,6.0,4,4.0,-5,-5.0,-24,-26.0,-1,-1.0,-2642,-3514.0,948,1317.0,2044,2847.0,4,4.0,25,26.0,1,1.0,2642,3514.0,13517,18167.0
e9d0cdd9-b664-453d-9bcf-c5f560519dc9,8,6.0,40,38.0,1,1.0,9564,13362.0,49,49.0,9,9.0,5,5.0,-9,-7.0,-40,-38.0,-1,-1.0,-4782,-6681.0,1022,1345.0,2190,3285.0,8,7.0,38,37.0,1,1.0,4782,6681.0,20527,30337.0
eb8051d8-bc9c-47f9-b663-89583b35f37b,6,6.0,46,37.0,1,1.0,9153,9594.0,59,50.0,10,10.0,5,5.0,-7,-7.0,-41,-36.0,-1,-1.0,-4578,-4794.0,800,1079.0,2190,2555.0,6,6.0,46,37.0,1,1.0,4575,4800.0,21633,25056.0
ec54b478-47e0-444d-90a1-bfb45b416bee,5,5.0,33,31.0,1,1.0,6783,5807.0,43,41.0,8,7.0,4,4.0,-6,-6.0,-33,-29.0,-1,-1.0,-3390,-2906.0,717,824.0,1971,1898.0,5,5.0,31,31.0,1,1.0,3393,2901.0,16001,14168.0
ee099a8f-8baf-408e-bf0f-3cf1a3d51790,7,6.0,49,49.0,1,1.0,10414,11411.0,60,57.0,11,9.0,4,4.0,-8,-7.0,-49,-49.0,-1,-1.0,-5207,-5701.0,787,1239.0,2117,2920.0,8,6.0,42,40.0,1,1.0,5207,5710.0,22820,26636.0
ee6eb822-8fdb-4821-b759-5dedcfadd2f2,9,,40,,1,,3582,,46,,9,,6,,-10,,-40,,-1,,-1791,,921,,1314,,9,,33,,1,,1791,,11945,
f2eb226f-61b4-44b9-8e1d-4f6de1438a29,7,7.0,34,38.0,1,1.0,9342,12960.0,45,50.0,11,11.0,6,6.0,-7,-8.0,-34,-38.0,-1,-1.0,-4673,-6468.0,863,1450.0,2190,3285.0,7,7.0,32,37.0,1,1.0,4669,6492.0,24742,35277.0
f4f84e15-621a-4900-96f1-a8d058066570,7,6.0,34,36.0,1,1.0,8360,12370.0,43,43.0,8,8.0,4,4.0,-8,-8.0,-34,-36.0,-1,-1.0,-4180,-6181.0,1029,1500.0,2190,3285.0,7,6.0,33,30.0,1,1.0,4180,6189.0,18039,27412.0
f5de7b18-5058-41c2-b957-da926c7dcba9,6,6.0,32,30.0,1,1.0,8742,14118.0,38,41.0,9,9.0,4,4.0,-7,-7.0,-32,-30.0,-1,-1.0,-4371,-7055.0,905,1253.0,2190,3285.0,7,7.0,29,29.0,1,1.0,4371,7063.0,18806,30616.0
f7ea4330-8f1c-4042-b5ea-13726c70efb1,6,6.0,54,28.0,1,1.0,8784,11290.0,58,40.0,9,8.0,4,4.0,-7,-7.0,-54,-28.0,-1,-1.0,-4390,-5645.0,891,1442.0,2190,3285.0,7,6.0,35,28.0,1,1.0,4394,5645.0,18965,26763.0
f92b4712-d45b-4aa6-bacc-fee783b55290,7,7.0,38,44.0,1,1.0,9838,13861.0,62,61.0,10,11.0,5,5.0,-8,-8.0,-36,-44.0,-1,-1.0,-4919,-6909.0,861,1320.0,2190,3212.0,7,7.0,38,41.0,1,1.0,4919,6952.0,21996,35207.0
fc56152c-3430-4952-88cc-f52240fa3092,7,6.0,33,36.0,1,1.0,7639,10812.0,41,54.0,7,7.0,4,4.0,-8,-7.0,-33,-36.0,-1,-1.0,-3818,-5406.0,1147,1600.0,2190,3285.0,7,6.0,32,29.0,1,1.0,3821,5406.0,16302,24225.0
fd5999a3-6d93-4479-8a7a-91fb7f8f0270,8,7.0,56,35.0,1,1.0,10718,9958.0,67,50.0,11,10.0,5,5.0,-9,-8.0,-38,-35.0,-1,-1.0,-5359,-4979.0,961,1022.0,2190,2336.0,8,7.0,56,33.0,1,1.0,5359,4979.0,23892,23860.0
fe880b1f-df9c-476f-a7b3-ac363000fee7,5,5.0,29,31.0,1,1.0,3422,2129.0,37,36.0,7,7.0,4,4.0,-6,-6.0,-29,-31.0,-1,-1.0,-1710,-1067.0,511,489.0,1095,876.0,5,5.0,28,27.0,1,1.0,1712,1062.0,7849,5731.0
fe94368f-79f1-48b2-a40e-234130e09164,8,7.0,40,41.0,1,1.0,10366,13346.0,55,47.0,11,10.0,6,6.0,-9,-8.0,-35,-38.0,-1,-1.0,-5183,-6676.0,954,1467.0,2190,3285.0,8,7.0,40,41.0,1,1.0,5183,6670.0,23343,33164.0
