device_id,f_call_duration_incoming_calls_seconds_ev_sem_2017-01-18,f_call_duration_outgoing_calls_seconds_ev_sem_2017-01-18,f_call_most_frequent_correspondent_phone_ev_sem_2017-01-18,f_call_number_incoming_calls_ev_sem_2017-01-18,f_call_number_missed_calls_ev_sem_2017-01-18,f_call_number_of_correspondents_phone_ev_sem_2017-01-18,f_call_number_outgoing_calls_ev_sem_2017-01-18,f_call_number_rows_calls_ev_sem_2017-01-18,f_call_number_incoming_calls_family_ev_sem_2017-01-18,f_call_number_outgoing_calls_family_ev_sem_2017-01-18,f_call_number_missed_calls_family_ev_sem_2017-01-18,f_call_duration_incoming_calls_seconds_family_ev_sem_2017-01-18,f_call_duration_outgoing_calls_seconds_family_ev_sem_2017-01-18,f_call_most_frequent_correspondent_phone_family_ev_sem_2017-01-18,f_call_number_of_correspondents_phone_family_ev_sem_2017-01-18,f_call_number_incoming_calls_friends_on_campus_ev_sem_2017-01-18,f_call_number_outgoing_calls_friends_on_campus_ev_sem_2017-01-18,f_call_number_missed_calls_friends_on_campus_ev_sem_2017-01-18,f_call_duration_incoming_calls_seconds_friends_on_campus_ev_sem_2017-01-18,f_call_duration_outgoing_calls_seconds_friends_on_campus_ev_sem_2017-01-18,f_call_most_frequent_correspondent_phone_friends_on_campus_ev_sem_2017-01-18,f_call_number_of_correspondents_phone_friends_on_campus_ev_sem_2017-01-18,f_call_number_incoming_calls_friends_outside_of_campus_ev_sem_2017-01-18,f_call_number_outgoing_calls_friends_outside_of_campus_ev_sem_2017-01-18,f_call_number_missed_calls_friends_outside_of_campus_ev_sem_2017-01-18,f_call_duration_incoming_calls_seconds_friends_outside_of_campus_ev_sem_2017-01-18,f_call_duration_outgoing_calls_seconds_friends_outside_of_campus_ev_sem_2017-01-18,f_call_most_frequent_correspondent_phone_friends_outside_of_campus_ev_sem_2017-01-18,f_call_number_of_correspondents_phone_friends_outside_of_campus_ev_sem_2017-01-18
0d25f3b7-d43e-4ccf-a8ed-e1feb0aa40aa,0,484,022E83DC-F7D4-4418-A3D4-CCB739360EF7,16,29,46,38,118,,,,,,,,,,,,,,,,,,,,,
0d8b3688-0cba-4323-85fe-00f15785de38,0,406,0D3FFD1C-4F9D-4D20-B362-2EF9136F2BCA,32,23,56,42,132,,,,,,,,,,,,,,,,,,,,,
1391f4f7-4e70-4d67-92f1-db819e07c0c9,0,258,4f48bf928ecc70d8dbd04d30ba6e999b91189e0a,0,1,4,3,4,,,,,,,,,,,,,,,,,,,,,
15d016f2-a52e-4f2d-85ac-f32c2c4526db,0,54,0BF197C2-CFB9-4B01-8D84-0216953EBAED,3,12,15,9,35,,,,,,,,,,,,,,,,,,,,,
165de20b-6080-4f1d-9354-ec66de50263c,0,247,02D6313B-38EA-46B5-9208-0723899D0CE7,12,17,30,18,70,,,,,,,,,,,,,,,,,,,,,
174bcad9-6cf8-4f97-bcc5-38a6f4c42c1d,0,1122,070A71F7-4CE5-462D-86E7-789E9E8A22E6,107,85,192,110,467,,,,,,,,,,,,,,,,,,,,,
17c8318d-0d75-41a8-bfef-eb8c043db1fb,0,1499,0599491C-2652-4A65-9527-8C2F9D177761,54,95,149,114,388,,,,,,,,,,,,,,,,,,,,,
182bbb8f-cd30-4958-9342-ce0c91659810,2076,19803,61d1c3b52410d4e25be7b98753e1d1482eac6b2d,8,7,10,22,37,,,,,,,,,,,,,,,,,,,,,
1973b69d-5fe7-4ff7-94bb-17d5d875499f,0,210,01F0C09F-A993-41BC-87C9-02A3639BE2D1,44,9,53,38,137,,,,,,,,,,,,,,,,,,,,,
1a4011ac-0990-4560-8e1a-f9f07b54b7ec,0,251,0D1A9A7D-C046-487C-9C43-EAF29DD10EDF,23,14,38,22,91,,,,,,,,,,,,,,,,,,,,,
1be1f081-12eb-4151-bee7-04f39b0ada17,11310,2762,cd9c27889c9e8f43ca7ef28243fdb8849a90b231,38,18,21,46,102,,,,,,,,,,,,,,,,,,,,,
1bf4883c-0056-4d72-bd4a-de1f3aec0387,0,62,27255DE1-6C0C-41A6-AD2E-C77B1984845D,6,4,10,7,27,,,,,,,,,,,,,,,,,,,,,
1c67b4f0-964c-4aef-83a1-89a0248f80b3,0,187,036B8A0E-D041-4582-A7C3-19E3A5E2AC8E,37,20,57,37,148,,,,,,,,,,,,,,,,,,,,,
1e3ed4f9-8c22-4b96-8a5c-c324582b9860,0,784,0634F9CE-7314-460D-BC32-90A6F0310546,19,50,69,60,194,,,,,,,,,,,,,,,,,,,,,
1e6cee1a-1bce-45b5-9cef-eab3084a5187,0,294,088BE842-0385-4D0F-A057-C13572EB73EF,25,29,55,39,144,,,,,,,,,,,,,,,,,,,,,
1e6e0199-be64-4525-9b86-ae0038022368,0,59,1F59EA02-6FD1-4687-AE74-63274D73BCAD,8,2,10,7,25,,,,,,,,,,,,,,,,,,,,,
209854a0-471d-42fa-856f-54b5d1948481,12875,31279,1f4f69b5e278b20d6d421525cb8dce8f9e646f00,26,10,22,86,122,,,,,,,,,,,,,,,,,,,,,
24f7d497-1c92-4372-976d-81dd15d7b1fb,0,593,000C3B08-8979-4889-AF3D-7F9E97590B5D,41,43,84,65,225,,,,,,,,,,,,,,,,,,,,,
2cafda94-dca2-4401-ae3c-aa1bdf3ce6ca,0,0,3164e84ee697a1ad333d74ceb6981d4f09279512,1,0,1,1,2,,,,,,,,,,,,,,,,,,,,,
2dd9d631-d2d5-4afa-9d1f-0a3eac129ec0,4762,7499,556d9ddfba67ba617dfa83dae9340545b438d978,33,29,26,89,151,,,,,,,,,,,,,,,,,,,,,
2ef2702c-0c30-40d8-91c0-35ad8829465b,15631,15530,d80a3545974de454810c1727303435e43d51177e,42,46,44,43,131,,,,,,,,,,,,,,,,,,,,,
2fb7fbc1-068f-4a54-a8ee-a41c99d0f7da,0,777,057EF413-BCB1-4317-943B-88AB2BC76A3E,22,59,83,68,221,,,,,,,,,,,,,,,,,,,,,
318f91af-9b11-42f5-bdcd-7c9e35761da5,0,134,4362AB5F-CC25-4D41-99C2-80F83AA1F866,10,6,16,6,35,,,,,,,,,,,,,,,,,,,,,
31c395a9-0128-46df-a90c-73160f0854b4,0,799,0427AB4A-227C-4061-994D-12B212B42D9C,23,48,71,60,197,,,,,,,,,,,,,,,,,,,,,
3258d5c4-4f3f-4722-966a-1bd619c9229f,3771,18646,b60e3c5676acdabee0608a3b7bafa40e4aabec27,7,1,7,6,14,4,2,0,1178,99,d3f60607b44e09d72a60965024e2a20c525142da,3,,,,,,,,0,0,1,0,0,7aeb4c4728dedcc63a59f368ede68edc04cc3221,1
32d4b802-7471-49bd-ad59-e663b0d98682,0,315,01993F26-E9A1-4FBE-A52A-D42CCD4D5CA7,21,15,36,28,98,,,,,,,,,,,,,,,,,,,,,
34944ff7-1853-4fec-8d7d-73fc52bfa824,1474,4240,3a648af81e6b64c11b7f91f1c82a69401d495b93,18,6,21,37,61,,,,,,,,0,1,0,0,3,ba633ce1d89c75f4b4264bcf829cab508218a663,1,,,,,,,
36492618-666c-4b87-9770-bcb67d2ca3de,7669,22517,707b51af3a05b70aac6f4aaa642c79ff04479303,26,7,27,72,105,,,,,,,,0,3,0,0,4,736116e9073017865e0a162cf65f263afcc64e00,2,,,,,,,
3698dbcf-6b9e-4b00-a15a-f2cb26e6639d,0,281,209EDFA6-8FA1-4D54-947A-1DCBD8BA6EEE,23,15,38,23,95,,,,,,,,,,,,,,,,,,,,,
38861b6b-d04b-4f1f-8c17-c3c0a9f0a221,0,281,032D97E5-9B1F-4E0F-9931-F0B0AFC1D5E4,25,18,43,26,102,,,,,,,,,,,,,,,,,,,,,
38edf5e3-bd76-4ec3-b1fc-c134915743c7,0,426,054FE38F-2E2D-446F-8833-86AA0FD67190,14,26,40,28,104,,,,,,,,,,,,,,,,,,,,,
395bf3f4-ec02-494f-8f45-30ab62eda8e7,0,591,00C87778-AFF1-481D-9764-2870AE8A8443,38,33,71,59,188,,,,,,,,,,,,,,,,,,,,,
3b9d6c27-13cc-47d9-b00e-af2e0d3d0009,0,899,00227A43-A07B-4270-91D8-577F58126683,20,87,107,78,284,,,,,,,,,,,,,,,,,,,,,
3bf51a01-8625-4c9b-a16c-24d10ccf8ae5,0,362,0327D1FE-0040-49CC-998C-F0DBD1270499,33,22,55,42,146,,,,,,,,,,,,,,,,,,,,,
3dcb435d-656f-405f-81a1-49f7eae6c25e,2329,8541,dd461d27ab5b2ce289ebe02e9efb6d71df4d7480,17,14,20,23,54,,,,,,,,2,2,7,278,120,bc17fbc9e4946c0fa555cd1b29c142122e4df063,1,,,,,,,
3fa86602-fc33-4c6f-9b3e-2cebd95104ee,0,84,1B7E2A96-5C2A-4D17-A936-4A130A9F20F6,14,5,19,9,41,,,,,,,,,,,,,,,,,,,,,
3ff2b7eb-622c-4ae9-9d89-7d2af5430d34,0,946,08CD24A7-B7B5-4C1E-A41D-636A3D5203F1,36,61,97,71,238,,,,,,,,,,,,,,,,,,,,,
417abe6d-ef78-4f01-b632-844af6cb8fe7,0,557,15AC6D9B-F5F0-48AB-9048-FA0E20A0E9AB,19,35,54,44,147,,,,,,,,,,,,,,,,,,,,,
447a64e5-f754-4082-b0fa-0000f34eeda8,0,745,003B98D0-4A2C-4E3D-8A6F-6E9908090096,15,53,68,53,182,,,,,,,,,,,,,,,,,,,,,
44ff689e-4138-43cc-8f6d-2d8323125ee1,1609,10930,97afbe57922df79422cd97d055064a6762cd693f,15,6,20,51,72,,,,,,,,,,,,,,,,,,,,,
4522b36a-6215-4768-b42a-55e79677d4ec,922,736,142cfa9d2cb9dcaaabefb266a66fdab6535404f9,6,1,10,6,13,0,1,0,0,504,b0cbe1aadc63eeb1eb9322d81d21489058db12c3,1,,,,,,,,,,,,,,
49b6c762-deaf-4cbf-8cb6-557ca65d395c,5291,4986,cc6376bc8dfa76e73ae8a3fe39b82bf418dbf090,26,17,22,40,83,4,14,2,657,3659,cc6376bc8dfa76e73ae8a3fe39b82bf418dbf090,1,,,,,,,,,,,,,,
4ba3ace5-f982-49c5-883a-0329d059d431,0,1102,0F25000A-A840-4384-A3BB-FC3501158B8D,100,104,207,87,454,,,,,,,,,,,,,,,,,,,,,
4de0beb1-cfa8-4410-809d-d05322b1a0c8,0,708,02D3CFAB-91E4-4C95-8F76-D58AB0E462F5,30,49,80,61,206,,,,,,,,,,,,,,,,,,,,,
4e20289a-32ca-47be-a2c5-f0bd66ab9176,0,354,05A09E62-EC87-4E40-A907-445765248FE0,42,32,75,48,188,,,,,,,,,,,,,,,,,,,,,
5542666d-5bf4-4a1b-b17c-e3580c4cd773,0,578,0B42B8C3-6914-4758-8020-698EFB3ED65D,28,37,67,53,161,,,,,,,,,,,,,,,,,,,,,
5792d203-ec62-4b40-b0a2-29969224e3fb,0,723,05D54AF1-6E56-473B-80EC-498F0CE1E198,54,35,89,60,228,,,,,,,,,,,,,,,,,,,,,
5a5e44dd-1b8f-4c26-ba16-65593a8b59eb,0,714,1557EF9C-5350-4A6A-9CB1-5891A2B692E4,33,48,81,56,193,,,,,,,,,,,,,,,,,,,,,
5a6686fd-5017-4c17-9dd4-4081d5448b7d,0,98,26F53916-9A67-4364-8060-44D7286059DA,22,8,32,18,70,,,,,,,,,,,,,,,,,,,,,
5d02f383-d24c-4902-b728-1380c99105ee,12346,24736,15460c526badb071fee87033cb8276a6ca124b2d,109,46,52,187,342,,,,,,,,,,,,,,,,,,,,,
626aaffc-c174-48ca-a179-cab025b9bc98,0,667,015E6405-1FF3-43C1-8ECF-A53BDCAA7C35,30,41,71,58,176,,,,,,,,,,,,,,,,,,,,,
649357ac-11ab-4fc7-acd2-816a3844d81b,6049,3369,05244f500c83a05b9bc60880e12261edf5ac2c9e,20,2,11,7,29,,,,,,,,,,,,,,,,,,,,,
64e25c38-ee68-4e06-8990-09ba71759cf1,3758,12538,5514554fe850b7845220748fcb56ba7984a69ce0,9,0,10,24,33,,,,,,,,,,,,,,,,,,,,,
65e91776-4319-4b41-ae66-28db6473fc60,0,747,07683CD7-46D2-4F34-9D48-8B1FE8941887,93,42,135,80,330,,,,,,,,,,,,,,,,,,,,,
65f4b507-b48a-416d-ac1f-2678e3f954d8,0,218,038499F6-3465-43A4-874C-03787D8F4639,19,9,28,20,71,,,,,,,,,,,,,,,,,,,,,
66368d24-f87e-4db0-ab9d-c450c33becf3,0,779,01C2275F-06D1-4CB2-9B90-549CA2A28A88,41,42,83,70,225,,,,,,,,,,,,,,,,,,,,,
66b66952-ae50-46c4-8f79-1d2117ac6691,1,7358,137c11ac6482d26564c24f9d161a4030f3dd0f43,2,4,10,8,14,,,,,,,,,,,,,,,,,,,,,
687020d4-2b4c-483d-9124-ca34195f8af7,0,518,0E619F93-3603-4CC5-A5B7-E9B766555905,30,55,85,62,193,,,,,,,,,,,,,,,,,,,,,
699a92cf-42b7-4a29-bd1b-edf43d06dd54,4842,5411,3db2b0363d551cb6e5e565b38ded8e75d3346fe3,64,22,56,108,194,0,5,0,0,1642,baf5a51ceffa4bbce6f9269625ef99333151d2bf,1,,,,,,,,,,,,,,
69d0a3bb-40c8-42a8-838d-1bb275f28d1b,0,599,06CC0132-D629-4852-99C5-F357D3495E13,53,37,92,69,224,,,,,,,,,,,,,,,,,,,,,
6afbdb8a-a1cf-4248-852a-24e56ee5766a,0,1416,010418BD-BB6A-40E6-8D70-C25C523270DC,103,97,201,132,516,,,,,,,,,,,,,,,,,,,,,
6d73aa4b-1be4-426b-8d6b-c811bd2170fa,4326,2121,065c5708a581f1c223faf664c0c74ca36f7741ec,21,15,16,20,56,,,,,,,,,,,,,,,,,,,,,
6e12238e-2105-4bd3-be42-9b2ce1bf4946,5737,4948,5e03268ab95fb881d40b211299f36bfa9f472663,18,14,22,18,50,,,,,,,,,,,,,,,,,,,,,
6e60c67a-9bb0-4818-9625-1afe9788fe6b,0,468,0AC6838A-23E4-4865-BE40-A142F68B2E05,59,21,81,48,191,,,,,,,,,,,,,,,,,,,,,
6fb4842f-8beb-4539-8b18-e21d89d3254e,0,930,001AE7FB-9105-4D12-A90A-AC3968A6F135,62,64,126,87,319,,,,,,,,,,,,,,,,,,,,,
7230d0d5-fab8-4462-9952-69aee6866b04,0,653,004D0AD7-F4DE-4022-800E-CD8FDCA62683,58,35,93,65,232,,,,,,,,,,,,,,,,,,,,,
7398824b-a04d-4252-afe8-d0f392a5cd48,0,1404,03734F4E-8956-444F-AB4D-E9F75274239B,81,107,190,153,476,,,,,,,,,,,,,,,,,,,,,
785e9e8e-4ab0-4686-a95e-a25c6c2e2eee,2156,148,24e94148822cb39a566a02b9f110f7c1e9684e22,5,4,13,7,16,0,1,0,0,0,69e75d60354cce8d555da1c49d96b17d95b7376b,1,,,,,,,,,,,,,,
79d3d50d-b736-43ba-8979-8ba6ff3d1e48,0,999,0875CEF9-9BE9-4D3F-9F48-A3AF4D8BBF9C,12,54,66,62,185,,,,,,,,,,,,,,,,,,,,,
7afaa986-9de6-4efe-9057-3fa969b1760c,0,210,03956B4E-FE5C-4753-A102-267B96D08333,45,12,57,34,141,,,,,,,,,,,,,,,,,,,,,
811f021c-0ecf-4264-967d-f02f93c3d711,0,915,074C9E68-D577-410F-B772-DEB5D08960F5,32,53,86,68,220,,,,,,,,,,,,,,,,,,,,,
81443789-41c5-4277-9bbb-55336120c0c9,0,295,130BB23F-D292-429D-BB1B-9BC49F895FB5,59,30,89,33,194,,,,,,,,,,,,,,,,,,,,,
848429d2-612d-4b1c-82ff-e51dc40d3d07,0,487,0ABACC5B-9D0E-497F-8228-E670A324434D,15,41,56,47,151,,,,,,,,,,,,,,,,,,,,,
85396fa9-14d7-47d6-9688-1771e6c3fa75,0,799,04D1347B-2849-4C43-9046-DAC41A0BC24E,38,50,88,76,244,,,,,,,,,,,,,,,,,,,,,
86f36925-3207-486e-9f7f-c229efaae9c0,160,7,05666bcf37a0b23089a4b857542c37ffa70d2d98,2,0,2,1,3,,,,,,,,,,,,,,,,,,,,,
87046549-2960-43b1-b1b9-358aac851b8a,0,818,0A04B77B-6C79-4415-8B08-614177927D11,38,55,94,75,242,,,,,,,,,,,,,,,,,,,,,
876f9317-9823-4ecb-9290-1b1cbd2ded3c,0,277,0A05BA2B-36CD-4540-97CC-E23B374ECBC7,49,10,59,36,148,,,,,,,,,,,,,,,,,,,,,
88d687ca-537d-4592-8691-22feeb116122,0,1237,03E70C14-4578-4987-83F7-B3958965C31C,72,77,149,114,390,,,,,,,,,,,,,,,,,,,,,
8cf6b2a5-ca26-48cd-86e0-d3eca61d264b,0,540,03AD8CF6-960B-47B4-B603-2FE7D24401CC,23,30,53,32,123,,,,,,,,,,,,,,,,,,,,,
8e0a48eb-c371-4932-82ab-d9458c31b77c,0,298,0DBFDE65-0FB4-4E1B-BDC7-82B8DAAF39EA,17,24,42,32,103,,,,,,,,,,,,,,,,,,,,,
924b4f99-c800-4f5f-9159-8b47a317ef34,0,452,006BEF10-CA7F-4410-B99C-FEE6A2C0C4BB,59,11,70,53,181,,,,,,,,,,,,,,,,,,,,,
94aac48e-7cbb-4a8c-b47a-052d28eefa5a,0,793,082975E0-CA26-4A7A-A87B-71534CAAF63A,85,36,121,85,302,,,,,,,,,,,,,,,,,,,,,
94c99ead-4f3e-4c68-8f51-08af25c64920,0,532,05A843F7-EDC6-43D4-8338-8961892D3314,41,34,75,61,190,,,,,,,,,,,,,,,,,,,,,
95940265-9599-4ab5-bccf-b7d64e75f3f6,0,62,07BFE109-85C0-46C7-B8DA-8A3233E3C62C,11,12,23,17,55,,,,,,,,,,,,,,,,,,,,,
9a035626-2e6c-4aa5-a6cb-e47403a39d00,0,1166,00D65F07-4F24-4105-A939-6BF47229C64A,127,56,184,140,487,,,,,,,,,,,,,,,,,,,,,
9bb46002-6fdb-4287-bfd3-bc3e2e57785f,4398,10918,3f5fc53672b9baa3f9c07ab8466225781ebfe7a9,17,8,11,29,54,,,,,,,,,,,,,,,,,,,,,
9d37754d-fb9f-46cf-a2a8-1232f3ad1071,0,389,0451583A-EFBA-48F0-AD35-425D75C90BB9,18,32,51,37,133,,,,,,,,,,,,,,,,,,,,,
9e7d28be-3a29-406b-b3e3-d2fd2414605c,0,1005,03489453-4575-4345-8CD8-40E003866224,31,70,102,63,258,,,,,,,,,,,,,,,,,,,,,
a2952ecb-5ee6-454a-81a6-16e908ee2e18,0,305,03BBA1FE-D06D-4199-8386-4C03CF71B507,39,19,58,31,138,,,,,,,,,,,,,,,,,,,,,
a36f9b21-57f2-46ef-bb33-a65e0c2b642c,0,747,03903563-788E-498D-A550-7D383B6AD20A,18,60,78,68,177,,,,,,,,,,,,,,,,,,,,,
a3aa60d3-8acb-4e7b-b324-ac85c6c074d2,23651,10924,7a53548007358763ab732c65a72bd24f899f5d77,8,20,21,29,57,2,2,11,9480,2282,7a53548007358763ab732c65a72bd24f899f5d77,2,,,,,,,,,,,,,,
a5ea9d2e-766c-4a6b-87b2-8bc4fe445a63,0,171,0643EF6C-02BC-4B8E-9545-12C1B300813D,50,25,75,56,192,,,,,,,,,,,,,,,,,,,,,
a8ba94f4-d3e6-452c-adf8-4d1e0984a6d1,0,304,0AF819D2-E765-404B-9B75-E31E4F3E3D16,26,14,40,31,100,,,,,,,,,,,,,,,,,,,,,
a9836b94-4e9e-498f-aa65-0cd76d330641,0,481,091EAA23-92CF-4CEC-8EDC-6E334CDE9E49,31,33,64,50,167,,,,,,,,,,,,,,,,,,,,,
ad5083ca-82c9-435b-9776-03837a5aed8c,0,377,01D53B61-32A9-4F7F-AA92-A447FA1A3D67,29,17,47,36,120,,,,,,,,,,,,,,,,,,,,,
ad6f1e0f-32ef-4b74-9c04-876609ba1e55,0,227,15979767-65B3-4614-BCC1-7582E9C7E277,2,13,15,15,43,,,,,,,,,,,,,,,,,,,,,
afeb5dcc-28b1-4088-9942-3e24bc05508d,1732,2301,8abe9e7d747b3fee24922079cad70a4a2f6aba15,11,3,14,16,30,,,,,,,,,,,,,,,,,,,,,
b1ea5753-4aac-464c-996b-52c418e5782c,1268,8890,c4241b8db34702c63eff78feefa073f203d5558c,16,8,16,15,39,,,,,,,,,,,,,,,,,,,,,
b24dc8d4-e952-4d4a-bbd8-0841ea7d87ee,0,708,184C9E50-2CCC-4D8B-A6D5-E7D13908C2A4,25,46,73,61,186,,,,,,,,,,,,,,,,,,,,,
b36df7c0-cf05-42de-9ed6-704c2f02e3da,1408,274,dadd33025ac660f65c86373f857a99c01abf4d7f,10,4,15,9,23,,,,,,,,,,,,,,,,,,,,,
b771f307-fb8e-49e2-a533-2b4145073203,660,159,62759181115160f63a4bb3fec1c879c8a08f2daf,9,3,8,4,16,,,,,,,,,,,,,,,,,,,,,
b8484a00-842a-4aa3-a008-07dc9580bb3a,0,855,01DEFB30-C656-43D3-ADCB-284B78394872,61,35,96,71,250,,,,,,,,,,,,,,,,,,,,,
b9c40632-ca4b-4b45-8f61-99e146c671b6,0,771,01B2CC6B-F0BD-447E-A5FF-44ECAFF55818,48,49,98,74,245,,,,,,,,,,,,,,,,,,,,,
bb3effb0-4439-4ace-b82e-0c779734431a,0,170,0466AA1B-07E3-4F32-AB32-7FC725FBE378,22,35,57,45,152,,,,,,,,,,,,,,,,,,,,,
bedd078a-f665-46f2-bdc5-ab3535a4708e,2270,3407,e8e0184d104af0e0ecf22a5895a82a783eafd81b,6,10,7,5,21,,,,,,,,,,,,,,,,,,,,,
c180cf15-e68a-4136-9b03-c33220dc5738,0,79,0DA18041-867A-496F-B388-7435D3C82946,10,8,18,10,45,,,,,,,,,,,,,,,,,,,,,
c24ab734-cf32-40d2-a0d5-25c363984387,0,188,00ABA6E9-AF86-42E9-AC90-E78C4F7004AC,21,22,43,28,107,,,,,,,,,,,,,,,,,,,,,
c7650b38-6fb9-4305-bf13-d4f8a40b4dbe,0,68,03F71EE2-9DAB-4B31-BFD7-17D9D0D1AFCC,31,12,43,19,95,,,,,,,,,,,,,,,,,,,,,
cb952516-48ff-4504-a9e6-080161ee7f8d,1236,1761,bc98808378acb99cf4d40b15df16b32b628ee4a6,21,11,16,27,59,1,0,0,272,0,a1a49d358af332ab383dffac1f14824a11285b2f,1,0,1,0,0,3,ba633ce1d89c75f4b4264bcf829cab508218a663,1,,,,,,,
ccb6e01b-3dc3-4f63-b1dc-f028fce9463f,0,1135,004E6F1E-FA58-4F38-BE6A-E1E9AB2D3D9C,59,100,160,126,423,,,,,,,,,,,,,,,,,,,,,
cd031b30-d6b4-479f-877f-7a8467135ea4,0,97,1A8E2AE1-919B-4CDB-98D4-7E2DA0E62330,15,3,18,12,46,,,,,,,,,,,,,,,,,,,,,
cd20f78a-3ab7-4bb5-b400-e4af17ddef1f,0,830,08A36140-E6E7-4CAD-A183-87501B855BBA,13,48,61,47,166,,,,,,,,,,,,,,,,,,,,,
cf5aaf0c-8b7b-4781-9109-cd32e2b8588e,700,11695,7221d4ffd6a48adbb70018c3264e9ec8399321fe,8,3,9,12,23,0,2,1,0,1500,99d4a0ff90c454726157f60b95b0a9965a54059f,1,,,,,,,,,,,,,,
d0a1ab1f-7d61-4071-a0e5-21d31dcbf7d4,0,505,022D3471-816B-41BD-8AF6-BA01E2B59145,24,44,69,53,186,,,,,,,,,,,,,,,,,,,,,
d1ac58f8-4334-4249-ad23-1746fed138b1,0,421,04CD1CF9-BE31-49F9-91F8-2D3EFDAFE8F3,22,45,69,46,160,,,,,,,,,,,,,,,,,,,,,
d1ff441d-a66a-45ab-b1b2-372042b29762,0,352,01D00609-CD88-4F66-B092-ABDC5E0A92DE,42,66,108,93,293,,,,,,,,,,,,,,,,,,,,,
d26777b1-b3b5-4e7c-adf8-5a8264e2ddc6,0,1077,0104134F-21E6-449F-9A77-B243C2AAA794,52,76,128,105,344,,,,,,,,,,,,,,,,,,,,,
d5aac654-91bb-4ae4-b8cf-5704421fd07e,0,522,0E286A50-9E71-4041-926F-748B63ADD79E,30,32,63,51,166,,,,,,,,,,,,,,,,,,,,,
d87719f9-6868-47bb-91d5-02acf9190f94,0,657,0087F2FC-7F35-45A7-AF75-EFEED2CF78B1,20,45,65,52,167,,,,,,,,,,,,,,,,,,,,,
db4bc043-4f67-418c-bd8a-e15543032389,0,0,42ac9d75f03f84eb00cdae16deb29ccee4116aa0,0,0,3,3,3,,,,,,,,0,1,0,0,0,bc17fbc9e4946c0fa555cd1b29c142122e4df063,1,,,,,,,
dba4459b-ef47-43cc-b721-364c0406f355,0,386,0123C633-BD09-43B6-9A4D-012EFA1F8DDC,41,44,85,46,209,,,,,,,,,,,,,,,,,,,,,
dec05b58-d6d4-4478-b730-3fd040c4e52d,1557,1275,71a26eb24fa8909a04c639278c1802096c4be953,12,10,17,18,40,,,,,,,,,,,,,,,,,,,,,
dfa65587-95f0-4384-9d81-64a15e78bf16,0,1346,0218159D-451C-4B41-8D88-FF9A9561319A,69,104,174,132,465,,,,,,,,,,,,,,,,,,,,,
e1f9e6dd-d065-4590-b3da-8074a91dce27,0,204,031F46ED-F9F0-467B-AE3C-2A3BD15DCEB3,25,9,34,24,86,,,,,,,,,,,,,,,,,,,,,
e261bc00-2e1f-4c98-8511-deedb1d77739,0,950,0790D225-2A59-404C-944B-A6C0697AAFA4,46,67,114,80,275,,,,,,,,,,,,,,,,,,,,,
e288098a-788a-4d3b-8fa2-0cf863eebf75,0,368,238A9EFA-C33E-44F0-8D28-556BAAD17E94,13,20,33,25,77,,,,,,,,,,,,,,,,,,,,,
e322dd4d-798b-4536-af6f-fe3404a15fce,0,503,07219B14-D650-45A1-8E5D-1A4F57D516A1,21,28,49,39,133,,,,,,,,,,,,,,,,,,,,,
e5847047-48e7-4aec-9ab2-e03a432ad442,0,103,04106923-5851-4B75-BEC4-95481A7B4BF1,13,11,24,17,62,,,,,,,,,,,,,,,,,,,,,
e6ad33da-3083-4dad-85a6-b06dd345975b,9868,34714,d1f726b386f95b80e0a3b4d7c0318e506e1de3da,62,18,38,151,231,,,,,,,,,,,,,,,,,,,,,
e9d0cdd9-b664-453d-9bcf-c5f560519dc9,0,986,06177A11-30BB-4913-80F4-76120F3F9C1E,26,81,107,69,243,,,,,,,,,,,,,,,,,,,,,
eb8051d8-bc9c-47f9-b663-89583b35f37b,0,684,03340EE1-8487-4747-A985-A435E5E2FBBC,50,55,107,71,257,,,,,,,,,,,,,,,,,,,,,
ec54b478-47e0-444d-90a1-bfb45b416bee,0,126,0EF9042B-4755-468B-8AAA-788DDE18AC97,14,12,26,11,61,,,,,,,,,,,,,,,,,,,,,
ee099a8f-8baf-408e-bf0f-3cf1a3d51790,0,161,294166F0-D238-47B1-A528-B027E6A4906E,35,9,44,19,99,,,,,,,,,,,,,,,,,,,,,
ee6eb822-8fdb-4821-b759-5dedcfadd2f2,0,555,0A71F858-4026-484C-9103-DFBBE9598DBF,48,24,72,54,183,,,,,,,,,,,,,,,,,,,,,
f2eb226f-61b4-44b9-8e1d-4f6de1438a29,2152,538,5930718c3443b2f0ae686692821124a88c74b0c7,10,5,3,8,23,,,,,,,,,,,,,,,,,,,,,
f4f84e15-621a-4900-96f1-a8d058066570,0,217,04B1B1A5-B125-43C8-8BD6-3802F4C3C0F6,45,11,57,23,131,,,,,,,,,,,,,,,,,,,,,
f5de7b18-5058-41c2-b957-da926c7dcba9,0,1272,055A6606-22F1-4331-B3A4-95EA8C17819A,24,84,109,86,292,,,,,,,,,,,,,,,,,,,,,
f7ea4330-8f1c-4042-b5ea-13726c70efb1,0,1116,038CF532-A4D4-42A3-BD64-9B20AC6EE17C,20,74,96,80,231,,,,,,,,,,,,,,,,,,,,,
f92b4712-d45b-4aa6-bacc-fee783b55290,0,366,02760597-1E5B-4C52-9435-0C4E3888032C,18,22,40,28,101,,,,,,,,,,,,,,,,,,,,,
fd5999a3-6d93-4479-8a7a-91fb7f8f0270,0,1618,01ADF296-5FE2-4DE8-A89B-E91AA9B18052,260,145,406,291,1056,,,,,,,,,,,,,,,,,,,,,
fe880b1f-df9c-476f-a7b3-ac363000fee7,0,456,01ADB037-E285-4E5C-A435-73145DFE6536,50,32,83,54,207,,,,,,,,,,,,,,,,,,,,,
fe94368f-79f1-48b2-a40e-234130e09164,0,1052,04269B81-E36A-476D-A492-59781CB65CE0,64,70,134,92,319,,,,,,,,,,,,,,,,,,,,,
