device_id,f_slp_avg_length_bout_asleep_ev_wkend_half_sem_2017-01-18,f_slp_avg_length_bout_asleep_ev_wkend_half_sem_2017-03-01,f_slp_avg_length_bout_awake_ev_wkend_half_sem_2017-01-18,f_slp_avg_length_bout_awake_ev_wkend_half_sem_2017-03-01,f_slp_avg_length_bout_restless_ev_wkend_half_sem_2017-01-18,f_slp_avg_length_bout_restless_ev_wkend_half_sem_2017-03-01,f_slp_avg_length_bout_totalsleep_ev_wkend_half_sem_2017-01-18,f_slp_avg_length_bout_totalsleep_ev_wkend_half_sem_2017-03-01,f_slp_end_time_max_bout_asleep_ev_wkend_half_sem_2017-01-18,f_slp_end_time_max_bout_asleep_ev_wkend_half_sem_2017-03-01,f_slp_end_time_max_bout_awake_ev_wkend_half_sem_2017-01-18,f_slp_end_time_max_bout_awake_ev_wkend_half_sem_2017-03-01,f_slp_end_time_max_bout_restless_ev_wkend_half_sem_2017-01-18,f_slp_end_time_max_bout_restless_ev_wkend_half_sem_2017-03-01,f_slp_end_time_max_bout_totalsleep_ev_wkend_half_sem_2017-01-18,f_slp_end_time_max_bout_totalsleep_ev_wkend_half_sem_2017-03-01,f_slp_end_time_min_bout_asleep_ev_wkend_half_sem_2017-01-18,f_slp_end_time_min_bout_asleep_ev_wkend_half_sem_2017-03-01,f_slp_end_time_min_bout_awake_ev_wkend_half_sem_2017-01-18,f_slp_end_time_min_bout_awake_ev_wkend_half_sem_2017-03-01,f_slp_end_time_min_bout_restless_ev_wkend_half_sem_2017-01-18,f_slp_end_time_min_bout_restless_ev_wkend_half_sem_2017-03-01,f_slp_end_time_min_bout_totalsleep_ev_wkend_half_sem_2017-01-18,f_slp_end_time_min_bout_totalsleep_ev_wkend_half_sem_2017-03-01,f_slp_max_length_bout_asleep_ev_wkend_half_sem_2017-01-18,f_slp_max_length_bout_asleep_ev_wkend_half_sem_2017-03-01,f_slp_max_length_bout_awake_ev_wkend_half_sem_2017-01-18,f_slp_max_length_bout_awake_ev_wkend_half_sem_2017-03-01,f_slp_max_length_bout_restless_ev_wkend_half_sem_2017-01-18,f_slp_max_length_bout_restless_ev_wkend_half_sem_2017-03-01,f_slp_max_length_bout_totalsleep_ev_wkend_half_sem_2017-01-18,f_slp_max_length_bout_totalsleep_ev_wkend_half_sem_2017-03-01,f_slp_min_length_bout_asleep_ev_wkend_half_sem_2017-01-18,f_slp_min_length_bout_asleep_ev_wkend_half_sem_2017-03-01,f_slp_min_length_bout_awake_ev_wkend_half_sem_2017-01-18,f_slp_min_length_bout_awake_ev_wkend_half_sem_2017-03-01,f_slp_min_length_bout_restless_ev_wkend_half_sem_2017-01-18,f_slp_min_length_bout_restless_ev_wkend_half_sem_2017-03-01,f_slp_min_length_bout_totalsleep_ev_wkend_half_sem_2017-01-18,f_slp_min_length_bout_totalsleep_ev_wkend_half_sem_2017-03-01,f_slp_num_0_ev_wkend_half_sem_2017-01-18,f_slp_num_0_ev_wkend_half_sem_2017-03-01,f_slp_num_asleep_bouts_ev_wkend_half_sem_2017-01-18,f_slp_num_asleep_bouts_ev_wkend_half_sem_2017-03-01,f_slp_num_asleep_ev_wkend_half_sem_2017-01-18,f_slp_num_asleep_ev_wkend_half_sem_2017-03-01,f_slp_num_awake_bouts_ev_wkend_half_sem_2017-01-18,f_slp_num_awake_bouts_ev_wkend_half_sem_2017-03-01,f_slp_num_awake_ev_wkend_half_sem_2017-01-18,f_slp_num_awake_ev_wkend_half_sem_2017-03-01,f_slp_num_restless_bouts_ev_wkend_half_sem_2017-01-18,f_slp_num_restless_bouts_ev_wkend_half_sem_2017-03-01,f_slp_num_restless_ev_wkend_half_sem_2017-01-18,f_slp_num_restless_ev_wkend_half_sem_2017-03-01,f_slp_num_samples_sleep_ev_wkend_half_sem_2017-01-18,f_slp_num_samples_sleep_ev_wkend_half_sem_2017-03-01,f_slp_num_totalsleep_bouts_ev_wkend_half_sem_2017-01-18,f_slp_num_totalsleep_bouts_ev_wkend_half_sem_2017-03-01,f_slp_sleep_eff_general_strong_ev_wkend_half_sem_2017-01-18,f_slp_sleep_eff_general_strong_ev_wkend_half_sem_2017-03-01,f_slp_sleep_eff_general_weak_ev_wkend_half_sem_2017-01-18,f_slp_sleep_eff_general_weak_ev_wkend_half_sem_2017-03-01,f_slp_sleep_eff_max_bout_strong_ev_wkend_half_sem_2017-01-18,f_slp_sleep_eff_max_bout_strong_ev_wkend_half_sem_2017-03-01,f_slp_sleep_eff_max_bout_weak_ev_wkend_half_sem_2017-01-18,f_slp_sleep_eff_max_bout_weak_ev_wkend_half_sem_2017-03-01,f_slp_start_time_max_bout_asleep_ev_wkend_half_sem_2017-01-18,f_slp_start_time_max_bout_asleep_ev_wkend_half_sem_2017-03-01,f_slp_start_time_max_bout_awake_ev_wkend_half_sem_2017-01-18,f_slp_start_time_max_bout_awake_ev_wkend_half_sem_2017-03-01,f_slp_start_time_max_bout_restless_ev_wkend_half_sem_2017-01-18,f_slp_start_time_max_bout_restless_ev_wkend_half_sem_2017-03-01,f_slp_start_time_max_bout_totalsleep_ev_wkend_half_sem_2017-01-18,f_slp_start_time_max_bout_totalsleep_ev_wkend_half_sem_2017-03-01,f_slp_start_time_min_bout_asleep_ev_wkend_half_sem_2017-01-18,f_slp_start_time_min_bout_asleep_ev_wkend_half_sem_2017-03-01,f_slp_start_time_min_bout_awake_ev_wkend_half_sem_2017-01-18,f_slp_start_time_min_bout_awake_ev_wkend_half_sem_2017-03-01,f_slp_start_time_min_bout_restless_ev_wkend_half_sem_2017-01-18,f_slp_start_time_min_bout_restless_ev_wkend_half_sem_2017-03-01,f_slp_start_time_min_bout_totalsleep_ev_wkend_half_sem_2017-01-18,f_slp_start_time_min_bout_totalsleep_ev_wkend_half_sem_2017-03-01,f_slp_sum_length_bout_asleep_ev_wkend_half_sem_2017-01-18,f_slp_sum_length_bout_asleep_ev_wkend_half_sem_2017-03-01,f_slp_sum_length_bout_awake_ev_wkend_half_sem_2017-01-18,f_slp_sum_length_bout_awake_ev_wkend_half_sem_2017-03-01,f_slp_sum_length_bout_restless_ev_wkend_half_sem_2017-01-18,f_slp_sum_length_bout_restless_ev_wkend_half_sem_2017-03-01,f_slp_sum_length_bout_totalsleep_ev_wkend_half_sem_2017-01-18,f_slp_sum_length_bout_totalsleep_ev_wkend_half_sem_2017-03-01
0d8b3688-0cba-4323-85fe-00f15785de38,0.0,0.0,0.0,0.0,0.0,0.0,0.0,0.0,,,,,,,,,,,,,,,,,0.0,0.0,0.0,0.0,0.0,0.0,0.0,0.0,0.0,0.0,0.0,0.0,0.0,0.0,0.0,0.0,121.0,241.0,0.0,0.0,0.0,0.0,0.0,0.0,0.0,0.0,0.0,0.0,0.0,0.0,121.0,241.0,0.0,0.0,,,,,,,,,,,,,,,,,,,,,,,,,0.0,0.0,0.0,0.0,0.0,0.0,0.0,0.0
1391f4f7-4e70-4d67-92f1-db819e07c0c9,16.0,1.0,1.0,0.0,1.0,0.0,121.0,1.0,0 days 23:40:00.000000000,0 days 00:00:00.000000000,0 days 22:57:00.000000000,,0 days 23:44:00.000000000,,0 days 00:00:00.000000000,0 days 00:00:00.000000000,0 days 22:55:00.000000000,0 days 00:00:00.000000000,0 days 23:45:00.000000000,,0 days 22:58:00.000000000,,0 days 00:00:00.000000000,0 days 00:00:00.000000000,42.0,1.0,2.0,0.0,3.0,0.0,121.0,1.0,1.0,1.0,1.0,0.0,1.0,0.0,121.0,1.0,0.0,61.0,6.0,1.0,100.0,1.0,5.0,0.0,9.0,0.0,8.0,0.0,12.0,0.0,121.0,62.0,1.0,1.0,0.826446,1.0,0.92562,1.0,1.0,1.0,1.0,1.0,0 days 22:58:00.000000000,0 days 00:00:00.000000000,0 days 22:55:00.000000000,,0 days 23:41:00.000000000,,0 days 00:00:00.000000000,0 days 00:00:00.000000000,0 days 00:00:00.000000000,0 days 00:00:00.000000000,0 days 23:44:00.000000000,,0 days 22:57:00.000000000,,0 days 00:00:00.000000000,0 days 00:00:00.000000000,100.0,1.0,9.0,0.0,12.0,0.0,121.0,1.0
165de20b-6080-4f1d-9354-ec66de50263c,23.0,77.0,3.0,0.0,1.0,1.0,213.0,236.0,0 days 21:32:00.000000000,0 days 21:55:00.000000000,0 days 23:12:00.000000000,,0 days 23:31:00.000000000,0 days 18:48:00.000000000,0 days 00:00:00.000000000,0 days 23:00:00.000000000,0 days 21:34:00.000000000,0 days 18:51:00.000000000,0 days 18:16:00.000000000,,0 days 18:15:00.000000000,0 days 18:48:00.000000000,0 days 23:00:00.000000000,0 days 23:00:00.000000000,195.0,183.0,6.0,0.0,6.0,1.0,355.0,236.0,1.0,3.0,1.0,0.0,1.0,1.0,58.0,236.0,122.0,243.0,25.0,3.0,575.0,233.0,7.0,0.0,21.0,0.0,28.0,3.0,45.0,3.0,763.0,479.0,3.0,1.0,0.897036,0.987288,0.967239,1.0,1.0,1.0,1.0,1.0,0 days 18:17:00.000000000,0 days 18:52:00.000000000,0 days 23:06:00.000000000,,0 days 23:25:00.000000000,0 days 18:47:00.000000000,0 days 23:51:00.000000000,0 days 18:00:00.000000000,0 days 21:33:00.000000000,0 days 18:48:00.000000000,0 days 18:15:00.000000000,,0 days 00:00:00.000000000,0 days 18:47:00.000000000,0 days 23:03:00.000000000,0 days 18:00:00.000000000,575.0,233.0,21.0,0.0,45.0,3.0,641.0,236.0
174bcad9-6cf8-4f97-bcc5-38a6f4c42c1d,49.0,10.0,1.0,0.0,1.0,2.0,227.0,36.0,0 days 18:48:00.000000000,0 days 18:25:00.000000000,0 days 20:20:00.000000000,,0 days 20:19:00.000000000,0 days 18:31:00.000000000,0 days 23:00:00.000000000,0 days 23:00:00.000000000,0 days 23:00:00.000000000,0 days 00:00:00.000000000,0 days 20:20:00.000000000,,0 days 18:49:00.000000000,0 days 18:26:00.000000000,0 days 23:00:00.000000000,0 days 00:00:00.000000000,215.0,25.0,1.0,0.0,3.0,4.0,454.0,71.0,1.0,1.0,1.0,0.0,1.0,1.0,1.0,1.0,180.0,366.0,9.0,6.0,442.0,62.0,1.0,0.0,1.0,0.0,8.0,4.0,12.0,10.0,635.0,438.0,2.0,2.0,0.971429,0.861111,0.997802,1.0,1.0,1.0,1.0,1.0,0 days 18:00:00.000000000,0 days 18:00:00.000000000,0 days 20:19:00.000000000,,0 days 20:16:00.000000000,0 days 18:27:00.000000000,0 days 18:00:00.000000000,0 days 18:00:00.000000000,0 days 00:00:00.000000000,0 days 00:00:00.000000000,0 days 20:19:00.000000000,,0 days 18:48:00.000000000,0 days 18:25:00.000000000,0 days 00:00:00.000000000,0 days 00:00:00.000000000,442.0,62.0,1.0,0.0,12.0,10.0,455.0,72.0
17c8318d-0d75-41a8-bfef-eb8c043db1fb,0.0,12.0,0.0,1.0,0.0,1.0,0.0,48.0,,0 days 23:00:00.000000000,,0 days 23:43:00.000000000,,0 days 23:46:00.000000000,,0 days 23:00:00.000000000,,0 days 23:47:00.000000000,,0 days 23:43:00.000000000,,0 days 23:49:00.000000000,,0 days 23:00:00.000000000,0.0,49.0,0.0,1.0,0.0,3.0,0.0,58.0,0.0,1.0,0.0,1.0,0.0,1.0,0.0,39.0,60.0,121.0,0.0,7.0,0.0,85.0,0.0,2.0,0.0,2.0,0.0,6.0,0.0,10.0,60.0,218.0,0.0,2.0,,0.876289,,0.979381,,1.0,,1.0,,0 days 23:12:00.000000000,,0 days 23:42:00.000000000,,0 days 23:43:00.000000000,,0 days 23:03:00.000000000,,0 days 23:46:00.000000000,,0 days 23:42:00.000000000,,0 days 23:48:00.000000000,,0 days 23:40:00.000000000,0.0,85.0,0.0,2.0,0.0,10.0,0.0,97.0
182bbb8f-cd30-4958-9342-ce0c91659810,8.0,15.0,6.0,3.0,1.0,1.0,35.0,266.0,0 days 00:00:00.000000000,0 days 23:53:00.000000000,0 days 23:28:00.000000000,0 days 22:53:00.000000000,0 days 23:14:00.000000000,0 days 23:24:00.000000000,0 days 00:00:00.000000000,0 days 00:00:00.000000000,0 days 23:18:00.000000000,0 days 23:25:00.000000000,0 days 23:55:00.000000000,0 days 22:28:00.000000000,0 days 23:29:00.000000000,0 days 22:29:00.000000000,0 days 00:00:00.000000000,0 days 00:00:00.000000000,17.0,59.0,8.0,6.0,2.0,4.0,49.0,266.0,4.0,1.0,6.0,1.0,1.0,1.0,22.0,266.0,1.0,0.0,5.0,15.0,43.0,226.0,3.0,6.0,20.0,18.0,6.0,14.0,8.0,22.0,72.0,266.0,2.0,1.0,0.605634,0.849624,0.71831,0.932331,1.0,1.0,1.0,1.0,0 days 23:44:00.000000000,0 days 22:54:00.000000000,0 days 23:20:00.000000000,0 days 22:47:00.000000000,0 days 23:12:00.000000000,0 days 23:20:00.000000000,0 days 23:12:00.000000000,0 days 22:27:00.000000000,0 days 23:14:00.000000000,0 days 23:24:00.000000000,0 days 23:49:00.000000000,0 days 22:27:00.000000000,0 days 23:28:00.000000000,0 days 22:28:00.000000000,0 days 23:49:00.000000000,0 days 22:27:00.000000000,43.0,226.0,20.0,18.0,8.0,22.0,71.0,266.0
1973b69d-5fe7-4ff7-94bb-17d5d875499f,0.0,52.0,0.0,0.0,0.0,1.0,0.0,160.0,,0 days 21:35:00.000000000,,,,0 days 18:59:00.000000000,,0 days 21:35:00.000000000,,0 days 18:58:00.000000000,,,,0 days 18:59:00.000000000,,0 days 21:35:00.000000000,0.0,154.0,0.0,0.0,0.0,1.0,0.0,160.0,0.0,2.0,0.0,0.0,0.0,1.0,0.0,160.0,2.0,0.0,0.0,3.0,0.0,158.0,0.0,0.0,0.0,0.0,0.0,2.0,0.0,2.0,2.0,160.0,0.0,1.0,,0.9875,,1.0,,1.0,,1.0,,0 days 19:02:00.000000000,,,,0 days 18:58:00.000000000,,0 days 00:00:00.000000000,,0 days 00:00:00.000000000,,,,0 days 18:58:00.000000000,,0 days 00:00:00.000000000,0.0,158.0,0.0,0.0,0.0,2.0,0.0,160.0
1a4011ac-0990-4560-8e1a-f9f07b54b7ec,54.0,,0.0,,1.0,,515.0,,0 days 23:22:00.000000000,,,,0 days 20:11:00.000000000,,0 days 00:00:00.000000000,,0 days 18:40:00.000000000,,,,0 days 18:44:00.000000000,,0 days 23:00:00.000000000,,322.0,,0.0,,3.0,,721.0,,1.0,,0.0,,1.0,,169.0,,305.0,,28.0,,1512.0,,0.0,,0.0,,26.0,,35.0,,1852.0,,3.0,,0.977376,,1.0,,1.0,,1.0,,0 days 18:00:00.000000000,,,,0 days 20:08:00.000000000,,0 days 18:00:00.000000000,,0 days 18:39:00.000000000,,,,0 days 18:43:00.000000000,,0 days 18:00:00.000000000,,1512.0,,0.0,,35.0,,1547.0,
1be1f081-12eb-4151-bee7-04f39b0ada17,45.0,1.0,0.0,0.0,1.0,0.0,91.0,1.0,0 days 19:25:00.000000000,0 days 00:00:00.000000000,,,0 days 23:58:00.000000000,,0 days 19:25:00.000000000,0 days 00:00:00.000000000,0 days 23:57:00.000000000,0 days 00:00:00.000000000,,,0 days 23:58:00.000000000,,0 days 19:25:00.000000000,0 days 00:00:00.000000000,88.0,1.0,0.0,0.0,1.0,0.0,91.0,1.0,2.0,1.0,0.0,0.0,1.0,0.0,91.0,1.0,0.0,123.0,2.0,1.0,90.0,1.0,0.0,0.0,0.0,0.0,1.0,0.0,1.0,0.0,91.0,124.0,1.0,1.0,0.989011,1.0,1.0,1.0,1.0,,1.0,,0 days 23:58:00.000000000,0 days 00:00:00.000000000,,,0 days 23:57:00.000000000,,0 days 23:55:00.000000000,0 days 00:00:00.000000000,0 days 23:55:00.000000000,0 days 00:00:00.000000000,,,0 days 23:57:00.000000000,,0 days 23:55:00.000000000,0 days 00:00:00.000000000,90.0,1.0,0.0,0.0,1.0,0.0,91.0,1.0
1c67b4f0-964c-4aef-83a1-89a0248f80b3,,0.0,,0.0,,0.0,,0.0,,,,,,,,,,,,,,,,,,0.0,,0.0,,0.0,,0.0,,0.0,,0.0,,0.0,,0.0,,60.0,,0.0,,0.0,,0.0,,0.0,,0.0,,0.0,,60.0,,0.0,,,,,,,,,,,,,,,,,,,,,,,,,,0.0,,0.0,,0.0,,0.0
1e3ed4f9-8c22-4b96-8a5c-c324582b9860,0.0,52.0,0.0,2.0,3.0,1.0,3.0,382.0,,0 days 22:45:00.000000000,,0 days 23:12:00.000000000,0 days 23:59:00.000000000,0 days 23:09:00.000000000,0 days 23:59:00.000000000,0 days 23:00:00.000000000,,0 days 23:16:00.000000000,,0 days 00:00:00.000000000,0 days 23:59:00.000000000,0 days 18:14:00.000000000,0 days 23:59:00.000000000,0 days 23:00:00.000000000,0.0,271.0,0.0,3.0,3.0,4.0,3.0,382.0,0.0,2.0,0.0,1.0,3.0,1.0,3.0,382.0,0.0,121.0,0.0,7.0,0.0,368.0,0.0,2.0,0.0,4.0,1.0,7.0,3.0,10.0,3.0,503.0,1.0,1.0,0.0,0.963351,1.0,0.989529,1.0,1.0,1.0,1.0,,0 days 18:14:00.000000000,,0 days 23:09:00.000000000,0 days 23:57:00.000000000,0 days 23:05:00.000000000,0 days 23:57:00.000000000,0 days 23:59:00.000000000,,0 days 23:14:00.000000000,,0 days 23:59:00.000000000,0 days 23:57:00.000000000,0 days 18:13:00.000000000,0 days 23:57:00.000000000,0 days 23:59:00.000000000,0.0,368.0,0.0,4.0,3.0,10.0,3.0,382.0
209854a0-471d-42fa-856f-54b5d1948481,4.0,52.0,4.0,1.0,2.0,2.0,25.0,84.0,0 days 23:00:00.000000000,0 days 23:25:00.000000000,0 days 23:49:00.000000000,0 days 22:21:00.000000000,0 days 23:41:00.000000000,0 days 22:26:00.000000000,0 days 23:00:00.000000000,0 days 23:00:00.000000000,0 days 23:52:00.000000000,0 days 00:00:00.000000000,0 days 23:36:00.000000000,0 days 23:57:00.000000000,0 days 23:53:00.000000000,0 days 23:16:00.000000000,0 days 23:00:00.000000000,0 days 00:00:00.000000000,7.0,222.0,8.0,2.0,5.0,5.0,25.0,264.0,1.0,2.0,1.0,1.0,1.0,1.0,25.0,4.0,61.0,246.0,2.0,6.0,8.0,312.0,2.0,4.0,9.0,7.0,3.0,7.0,8.0,17.0,86.0,582.0,1.0,4.0,0.32,0.928571,0.64,0.979167,1.0,1.0,1.0,1.0,0 days 23:53:00.000000000,0 days 22:26:00.000000000,0 days 23:41:00.000000000,0 days 22:19:00.000000000,0 days 23:36:00.000000000,0 days 22:21:00.000000000,0 days 23:35:00.000000000,0 days 22:19:00.000000000,0 days 23:51:00.000000000,0 days 23:59:00.000000000,0 days 23:35:00.000000000,0 days 23:56:00.000000000,0 days 23:52:00.000000000,0 days 23:15:00.000000000,0 days 23:35:00.000000000,0 days 23:57:00.000000000,8.0,312.0,9.0,7.0,8.0,17.0,25.0,336.0
24f7d497-1c92-4372-976d-81dd15d7b1fb,,9.0,,0.0,,1.0,,20.0,,0 days 23:00:00.000000000,,,,0 days 18:04:00.000000000,,0 days 23:00:00.000000000,,0 days 18:03:00.000000000,,,,0 days 18:04:00.000000000,,0 days 23:00:00.000000000,,16.0,,0.0,,1.0,,20.0,,3.0,,0.0,,1.0,,20.0,,61.0,,2.0,,19.0,,0.0,,0.0,,1.0,,1.0,,81.0,,1.0,,0.95,,1.0,,1.0,,1.0,,0 days 18:04:00.000000000,,,,0 days 18:03:00.000000000,,0 days 18:00:00.000000000,,0 days 18:00:00.000000000,,,,0 days 18:03:00.000000000,,0 days 18:00:00.000000000,,19.0,,0.0,,1.0,,20.0
2cafda94-dca2-4401-ae3c-aa1bdf3ce6ca,15.0,5.0,0.0,1.0,1.0,4.0,225.0,40.0,0 days 21:24:00.000000000,0 days 00:00:00.000000000,,0 days 23:59:00.000000000,0 days 20:27:00.000000000,0 days 23:48:00.000000000,0 days 00:00:00.000000000,0 days 00:00:00.000000000,0 days 21:27:00.000000000,0 days 23:39:00.000000000,,0 days 23:48:00.000000000,0 days 21:25:00.000000000,0 days 23:47:00.000000000,0 days 00:00:00.000000000,0 days 00:00:00.000000000,57.0,13.0,0.0,2.0,9.0,9.0,225.0,40.0,2.0,1.0,0.0,1.0,1.0,1.0,225.0,40.0,0.0,0.0,13.0,3.0,203.0,17.0,0.0,2.0,0.0,3.0,13.0,5.0,22.0,20.0,225.0,40.0,1.0,1.0,0.902222,0.425,1.0,0.925,1.0,1.0,1.0,1.0,0 days 20:27:00.000000000,0 days 23:48:00.000000000,,0 days 23:57:00.000000000,0 days 20:18:00.000000000,0 days 23:39:00.000000000,0 days 20:18:00.000000000,0 days 23:46:00.000000000,0 days 21:25:00.000000000,0 days 23:38:00.000000000,,0 days 23:47:00.000000000,0 days 21:24:00.000000000,0 days 23:46:00.000000000,0 days 20:18:00.000000000,0 days 23:46:00.000000000,203.0,17.0,0.0,3.0,22.0,20.0,225.0,40.0
2ef2702c-0c30-40d8-91c0-35ad8829465b,9.0,22.0,2.0,2.0,1.0,1.0,110.0,619.0,0 days 23:42:00.000000000,0 days 21:19:00.000000000,0 days 23:08:00.000000000,0 days 22:31:00.000000000,0 days 23:59:00.000000000,0 days 21:26:00.000000000,0 days 23:59:00.000000000,0 days 23:59:00.000000000,0 days 23:47:00.000000000,0 days 23:09:00.000000000,0 days 23:17:00.000000000,0 days 23:55:00.000000000,0 days 23:25:00.000000000,0 days 23:12:00.000000000,0 days 23:00:00.000000000,0 days 23:59:00.000000000,36.0,134.0,4.0,6.0,4.0,7.0,146.0,619.0,1.0,1.0,1.0,1.0,1.0,1.0,75.0,619.0,61.0,0.0,17.0,24.0,163.0,546.0,9.0,10.0,20.0,29.0,22.0,27.0,38.0,44.0,282.0,619.0,2.0,1.0,0.737557,0.882068,0.909502,0.95315,1.0,1.0,1.0,1.0,0 days 23:25:00.000000000,0 days 21:48:00.000000000,0 days 23:04:00.000000000,0 days 22:25:00.000000000,0 days 23:55:00.000000000,0 days 21:19:00.000000000,0 days 23:46:00.000000000,0 days 23:57:00.000000000,0 days 23:46:00.000000000,0 days 23:59:00.000000000,0 days 23:16:00.000000000,0 days 23:54:00.000000000,0 days 23:24:00.000000000,0 days 23:11:00.000000000,0 days 23:04:00.000000000,0 days 23:57:00.000000000,163.0,546.0,20.0,29.0,38.0,44.0,221.0,619.0
2fb7fbc1-068f-4a54-a8ee-a41c99d0f7da,12.0,0.0,2.0,0.0,1.0,0.0,112.0,0.0,0 days 23:00:00.000000000,,0 days 22:51:00.000000000,,0 days 23:44:00.000000000,,0 days 23:00:00.000000000,,0 days 23:18:00.000000000,,0 days 22:51:00.000000000,,0 days 22:52:00.000000000,,0 days 23:00:00.000000000,,26.0,0.0,2.0,0.0,4.0,0.0,112.0,0.0,1.0,0.0,2.0,0.0,1.0,0.0,112.0,0.0,120.0,61.0,8.0,0.0,98.0,0.0,2.0,0.0,4.0,0.0,7.0,0.0,10.0,0.0,232.0,61.0,1.0,0.0,0.875,,0.964286,,1.0,,1.0,,0 days 23:34:00.000000000,,0 days 22:49:00.000000000,,0 days 23:40:00.000000000,,0 days 23:48:00.000000000,,0 days 23:17:00.000000000,,0 days 22:49:00.000000000,,0 days 22:51:00.000000000,,0 days 23:48:00.000000000,,98.0,0.0,4.0,0.0,10.0,0.0,112.0,0.0
318f91af-9b11-42f5-bdcd-7c9e35761da5,12.0,29.0,1.0,1.0,2.0,1.0,104.0,229.0,0 days 23:59:00.000000000,0 days 23:53:00.000000000,0 days 23:28:00.000000000,0 days 22:37:00.000000000,0 days 23:25:00.000000000,0 days 23:46:00.000000000,0 days 23:59:00.000000000,0 days 23:59:00.000000000,0 days 23:51:00.000000000,0 days 23:59:00.000000000,0 days 23:28:00.000000000,0 days 22:37:00.000000000,0 days 23:36:00.000000000,0 days 22:36:00.000000000,0 days 23:59:00.000000000,0 days 23:59:00.000000000,35.0,58.0,1.0,1.0,7.0,4.0,104.0,229.0,1.0,5.0,1.0,1.0,1.0,1.0,104.0,229.0,0.0,0.0,7.0,7.0,87.0,207.0,1.0,5.0,1.0,5.0,7.0,9.0,16.0,17.0,104.0,229.0,1.0,1.0,0.836538,0.90393,0.990385,0.978166,1.0,1.0,1.0,1.0,0 days 23:25:00.000000000,0 days 23:35:00.000000000,0 days 23:27:00.000000000,0 days 22:36:00.000000000,0 days 23:18:00.000000000,0 days 23:42:00.000000000,0 days 23:14:00.000000000,0 days 22:35:00.000000000,0 days 23:50:00.000000000,0 days 23:55:00.000000000,0 days 23:27:00.000000000,0 days 22:36:00.000000000,0 days 23:35:00.000000000,0 days 22:35:00.000000000,0 days 23:14:00.000000000,0 days 22:35:00.000000000,87.0,207.0,1.0,5.0,16.0,17.0,104.0,229.0
31c395a9-0128-46df-a90c-73160f0854b4,0.0,18.0,0.0,2.0,0.0,2.0,0.0,292.0,,0 days 18:52:00.000000000,,0 days 20:13:00.000000000,,0 days 19:18:00.000000000,,0 days 23:00:00.000000000,,0 days 18:54:00.000000000,,0 days 20:13:00.000000000,,0 days 18:53:00.000000000,,0 days 23:00:00.000000000,0.0,52.0,0.0,2.0,0.0,5.0,0.0,292.0,0.0,1.0,0.0,2.0,0.0,1.0,0.0,292.0,61.0,243.0,0.0,14.0,0.0,257.0,0.0,1.0,0.0,2.0,0.0,15.0,0.0,33.0,61.0,535.0,0.0,1.0,,0.880137,,0.993151,,1.0,,1.0,,0 days 18:00:00.000000000,,0 days 20:11:00.000000000,,0 days 19:13:00.000000000,,0 days 18:00:00.000000000,,0 days 18:53:00.000000000,,0 days 20:11:00.000000000,,0 days 18:52:00.000000000,,0 days 18:00:00.000000000,0.0,257.0,0.0,2.0,0.0,33.0,0.0,292.0
32d4b802-7471-49bd-ad59-e663b0d98682,4.0,0.0,5.0,0.0,1.0,0.0,8.0,0.0,0 days 23:00:00.000000000,,0 days 23:55:00.000000000,,0 days 23:50:00.000000000,,0 days 00:00:00.000000000,,0 days 00:00:00.000000000,,0 days 23:55:00.000000000,,0 days 23:50:00.000000000,,0 days 23:00:00.000000000,,5.0,0.0,5.0,0.0,1.0,0.0,11.0,0.0,4.0,0.0,5.0,0.0,1.0,0.0,5.0,0.0,242.0,244.0,2.0,0.0,9.0,0.0,1.0,0.0,5.0,0.0,2.0,0.0,2.0,0.0,258.0,244.0,2.0,0.0,0.5625,,0.6875,,1.0,,1.0,,0 days 18:00:00.000000000,,0 days 23:50:00.000000000,,0 days 23:49:00.000000000,,0 days 23:49:00.000000000,,0 days 23:56:00.000000000,,0 days 23:50:00.000000000,,0 days 23:49:00.000000000,,0 days 18:00:00.000000000,,9.0,0.0,5.0,0.0,2.0,0.0,16.0,0.0
34944ff7-1853-4fec-8d7d-73fc52bfa824,0.0,0.0,0.0,0.0,0.0,0.0,0.0,0.0,,,,,,,,,,,,,,,,,0.0,0.0,0.0,0.0,0.0,0.0,0.0,0.0,0.0,0.0,0.0,0.0,0.0,0.0,0.0,0.0,121.0,60.0,0.0,0.0,0.0,0.0,0.0,0.0,0.0,0.0,0.0,0.0,0.0,0.0,121.0,60.0,0.0,0.0,,,,,,,,,,,,,,,,,,,,,,,,,0.0,0.0,0.0,0.0,0.0,0.0,0.0,0.0
36492618-666c-4b87-9770-bcb67d2ca3de,5.0,11.0,1.0,1.0,1.0,1.0,61.0,52.0,0 days 23:28:00.000000000,0 days 23:59:00.000000000,0 days 23:09:00.000000000,0 days 23:57:00.000000000,0 days 23:41:00.000000000,0 days 23:56:00.000000000,0 days 00:00:00.000000000,0 days 23:59:00.000000000,0 days 23:43:00.000000000,0 days 23:14:00.000000000,0 days 23:09:00.000000000,0 days 23:57:00.000000000,0 days 23:10:00.000000000,0 days 23:56:00.000000000,0 days 00:00:00.000000000,0 days 23:59:00.000000000,18.0,34.0,1.0,1.0,4.0,1.0,61.0,52.0,2.0,3.0,1.0,1.0,1.0,1.0,61.0,52.0,61.0,0.0,8.0,4.0,47.0,46.0,1.0,1.0,1.0,1.0,8.0,5.0,13.0,5.0,122.0,52.0,1.0,1.0,0.770492,0.884615,0.983607,0.980769,1.0,1.0,1.0,1.0,0 days 23:10:00.000000000,0 days 23:26:00.000000000,0 days 23:08:00.000000000,0 days 23:56:00.000000000,0 days 23:37:00.000000000,0 days 23:55:00.000000000,0 days 23:00:00.000000000,0 days 23:55:00.000000000,0 days 23:41:00.000000000,0 days 23:58:00.000000000,0 days 23:08:00.000000000,0 days 23:56:00.000000000,0 days 23:09:00.000000000,0 days 23:55:00.000000000,0 days 23:00:00.000000000,0 days 23:55:00.000000000,47.0,46.0,1.0,1.0,13.0,5.0,61.0,52.0
3698dbcf-6b9e-4b00-a15a-f2cb26e6639d,,0.0,,0.0,,0.0,,0.0,,,,,,,,,,,,,,,,,,0.0,,0.0,,0.0,,0.0,,0.0,,0.0,,0.0,,0.0,,2.0,,0.0,,0.0,,0.0,,0.0,,0.0,,0.0,,2.0,,0.0,,,,,,,,,,,,,,,,,,,,,,,,,,0.0,,0.0,,0.0,,0.0
38861b6b-d04b-4f1f-8c17-c3c0a9f0a221,28.0,56.0,1.0,2.0,1.0,1.0,278.0,473.0,0 days 23:59:00.000000000,0 days 23:38:00.000000000,0 days 21:34:00.000000000,0 days 20:19:00.000000000,0 days 23:31:00.000000000,0 days 20:44:00.000000000,0 days 23:59:00.000000000,0 days 23:59:00.000000000,0 days 23:20:00.000000000,0 days 23:04:00.000000000,0 days 23:32:00.000000000,0 days 20:45:00.000000000,0 days 23:19:00.000000000,0 days 20:20:00.000000000,0 days 23:59:00.000000000,0 days 23:59:00.000000000,93.0,173.0,3.0,5.0,3.0,3.0,278.0,473.0,1.0,2.0,1.0,1.0,1.0,1.0,278.0,473.0,0.0,0.0,9.0,8.0,259.0,450.0,3.0,4.0,5.0,11.0,9.0,7.0,14.0,12.0,278.0,473.0,1.0,1.0,0.931655,0.951374,0.982014,0.976744,1.0,1.0,1.0,1.0,0 days 22:27:00.000000000,0 days 21:09:00.000000000,0 days 21:31:00.000000000,0 days 20:14:00.000000000,0 days 23:28:00.000000000,0 days 20:41:00.000000000,0 days 00:00:00.000000000,0 days 00:00:00.000000000,0 days 23:19:00.000000000,0 days 23:02:00.000000000,0 days 23:31:00.000000000,0 days 20:44:00.000000000,0 days 23:18:00.000000000,0 days 20:19:00.000000000,0 days 00:00:00.000000000,0 days 00:00:00.000000000,259.0,450.0,5.0,11.0,14.0,12.0,278.0,473.0
38edf5e3-bd76-4ec3-b1fc-c134915743c7,22.0,26.0,3.0,1.0,1.0,1.0,221.0,170.0,0 days 21:27:00.000000000,0 days 23:19:00.000000000,0 days 22:00:00.000000000,0 days 21:40:00.000000000,0 days 21:57:00.000000000,0 days 21:14:00.000000000,0 days 23:00:00.000000000,0 days 00:00:00.000000000,0 days 22:21:00.000000000,0 days 23:41:00.000000000,0 days 22:00:00.000000000,0 days 21:40:00.000000000,0 days 21:28:00.000000000,0 days 23:40:00.000000000,0 days 23:00:00.000000000,0 days 00:00:00.000000000,68.0,97.0,3.0,1.0,4.0,3.0,221.0,170.0,3.0,1.0,3.0,1.0,1.0,1.0,221.0,170.0,305.0,63.0,9.0,6.0,206.0,156.0,1.0,1.0,3.0,1.0,9.0,7.0,12.0,13.0,526.0,233.0,1.0,1.0,0.932127,0.917647,0.986425,0.994118,1.0,1.0,1.0,1.0,0 days 20:19:00.000000000,0 days 21:42:00.000000000,0 days 21:57:00.000000000,0 days 21:39:00.000000000,0 days 21:53:00.000000000,0 days 21:11:00.000000000,0 days 20:19:00.000000000,0 days 21:11:00.000000000,0 days 22:18:00.000000000,0 days 23:40:00.000000000,0 days 21:57:00.000000000,0 days 21:39:00.000000000,0 days 21:27:00.000000000,0 days 23:39:00.000000000,0 days 20:19:00.000000000,0 days 21:11:00.000000000,206.0,156.0,3.0,1.0,12.0,13.0,221.0,170.0
395bf3f4-ec02-494f-8f45-30ab62eda8e7,10.0,18.0,0.0,1.0,1.0,1.0,10.0,93.0,0 days 23:00:00.000000000,0 days 23:00:00.000000000,,0 days 22:47:00.000000000,0 days 23:41:00.000000000,0 days 22:51:00.000000000,0 days 23:00:00.000000000,0 days 23:00:00.000000000,0 days 00:00:00.000000000,0 days 23:54:00.000000000,,0 days 22:47:00.000000000,0 days 23:41:00.000000000,0 days 23:02:00.000000000,0 days 00:00:00.000000000,0 days 23:00:00.000000000,19.0,69.0,0.0,1.0,1.0,4.0,20.0,105.0,1.0,2.0,0.0,1.0,1.0,1.0,1.0,81.0,61.0,121.0,2.0,9.0,20.0,166.0,0.0,3.0,0.0,3.0,1.0,10.0,1.0,17.0,82.0,307.0,2.0,2.0,0.952381,0.892473,1.0,0.983871,1.0,1.0,1.0,1.0,0 days 23:41:00.000000000,0 days 22:51:00.000000000,,0 days 22:46:00.000000000,0 days 23:40:00.000000000,0 days 22:47:00.000000000,0 days 23:40:00.000000000,0 days 00:00:00.000000000,0 days 00:00:00.000000000,0 days 23:58:00.000000000,,0 days 22:46:00.000000000,0 days 23:40:00.000000000,0 days 23:01:00.000000000,0 days 00:00:00.000000000,0 days 22:39:00.000000000,20.0,166.0,0.0,3.0,1.0,17.0,21.0,186.0
3b9d6c27-13cc-47d9-b00e-af2e0d3d0009,,1.0,,0.0,,0.0,,1.0,,0 days 00:00:00.000000000,,,,,,0 days 00:00:00.000000000,,0 days 00:00:00.000000000,,,,,,0 days 00:00:00.000000000,,1.0,,0.0,,0.0,,1.0,,1.0,,0.0,,0.0,,1.0,,181.0,,1.0,,1.0,,0.0,,0.0,,0.0,,0.0,,182.0,,1.0,,1.0,,1.0,,,,,,0 days 00:00:00.000000000,,,,,,0 days 00:00:00.000000000,,0 days 00:00:00.000000000,,,,,,0 days 00:00:00.000000000,,1.0,,0.0,,0.0,,1.0
3bf51a01-8625-4c9b-a16c-24d10ccf8ae5,,53.0,,0.0,,1.0,,721.0,,0 days 23:27:00.000000000,,,,0 days 18:44:00.000000000,,0 days 23:59:00.000000000,,0 days 18:40:00.000000000,,,,0 days 23:28:00.000000000,,0 days 23:59:00.000000000,,327.0,,0.0,,4.0,,721.0,,1.0,,0.0,,1.0,,721.0,,1.0,,13.0,,700.0,,0.0,,0.0,,12.0,,21.0,,722.0,,1.0,,0.970874,,1.0,,1.0,,1.0,,0 days 18:00:00.000000000,,,,0 days 18:40:00.000000000,,0 days 18:00:00.000000000,,0 days 18:39:00.000000000,,,,0 days 23:27:00.000000000,,0 days 18:00:00.000000000,,700.0,,0.0,,21.0,,721.0
3dcb435d-656f-405f-81a1-49f7eae6c25e,,1.0,,0.0,,0.0,,1.0,,0 days 00:00:00.000000000,,,,,,0 days 00:00:00.000000000,,0 days 00:00:00.000000000,,,,,,0 days 00:00:00.000000000,,1.0,,0.0,,0.0,,1.0,,1.0,,0.0,,0.0,,1.0,,61.0,,1.0,,1.0,,0.0,,0.0,,0.0,,0.0,,62.0,,1.0,,1.0,,1.0,,,,,,0 days 00:00:00.000000000,,,,,,0 days 00:00:00.000000000,,0 days 00:00:00.000000000,,,,,,0 days 00:00:00.000000000,,1.0,,0.0,,0.0,,1.0
3fa86602-fc33-4c6f-9b3e-2cebd95104ee,3.0,9.0,3.0,2.0,4.0,2.0,10.0,34.0,0 days 23:59:00.000000000,0 days 23:00:00.000000000,0 days 23:53:00.000000000,0 days 23:47:00.000000000,0 days 23:57:00.000000000,0 days 23:59:00.000000000,0 days 23:59:00.000000000,0 days 23:00:00.000000000,0 days 23:59:00.000000000,0 days 23:54:00.000000000,0 days 23:53:00.000000000,0 days 23:43:00.000000000,0 days 23:57:00.000000000,0 days 23:42:00.000000000,0 days 23:59:00.000000000,0 days 23:59:00.000000000,3.0,36.0,3.0,3.0,4.0,5.0,10.0,38.0,3.0,1.0,3.0,1.0,4.0,1.0,10.0,31.0,0.0,60.0,1.0,5.0,3.0,47.0,1.0,3.0,3.0,6.0,1.0,8.0,4.0,16.0,10.0,129.0,1.0,2.0,0.3,0.681159,0.7,0.913043,1.0,1.0,1.0,1.0,0 days 23:57:00.000000000,0 days 23:26:00.000000000,0 days 23:50:00.000000000,0 days 23:44:00.000000000,0 days 23:53:00.000000000,0 days 23:54:00.000000000,0 days 23:50:00.000000000,0 days 23:24:00.000000000,0 days 23:57:00.000000000,0 days 23:53:00.000000000,0 days 23:50:00.000000000,0 days 23:42:00.000000000,0 days 23:53:00.000000000,0 days 23:41:00.000000000,0 days 23:50:00.000000000,0 days 23:41:00.000000000,3.0,47.0,3.0,6.0,4.0,16.0,10.0,69.0
3ff2b7eb-622c-4ae9-9d89-7d2af5430d34,,28.0,,2.0,,1.0,,45.0,,0 days 23:53:00.000000000,,0 days 22:40:00.000000000,,0 days 22:41:00.000000000,,0 days 23:00:00.000000000,,0 days 23:00:00.000000000,,0 days 22:40:00.000000000,,0 days 22:41:00.000000000,,0 days 00:00:00.000000000,,72.0,,2.0,,1.0,,83.0,,7.0,,2.0,,1.0,,8.0,,122.0,,3.0,,86.0,,1.0,,2.0,,3.0,,3.0,,213.0,,2.0,,0.945055,,0.978022,,1.0,,1.0,,0 days 22:41:00.000000000,,0 days 22:38:00.000000000,,0 days 22:40:00.000000000,,0 days 22:38:00.000000000,,0 days 23:54:00.000000000,,0 days 22:38:00.000000000,,0 days 22:40:00.000000000,,0 days 23:53:00.000000000,,86.0,,2.0,,3.0,,91.0
417abe6d-ef78-4f01-b632-844af6cb8fe7,0.0,64.0,0.0,2.0,0.0,1.0,0.0,337.0,,0 days 18:58:00.000000000,,0 days 18:04:00.000000000,,0 days 22:46:00.000000000,,0 days 23:00:00.000000000,,0 days 18:05:00.000000000,,0 days 18:03:00.000000000,,0 days 18:04:00.000000000,,0 days 23:00:00.000000000,0.0,226.0,0.0,4.0,0.0,4.0,0.0,661.0,0.0,1.0,0.0,1.0,0.0,1.0,0.0,14.0,60.0,120.0,0.0,10.0,0.0,649.0,0.0,4.0,0.0,8.0,0.0,12.0,0.0,18.0,60.0,795.0,0.0,2.0,,0.961481,,0.988148,,1.0,,1.0,,0 days 20:15:00.000000000,,0 days 18:00:00.000000000,,0 days 22:42:00.000000000,,0 days 18:02:00.000000000,,0 days 18:04:00.000000000,,0 days 18:02:00.000000000,,0 days 18:03:00.000000000,,0 days 18:00:00.000000000,0.0,649.0,0.0,8.0,0.0,18.0,0.0,675.0
447a64e5-f754-4082-b0fa-0000f34eeda8,,10.0,,1.0,,4.0,,15.0,,0 days 00:00:00.000000000,,0 days 23:48:00.000000000,,0 days 23:52:00.000000000,,0 days 00:00:00.000000000,,0 days 00:00:00.000000000,,0 days 23:48:00.000000000,,0 days 23:52:00.000000000,,0 days 00:00:00.000000000,,10.0,,1.0,,4.0,,15.0,,10.0,,1.0,,4.0,,15.0,,1.0,,1.0,,10.0,,1.0,,1.0,,1.0,,4.0,,16.0,,1.0,,0.666667,,0.933333,,1.0,,1.0,,0 days 23:52:00.000000000,,0 days 23:47:00.000000000,,0 days 23:48:00.000000000,,0 days 23:47:00.000000000,,0 days 23:52:00.000000000,,0 days 23:47:00.000000000,,0 days 23:48:00.000000000,,0 days 23:47:00.000000000,,10.0,,1.0,,4.0,,15.0
44ff689e-4138-43cc-8f6d-2d8323125ee1,0.0,4.0,0.0,2.0,0.0,1.0,0.0,6.0,,0 days 00:00:00.000000000,,0 days 23:51:00.000000000,,0 days 23:52:00.000000000,,0 days 00:00:00.000000000,,0 days 23:00:00.000000000,,0 days 23:51:00.000000000,,0 days 23:52:00.000000000,,0 days 23:00:00.000000000,0.0,8.0,0.0,2.0,0.0,1.0,0.0,11.0,0.0,1.0,0.0,2.0,0.0,1.0,0.0,1.0,123.0,304.0,0.0,2.0,0.0,9.0,0.0,1.0,0.0,2.0,0.0,1.0,0.0,1.0,123.0,316.0,0.0,2.0,,0.75,,0.833333,,1.0,,1.0,,0 days 23:52:00.000000000,,0 days 23:49:00.000000000,,0 days 23:51:00.000000000,,0 days 23:49:00.000000000,,0 days 00:00:00.000000000,,0 days 23:49:00.000000000,,0 days 23:51:00.000000000,,0 days 00:00:00.000000000,0.0,9.0,0.0,2.0,0.0,1.0,0.0,12.0
4522b36a-6215-4768-b42a-55e79677d4ec,14.0,24.0,3.0,3.0,1.0,1.0,194.0,301.0,0 days 23:28:00.000000000,0 days 23:00:00.000000000,0 days 23:59:00.000000000,0 days 23:03:00.000000000,0 days 23:40:00.000000000,0 days 23:47:00.000000000,0 days 23:59:00.000000000,0 days 00:00:00.000000000,0 days 23:37:00.000000000,0 days 23:03:00.000000000,0 days 23:59:00.000000000,0 days 21:18:00.000000000,0 days 23:51:00.000000000,0 days 23:10:00.000000000,0 days 23:59:00.000000000,0 days 23:00:00.000000000,56.0,111.0,3.0,7.0,3.0,5.0,194.0,411.0,2.0,1.0,3.0,1.0,1.0,1.0,194.0,192.0,0.0,122.0,12.0,23.0,174.0,556.0,1.0,4.0,3.0,12.0,12.0,23.0,17.0,35.0,194.0,725.0,1.0,2.0,0.896907,0.922056,0.984536,0.980099,1.0,1.0,1.0,1.0,0 days 23:05:00.000000000,0 days 22:10:00.000000000,0 days 23:56:00.000000000,0 days 22:56:00.000000000,0 days 23:37:00.000000000,0 days 23:42:00.000000000,0 days 00:00:00.000000000,0 days 00:00:00.000000000,0 days 00:00:00.000000000,0 days 00:00:00.000000000,0 days 23:56:00.000000000,0 days 21:17:00.000000000,0 days 23:50:00.000000000,0 days 23:09:00.000000000,0 days 00:00:00.000000000,0 days 22:46:00.000000000,174.0,556.0,3.0,12.0,17.0,35.0,194.0,603.0
4d4c47ec-5a3c-4c9c-b32b-83da30500857,0.0,11.0,0.0,0.0,0.0,6.0,0.0,28.0,,0 days 23:00:00.000000000,,,,0 days 23:39:00.000000000,,0 days 23:00:00.000000000,,0 days 23:33:00.000000000,,,,0 days 23:39:00.000000000,,0 days 23:00:00.000000000,0.0,21.0,0.0,0.0,0.0,6.0,0.0,28.0,0.0,1.0,0.0,0.0,0.0,6.0,0.0,28.0,60.0,181.0,0.0,2.0,0.0,22.0,0.0,0.0,0.0,0.0,0.0,1.0,0.0,6.0,60.0,209.0,0.0,1.0,,0.785714,,1.0,,1.0,,1.0,,0 days 23:39:00.000000000,,,,0 days 23:33:00.000000000,,0 days 00:00:00.000000000,,0 days 00:00:00.000000000,,,,0 days 23:33:00.000000000,,0 days 00:00:00.000000000,0.0,22.0,0.0,0.0,0.0,6.0,0.0,28.0
4de0beb1-cfa8-4410-809d-d05322b1a0c8,42.0,,0.0,,1.0,,217.0,,0 days 23:12:00.000000000,,,,0 days 20:33:00.000000000,,0 days 23:59:00.000000000,,0 days 23:15:00.000000000,,,,0 days 20:45:00.000000000,,0 days 23:59:00.000000000,,147.0,,0.0,,3.0,,217.0,,1.0,,0.0,,1.0,,217.0,,0.0,,5.0,,210.0,,0.0,,0.0,,4.0,,7.0,,217.0,,1.0,,0.967742,,1.0,,1.0,,1.0,,0 days 20:45:00.000000000,,,,0 days 20:30:00.000000000,,0 days 00:00:00.000000000,,0 days 23:14:00.000000000,,,,0 days 20:44:00.000000000,,0 days 00:00:00.000000000,,210.0,,0.0,,7.0,,217.0,
4e20289a-32ca-47be-a2c5-f0bd66ab9176,0.0,9.0,0.0,0.0,0.0,0.0,0.0,9.0,,0 days 00:00:00.000000000,,,,,,0 days 00:00:00.000000000,,0 days 00:00:00.000000000,,,,,,0 days 00:00:00.000000000,0.0,9.0,0.0,0.0,0.0,0.0,0.0,9.0,0.0,9.0,0.0,0.0,0.0,0.0,0.0,9.0,61.0,183.0,0.0,1.0,0.0,9.0,0.0,0.0,0.0,0.0,0.0,0.0,0.0,0.0,61.0,192.0,0.0,1.0,,1.0,,1.0,,1.0,,1.0,,0 days 23:51:00.000000000,,,,,,0 days 23:51:00.000000000,,0 days 23:51:00.000000000,,,,,,0 days 23:51:00.000000000,0.0,9.0,0.0,0.0,0.0,0.0,0.0,9.0
5542666d-5bf4-4a1b-b17c-e3580c4cd773,,1.0,,3.0,,5.0,,26.0,,0 days 23:45:00.000000000,,0 days 23:57:00.000000000,,0 days 00:00:00.000000000,,0 days 00:00:00.000000000,,0 days 23:45:00.000000000,,0 days 23:46:00.000000000,,0 days 23:59:00.000000000,,0 days 00:00:00.000000000,,1.0,,6.0,,10.0,,26.0,,1.0,,1.0,,2.0,,26.0,,0.0,,2.0,,2.0,,3.0,,9.0,,3.0,,15.0,,26.0,,1.0,,0.0769231,,0.653846,,1.0,,1.0,,0 days 23:59:00.000000000,,0 days 23:51:00.000000000,,0 days 23:51:00.000000000,,0 days 23:51:00.000000000,,0 days 23:59:00.000000000,,0 days 23:45:00.000000000,,0 days 23:57:00.000000000,,0 days 23:51:00.000000000,,2.0,,9.0,,15.0,,26.0
5a5e44dd-1b8f-4c26-ba16-65593a8b59eb,11.0,4.0,3.0,8.0,2.0,2.0,36.0,14.0,0 days 23:59:00.000000000,0 days 00:00:00.000000000,0 days 23:30:00.000000000,0 days 23:55:00.000000000,0 days 23:45:00.000000000,0 days 23:57:00.000000000,0 days 23:59:00.000000000,0 days 00:00:00.000000000,0 days 23:42:00.000000000,0 days 00:00:00.000000000,0 days 23:46:00.000000000,0 days 23:55:00.000000000,0 days 23:47:00.000000000,0 days 23:57:00.000000000,0 days 23:59:00.000000000,0 days 00:00:00.000000000,13.0,4.0,6.0,8.0,3.0,2.0,36.0,14.0,10.0,4.0,1.0,8.0,1.0,2.0,36.0,14.0,0.0,1.0,2.0,1.0,23.0,4.0,2.0,1.0,7.0,8.0,3.0,1.0,6.0,2.0,36.0,15.0,1.0,1.0,0.638889,0.285714,0.805556,0.428571,1.0,1.0,1.0,1.0,0 days 23:47:00.000000000,0 days 23:57:00.000000000,0 days 23:24:00.000000000,0 days 23:47:00.000000000,0 days 23:42:00.000000000,0 days 23:55:00.000000000,0 days 23:24:00.000000000,0 days 23:47:00.000000000,0 days 23:32:00.000000000,0 days 23:57:00.000000000,0 days 23:45:00.000000000,0 days 23:47:00.000000000,0 days 23:46:00.000000000,0 days 23:55:00.000000000,0 days 23:24:00.000000000,0 days 23:47:00.000000000,23.0,4.0,7.0,8.0,6.0,2.0,36.0,14.0
5a6686fd-5017-4c17-9dd4-4081d5448b7d,29.0,114.0,1.0,3.0,1.0,1.0,215.0,407.0,0 days 23:59:00.000000000,0 days 22:45:00.000000000,0 days 23:18:00.000000000,0 days 22:14:00.000000000,0 days 23:56:00.000000000,0 days 18:34:00.000000000,0 days 00:00:00.000000000,0 days 23:00:00.000000000,0 days 23:53:00.000000000,0 days 23:00:00.000000000,0 days 23:54:00.000000000,0 days 22:46:00.000000000,0 days 22:21:00.000000000,0 days 21:39:00.000000000,0 days 00:00:00.000000000,0 days 23:59:00.000000000,99.0,297.0,2.0,5.0,2.0,2.0,215.0,631.0,1.0,19.0,1.0,1.0,1.0,1.0,215.0,184.0,0.0,61.0,7.0,7.0,204.0,800.0,4.0,2.0,5.0,6.0,5.0,6.0,6.0,9.0,215.0,876.0,1.0,2.0,0.948837,0.981595,0.976744,0.992638,1.0,1.0,1.0,1.0,0 days 22:23:00.000000000,0 days 22:15:00.000000000,0 days 23:59:00.000000000,0 days 22:09:00.000000000,0 days 23:54:00.000000000,0 days 18:32:00.000000000,0 days 00:00:00.000000000,0 days 00:00:00.000000000,0 days 00:00:00.000000000,0 days 23:42:00.000000000,0 days 23:53:00.000000000,0 days 22:45:00.000000000,0 days 22:20:00.000000000,0 days 21:38:00.000000000,0 days 00:00:00.000000000,0 days 00:00:00.000000000,204.0,800.0,5.0,6.0,6.0,9.0,215.0,815.0
5d02f383-d24c-4902-b728-1380c99105ee,1.0,18.0,0.0,3.0,0.0,1.0,1.0,47.0,0 days 00:00:00.000000000,0 days 00:00:00.000000000,,0 days 23:22:00.000000000,,0 days 23:17:00.000000000,0 days 00:00:00.000000000,0 days 00:00:00.000000000,0 days 00:00:00.000000000,0 days 23:15:00.000000000,,0 days 23:25:00.000000000,,0 days 23:26:00.000000000,0 days 00:00:00.000000000,0 days 00:00:00.000000000,1.0,35.0,0.0,5.0,0.0,2.0,1.0,47.0,1.0,1.0,0.0,1.0,0.0,1.0,1.0,47.0,0.0,62.0,1.0,2.0,1.0,36.0,0.0,2.0,0.0,6.0,0.0,3.0,0.0,5.0,1.0,109.0,1.0,1.0,1.0,0.765957,1.0,0.87234,,1.0,,1.0,0 days 00:00:00.000000000,0 days 23:26:00.000000000,,0 days 23:17:00.000000000,,0 days 23:15:00.000000000,0 days 00:00:00.000000000,0 days 23:14:00.000000000,0 days 00:00:00.000000000,0 days 23:14:00.000000000,,0 days 23:24:00.000000000,,0 days 23:25:00.000000000,0 days 00:00:00.000000000,0 days 23:14:00.000000000,1.0,36.0,0.0,6.0,0.0,5.0,1.0,47.0
626aaffc-c174-48ca-a179-cab025b9bc98,38.0,32.0,0.0,4.0,1.0,1.0,156.0,292.0,0 days 23:44:00.000000000,0 days 20:02:00.000000000,,0 days 19:33:00.000000000,0 days 21:25:00.000000000,0 days 19:47:00.000000000,0 days 23:00:00.000000000,0 days 23:00:00.000000000,0 days 22:06:00.000000000,0 days 23:03:00.000000000,,0 days 19:33:00.000000000,0 days 21:25:00.000000000,0 days 19:34:00.000000000,0 days 23:00:00.000000000,0 days 23:00:00.000000000,97.0,122.0,0.0,4.0,1.0,3.0,156.0,312.0,2.0,1.0,0.0,4.0,1.0,1.0,156.0,272.0,61.0,243.0,4.0,17.0,152.0,559.0,0.0,1.0,0.0,4.0,4.0,17.0,4.0,21.0,217.0,827.0,1.0,2.0,0.974359,0.957192,1.0,0.993151,1.0,1.0,1.0,1.0,0 days 22:07:00.000000000,0 days 18:00:00.000000000,,0 days 19:29:00.000000000,0 days 21:24:00.000000000,0 days 19:44:00.000000000,0 days 21:24:00.000000000,0 days 18:00:00.000000000,0 days 22:04:00.000000000,0 days 23:02:00.000000000,,0 days 19:29:00.000000000,0 days 21:24:00.000000000,0 days 19:33:00.000000000,0 days 21:24:00.000000000,0 days 19:29:00.000000000,152.0,559.0,0.0,4.0,4.0,21.0,156.0,584.0
649357ac-11ab-4fc7-acd2-816a3844d81b,1.0,0.0,0.0,0.0,0.0,0.0,1.0,0.0,0 days 00:00:00.000000000,,,,,,0 days 00:00:00.000000000,,0 days 00:00:00.000000000,,,,,,0 days 00:00:00.000000000,,1.0,0.0,0.0,0.0,0.0,0.0,1.0,0.0,1.0,0.0,0.0,0.0,0.0,0.0,1.0,0.0,61.0,61.0,1.0,0.0,1.0,0.0,0.0,0.0,0.0,0.0,0.0,0.0,0.0,0.0,62.0,61.0,1.0,0.0,1.0,,1.0,,,,,,0 days 00:00:00.000000000,,,,,,0 days 00:00:00.000000000,,0 days 00:00:00.000000000,,,,,,0 days 00:00:00.000000000,,1.0,0.0,0.0,0.0,0.0,0.0,1.0,0.0
64e25c38-ee68-4e06-8990-09ba71759cf1,,47.0,,1.0,,1.0,,197.0,,0 days 23:27:00.000000000,,0 days 20:44:00.000000000,,0 days 20:52:00.000000000,,0 days 00:00:00.000000000,,0 days 20:50:00.000000000,,0 days 20:44:00.000000000,,0 days 20:45:00.000000000,,0 days 00:00:00.000000000,,128.0,,1.0,,2.0,,197.0,,5.0,,1.0,,1.0,,197.0,,62.0,,4.0,,190.0,,1.0,,1.0,,5.0,,6.0,,259.0,,1.0,,0.964467,,0.994924,,1.0,,1.0,,0 days 21:19:00.000000000,,0 days 20:43:00.000000000,,0 days 20:50:00.000000000,,0 days 20:43:00.000000000,,0 days 20:45:00.000000000,,0 days 20:43:00.000000000,,0 days 20:44:00.000000000,,0 days 20:43:00.000000000,,190.0,,1.0,,6.0,,197.0
65e91776-4319-4b41-ae66-28db6473fc60,9.0,30.0,4.0,0.0,1.0,1.0,64.0,46.0,0 days 23:16:00.000000000,0 days 23:56:00.000000000,0 days 23:24:00.000000000,,0 days 23:46:00.000000000,0 days 23:57:00.000000000,0 days 00:00:00.000000000,0 days 23:59:00.000000000,0 days 23:28:00.000000000,0 days 23:00:00.000000000,0 days 23:56:00.000000000,,0 days 23:25:00.000000000,0 days 23:57:00.000000000,0 days 00:00:00.000000000,0 days 23:00:00.000000000,19.0,87.0,6.0,0.0,3.0,1.0,64.0,91.0,3.0,1.0,2.0,0.0,1.0,1.0,64.0,1.0,0.0,304.0,5.0,3.0,45.0,90.0,2.0,0.0,8.0,0.0,6.0,2.0,11.0,2.0,64.0,396.0,1.0,2.0,0.703125,0.978261,0.875,1.0,1.0,1.0,1.0,1.0,0 days 22:57:00.000000000,0 days 22:29:00.000000000,0 days 23:18:00.000000000,,0 days 23:43:00.000000000,0 days 23:56:00.000000000,0 days 22:57:00.000000000,0 days 22:29:00.000000000,0 days 23:25:00.000000000,0 days 00:00:00.000000000,0 days 23:54:00.000000000,,0 days 23:24:00.000000000,0 days 23:56:00.000000000,0 days 22:57:00.000000000,0 days 00:00:00.000000000,45.0,90.0,8.0,0.0,11.0,2.0,64.0,92.0
66368d24-f87e-4db0-ab9d-c450c33becf3,0.0,37.0,0.0,0.0,0.0,1.0,0.0,192.0,,0 days 19:40:00.000000000,,,,0 days 22:33:00.000000000,,0 days 00:00:00.000000000,,0 days 22:35:00.000000000,,,,0 days 22:36:00.000000000,,0 days 00:00:00.000000000,0.0,100.0,0.0,0.0,0.0,4.0,0.0,192.0,0.0,2.0,0.0,0.0,0.0,1.0,0.0,192.0,122.0,0.0,0.0,5.0,0.0,185.0,0.0,0.0,0.0,0.0,0.0,4.0,0.0,7.0,122.0,192.0,0.0,1.0,,0.963542,,1.0,,1.0,,1.0,,0 days 18:00:00.000000000,,,,0 days 19:40:00.000000000,,0 days 18:00:00.000000000,,0 days 22:33:00.000000000,,,,0 days 22:35:00.000000000,,0 days 18:00:00.000000000,0.0,185.0,0.0,0.0,0.0,7.0,0.0,192.0
66b66952-ae50-46c4-8f79-1d2117ac6691,,55.0,,5.0,,2.0,,181.0,,0 days 23:00:00.000000000,,0 days 23:07:00.000000000,,0 days 22:24:00.000000000,,0 days 00:00:00.000000000,,0 days 00:00:00.000000000,,0 days 23:07:00.000000000,,0 days 23:44:00.000000000,,0 days 00:00:00.000000000,,117.0,,5.0,,4.0,,181.0,,16.0,,5.0,,1.0,,181.0,,62.0,,3.0,,167.0,,1.0,,5.0,,4.0,,9.0,,243.0,,1.0,,0.922652,,0.972376,,1.0,,1.0,,0 days 22:24:00.000000000,,0 days 23:02:00.000000000,,0 days 22:20:00.000000000,,0 days 22:20:00.000000000,,0 days 23:44:00.000000000,,0 days 23:02:00.000000000,,0 days 23:43:00.000000000,,0 days 22:20:00.000000000,,167.0,,5.0,,9.0,,181.0
687020d4-2b4c-483d-9124-ca34195f8af7,16.0,15.0,1.0,2.0,2.0,2.0,118.0,276.0,0 days 23:01:00.000000000,0 days 23:33:00.000000000,0 days 23:04:00.000000000,0 days 23:12:00.000000000,0 days 22:21:00.000000000,0 days 00:00:00.000000000,0 days 00:00:00.000000000,0 days 00:00:00.000000000,0 days 22:15:00.000000000,0 days 22:40:00.000000000,0 days 23:04:00.000000000,0 days 22:43:00.000000000,0 days 22:25:00.000000000,0 days 22:33:00.000000000,0 days 00:00:00.000000000,0 days 00:00:00.000000000,36.0,54.0,1.0,5.0,6.0,5.0,118.0,276.0,2.0,1.0,1.0,1.0,1.0,1.0,118.0,276.0,1.0,122.0,6.0,15.0,101.0,226.0,2.0,4.0,2.0,10.0,6.0,18.0,15.0,40.0,119.0,398.0,1.0,1.0,0.855932,0.818841,0.983051,0.963768,1.0,1.0,1.0,1.0,0 days 22:25:00.000000000,0 days 22:39:00.000000000,0 days 23:03:00.000000000,0 days 23:07:00.000000000,0 days 22:15:00.000000000,0 days 23:55:00.000000000,0 days 00:00:00.000000000,0 days 22:32:00.000000000,0 days 00:00:00.000000000,0 days 22:39:00.000000000,0 days 23:03:00.000000000,0 days 22:42:00.000000000,0 days 22:24:00.000000000,0 days 22:32:00.000000000,0 days 00:00:00.000000000,0 days 22:32:00.000000000,101.0,226.0,2.0,10.0,15.0,40.0,118.0,276.0
699a92cf-42b7-4a29-bd1b-edf43d06dd54,0.0,,0.0,,0.0,,0.0,,,,,,,,,,,,,,,,,,0.0,,0.0,,0.0,,0.0,,0.0,,0.0,,0.0,,0.0,,61.0,,0.0,,0.0,,0.0,,0.0,,0.0,,0.0,,61.0,,0.0,,,,,,,,,,,,,,,,,,,,,,,,,,0.0,,0.0,,0.0,,0.0,
69d0a3bb-40c8-42a8-838d-1bb275f28d1b,20.0,42.0,12.0,1.0,0.0,0.0,52.0,348.0,0 days 19:12:00.000000000,0 days 22:58:00.000000000,0 days 19:40:00.000000000,0 days 22:15:00.000000000,,,0 days 23:00:00.000000000,0 days 23:59:00.000000000,0 days 00:00:00.000000000,0 days 22:32:00.000000000,0 days 19:13:00.000000000,0 days 22:15:00.000000000,,,0 days 00:00:00.000000000,0 days 23:59:00.000000000,72.0,121.0,23.0,1.0,0.0,0.0,103.0,348.0,1.0,6.0,1.0,1.0,0.0,0.0,1.0,348.0,61.0,0.0,4.0,8.0,80.0,341.0,2.0,7.0,24.0,7.0,0.0,0.0,0.0,0.0,165.0,348.0,2.0,1.0,0.769231,0.979885,0.769231,0.979885,1.0,1.0,1.0,1.0,0 days 18:00:00.000000000,0 days 22:50:00.000000000,0 days 19:17:00.000000000,0 days 22:14:00.000000000,,,0 days 18:00:00.000000000,0 days 21:41:00.000000000,0 days 00:00:00.000000000,0 days 00:00:00.000000000,0 days 19:12:00.000000000,0 days 22:14:00.000000000,,,0 days 00:00:00.000000000,0 days 21:41:00.000000000,80.0,341.0,24.0,7.0,0.0,0.0,104.0,348.0
6afbdb8a-a1cf-4248-852a-24e56ee5766a,0.0,1.0,0.0,0.0,0.0,0.0,0.0,1.0,,0 days 00:00:00.000000000,,,,,,0 days 00:00:00.000000000,,0 days 00:00:00.000000000,,,,,,0 days 00:00:00.000000000,0.0,1.0,0.0,0.0,0.0,0.0,0.0,1.0,0.0,1.0,0.0,0.0,0.0,0.0,0.0,1.0,303.0,0.0,0.0,1.0,0.0,1.0,0.0,0.0,0.0,0.0,0.0,0.0,0.0,0.0,303.0,1.0,0.0,1.0,,1.0,,1.0,,,,,,0 days 00:00:00.000000000,,,,,,0 days 00:00:00.000000000,,0 days 00:00:00.000000000,,,,,,0 days 00:00:00.000000000,0.0,1.0,0.0,0.0,0.0,0.0,0.0,1.0
6d73aa4b-1be4-426b-8d6b-c811bd2170fa,0.0,0.0,0.0,0.0,0.0,0.0,0.0,0.0,,,,,,,,,,,,,,,,,0.0,0.0,0.0,0.0,0.0,0.0,0.0,0.0,0.0,0.0,0.0,0.0,0.0,0.0,0.0,0.0,123.0,60.0,0.0,0.0,0.0,0.0,0.0,0.0,0.0,0.0,0.0,0.0,0.0,0.0,123.0,60.0,0.0,0.0,,,,,,,,,,,,,,,,,,,,,,,,,0.0,0.0,0.0,0.0,0.0,0.0,0.0,0.0
6e12238e-2105-4bd3-be42-9b2ce1bf4946,19.0,43.0,1.0,0.0,1.0,1.0,235.0,89.0,0 days 00:00:00.000000000,0 days 20:21:00.000000000,0 days 18:55:00.000000000,,0 days 21:50:00.000000000,0 days 21:26:00.000000000,0 days 00:00:00.000000000,0 days 23:00:00.000000000,0 days 18:53:00.000000000,0 days 23:00:00.000000000,0 days 19:02:00.000000000,,0 days 21:35:00.000000000,0 days 20:22:00.000000000,0 days 00:00:00.000000000,0 days 23:00:00.000000000,77.0,76.0,2.0,0.0,2.0,2.0,235.0,177.0,1.0,1.0,1.0,0.0,1.0,1.0,235.0,1.0,0.0,182.0,11.0,4.0,219.0,175.0,2.0,0.0,3.0,0.0,9.0,2.0,13.0,3.0,235.0,360.0,1.0,2.0,0.931915,0.983146,0.987234,1.0,1.0,1.0,1.0,1.0,0 days 19:02:00.000000000,0 days 19:05:00.000000000,0 days 18:53:00.000000000,,0 days 21:48:00.000000000,0 days 21:24:00.000000000,0 days 00:00:00.000000000,0 days 19:05:00.000000000,0 days 18:52:00.000000000,0 days 00:00:00.000000000,0 days 19:01:00.000000000,,0 days 00:00:00.000000000,0 days 20:21:00.000000000,0 days 00:00:00.000000000,0 days 00:00:00.000000000,219.0,175.0,3.0,0.0,13.0,3.0,235.0,178.0
6e60c67a-9bb0-4818-9625-1afe9788fe6b,35.0,36.0,0.0,1.0,1.0,2.0,408.0,285.0,0 days 22:34:00.000000000,0 days 21:54:00.000000000,,0 days 21:59:00.000000000,0 days 23:16:00.000000000,0 days 22:03:00.000000000,0 days 23:59:00.000000000,0 days 00:00:00.000000000,0 days 22:48:00.000000000,0 days 22:18:00.000000000,,0 days 21:51:00.000000000,0 days 22:49:00.000000000,0 days 23:58:00.000000000,0 days 23:59:00.000000000,0 days 00:00:00.000000000,92.0,114.0,0.0,3.0,6.0,7.0,408.0,285.0,2.0,1.0,0.0,1.0,1.0,1.0,408.0,285.0,0.0,0.0,11.0,7.0,389.0,254.0,0.0,4.0,0.0,6.0,11.0,9.0,19.0,25.0,408.0,285.0,1.0,1.0,0.953431,0.891228,1.0,0.978947,1.0,1.0,1.0,1.0,0 days 21:02:00.000000000,0 days 22:29:00.000000000,,0 days 21:56:00.000000000,0 days 23:10:00.000000000,0 days 21:56:00.000000000,0 days 22:44:00.000000000,0 days 23:57:00.000000000,0 days 22:46:00.000000000,0 days 22:17:00.000000000,,0 days 21:50:00.000000000,0 days 22:48:00.000000000,0 days 23:57:00.000000000,0 days 22:44:00.000000000,0 days 23:57:00.000000000,389.0,254.0,0.0,6.0,19.0,25.0,408.0,285.0
6fb4842f-8beb-4539-8b18-e21d89d3254e,5.0,14.0,1.0,0.0,1.0,1.0,84.0,74.0,0 days 23:43:00.000000000,0 days 00:00:00.000000000,0 days 23:20:00.000000000,,0 days 23:17:00.000000000,0 days 23:07:00.000000000,0 days 00:00:00.000000000,0 days 00:00:00.000000000,0 days 23:37:00.000000000,0 days 23:08:00.000000000,0 days 23:33:00.000000000,,0 days 23:38:00.000000000,0 days 23:43:00.000000000,0 days 00:00:00.000000000,0 days 23:00:00.000000000,12.0,50.0,3.0,0.0,4.0,5.0,84.0,130.0,2.0,1.0,1.0,0.0,1.0,1.0,84.0,18.0,0.0,186.0,8.0,9.0,46.0,133.0,6.0,0.0,10.0,0.0,15.0,8.0,28.0,15.0,84.0,334.0,1.0,2.0,0.547619,0.898649,0.880952,1.0,1.0,1.0,1.0,1.0,0 days 23:31:00.000000000,0 days 23:10:00.000000000,0 days 23:17:00.000000000,,0 days 23:13:00.000000000,0 days 23:02:00.000000000,0 days 23:13:00.000000000,0 days 23:00:00.000000000,0 days 23:35:00.000000000,0 days 23:07:00.000000000,0 days 23:32:00.000000000,,0 days 23:37:00.000000000,0 days 23:42:00.000000000,0 days 23:13:00.000000000,0 days 23:42:00.000000000,46.0,133.0,10.0,0.0,28.0,15.0,84.0,148.0
7230d0d5-fab8-4462-9952-69aee6866b04,14.0,0.0,1.0,0.0,0.0,0.0,30.0,0.0,0 days 23:59:00.000000000,,0 days 23:33:00.000000000,,,,0 days 23:59:00.000000000,,0 days 23:32:00.000000000,,0 days 23:33:00.000000000,,,,0 days 23:59:00.000000000,,27.0,0.0,1.0,0.0,0.0,0.0,30.0,0.0,2.0,0.0,1.0,0.0,0.0,0.0,30.0,0.0,60.0,242.0,2.0,0.0,29.0,0.0,1.0,0.0,1.0,0.0,0.0,0.0,0.0,0.0,90.0,242.0,1.0,0.0,0.966667,,0.966667,,1.0,,1.0,,0 days 23:33:00.000000000,,0 days 23:32:00.000000000,,,,0 days 23:30:00.000000000,,0 days 23:30:00.000000000,,0 days 23:32:00.000000000,,,,0 days 23:30:00.000000000,,29.0,0.0,1.0,0.0,0.0,0.0,30.0,0.0
7398824b-a04d-4252-afe8-d0f392a5cd48,0.0,2.0,1.0,0.0,0.0,1.0,1.0,6.0,,0 days 23:58:00.000000000,0 days 00:00:00.000000000,,,0 days 23:59:00.000000000,0 days 00:00:00.000000000,0 days 00:00:00.000000000,,0 days 00:00:00.000000000,0 days 00:00:00.000000000,,,0 days 23:59:00.000000000,0 days 00:00:00.000000000,0 days 00:00:00.000000000,0.0,3.0,1.0,0.0,0.0,1.0,1.0,6.0,0.0,1.0,1.0,0.0,0.0,1.0,1.0,6.0,1.0,183.0,0.0,2.0,0.0,4.0,1.0,0.0,1.0,0.0,0.0,2.0,0.0,2.0,2.0,189.0,1.0,1.0,0.0,0.666667,0.0,1.0,,1.0,,1.0,,0 days 23:55:00.000000000,0 days 00:00:00.000000000,,,0 days 23:58:00.000000000,0 days 00:00:00.000000000,0 days 23:55:00.000000000,,0 days 23:59:00.000000000,0 days 00:00:00.000000000,,,0 days 23:58:00.000000000,0 days 00:00:00.000000000,0 days 23:55:00.000000000,0.0,4.0,1.0,0.0,0.0,2.0,1.0,6.0
74d297cd-82c9-47d5-ad51-e135504abb2f,0.0,,0.0,,0.0,,0.0,,,,,,,,,,,,,,,,,,0.0,,0.0,,0.0,,0.0,,0.0,,0.0,,0.0,,0.0,,60.0,,0.0,,0.0,,0.0,,0.0,,0.0,,0.0,,60.0,,0.0,,,,,,,,,,,,,,,,,,,,,,,,,,0.0,,0.0,,0.0,,0.0,
785e9e8e-4ab0-4686-a95e-a25c6c2e2eee,61.0,0.0,0.0,0.0,0.0,0.0,61.0,0.0,0 days 00:00:00.000000000,,,,,,0 days 00:00:00.000000000,,0 days 00:00:00.000000000,,,,,,0 days 00:00:00.000000000,,61.0,0.0,0.0,0.0,0.0,0.0,61.0,0.0,61.0,0.0,0.0,0.0,0.0,0.0,61.0,0.0,123.0,241.0,1.0,0.0,61.0,0.0,0.0,0.0,0.0,0.0,0.0,0.0,0.0,0.0,184.0,241.0,1.0,0.0,1.0,,1.0,,1.0,,1.0,,0 days 23:00:00.000000000,,,,,,0 days 23:00:00.000000000,,0 days 23:00:00.000000000,,,,,,0 days 23:00:00.000000000,,61.0,0.0,0.0,0.0,0.0,0.0,61.0,0.0
7afaa986-9de6-4efe-9057-3fa969b1760c,0.0,,0.0,,0.0,,0.0,,,,,,,,,,,,,,,,,,0.0,,0.0,,0.0,,0.0,,0.0,,0.0,,0.0,,0.0,,122.0,,0.0,,0.0,,0.0,,0.0,,0.0,,0.0,,122.0,,0.0,,,,,,,,,,,,,,,,,,,,,,,,,,0.0,,0.0,,0.0,,0.0,
811f021c-0ecf-4264-967d-f02f93c3d711,20.0,21.0,6.0,4.0,1.0,3.0,135.0,49.0,0 days 23:42:00.000000000,0 days 00:00:00.000000000,0 days 23:54:00.000000000,0 days 22:45:00.000000000,0 days 23:48:00.000000000,0 days 23:05:00.000000000,0 days 00:00:00.000000000,0 days 23:00:00.000000000,0 days 23:44:00.000000000,0 days 23:33:00.000000000,0 days 23:54:00.000000000,0 days 22:45:00.000000000,0 days 23:55:00.000000000,0 days 22:41:00.000000000,0 days 00:00:00.000000000,0 days 00:00:00.000000000,31.0,56.0,6.0,4.0,4.0,8.0,135.0,84.0,10.0,1.0,6.0,4.0,1.0,1.0,135.0,1.0,0.0,63.0,6.0,6.0,120.0,129.0,1.0,1.0,6.0,4.0,6.0,5.0,9.0,16.0,135.0,212.0,1.0,3.0,0.888889,0.865772,0.955556,0.973154,1.0,1.0,1.0,1.0,0 days 23:11:00.000000000,0 days 23:05:00.000000000,0 days 23:48:00.000000000,0 days 22:41:00.000000000,0 days 23:44:00.000000000,0 days 22:57:00.000000000,0 days 00:00:00.000000000,0 days 00:00:00.000000000,0 days 00:00:00.000000000,0 days 23:32:00.000000000,0 days 23:48:00.000000000,0 days 22:41:00.000000000,0 days 23:54:00.000000000,0 days 22:40:00.000000000,0 days 00:00:00.000000000,0 days 00:00:00.000000000,120.0,129.0,6.0,4.0,9.0,16.0,135.0,149.0
848429d2-612d-4b1c-82ff-e51dc40d3d07,14.0,3.0,2.0,3.0,1.0,2.0,66.0,41.0,0 days 23:59:00.000000000,0 days 23:46:00.000000000,0 days 23:31:00.000000000,0 days 23:29:00.000000000,0 days 23:27:00.000000000,0 days 23:58:00.000000000,0 days 23:59:00.000000000,0 days 23:59:00.000000000,0 days 23:56:00.000000000,0 days 23:55:00.000000000,0 days 23:31:00.000000000,0 days 23:59:00.000000000,0 days 23:32:00.000000000,0 days 23:59:00.000000000,0 days 23:59:00.000000000,0 days 23:59:00.000000000,31.0,15.0,2.0,4.0,2.0,4.0,66.0,41.0,1.0,1.0,2.0,2.0,1.0,1.0,66.0,41.0,0.0,0.0,4.0,6.0,57.0,22.0,2.0,3.0,4.0,9.0,4.0,5.0,5.0,10.0,66.0,41.0,1.0,1.0,0.863636,0.536585,0.939394,0.780488,1.0,1.0,1.0,1.0,0 days 23:29:00.000000000,0 days 23:31:00.000000000,0 days 23:29:00.000000000,0 days 23:25:00.000000000,0 days 23:58:00.000000000,0 days 23:54:00.000000000,0 days 23:29:00.000000000,0 days 00:00:00.000000000,0 days 23:55:00.000000000,0 days 00:00:00.000000000,0 days 23:29:00.000000000,0 days 23:58:00.000000000,0 days 23:31:00.000000000,0 days 23:58:00.000000000,0 days 23:29:00.000000000,0 days 00:00:00.000000000,57.0,22.0,4.0,9.0,5.0,10.0,66.0,41.0
85396fa9-14d7-47d6-9688-1771e6c3fa75,16.0,60.0,1.0,0.0,3.0,1.0,56.0,121.0,0 days 23:00:00.000000000,0 days 19:53:00.000000000,0 days 23:07:00.000000000,,0 days 23:15:00.000000000,0 days 19:54:00.000000000,0 days 23:00:00.000000000,0 days 23:00:00.000000000,0 days 23:06:00.000000000,0 days 23:00:00.000000000,0 days 23:07:00.000000000,,0 days 23:08:00.000000000,0 days 19:54:00.000000000,0 days 23:00:00.000000000,0 days 23:00:00.000000000,45.0,113.0,1.0,0.0,5.0,1.0,56.0,121.0,2.0,7.0,1.0,0.0,1.0,1.0,56.0,121.0,60.0,242.0,3.0,2.0,49.0,120.0,1.0,0.0,1.0,0.0,2.0,1.0,6.0,1.0,116.0,363.0,1.0,1.0,0.875,0.991736,0.982143,1.0,1.0,1.0,1.0,1.0,0 days 23:15:00.000000000,0 days 18:00:00.000000000,0 days 23:06:00.000000000,,0 days 23:10:00.000000000,0 days 19:53:00.000000000,0 days 00:00:00.000000000,0 days 18:00:00.000000000,0 days 00:00:00.000000000,0 days 19:54:00.000000000,0 days 23:06:00.000000000,,0 days 23:07:00.000000000,0 days 19:53:00.000000000,0 days 00:00:00.000000000,0 days 18:00:00.000000000,49.0,120.0,1.0,0.0,6.0,1.0,56.0,121.0
876f9317-9823-4ecb-9290-1b1cbd2ded3c,1.0,32.0,0.0,1.0,0.0,2.0,1.0,52.0,0 days 00:00:00.000000000,0 days 23:59:00.000000000,,0 days 23:52:00.000000000,,0 days 23:23:00.000000000,0 days 00:00:00.000000000,0 days 23:59:00.000000000,0 days 00:00:00.000000000,0 days 23:00:00.000000000,,0 days 23:52:00.000000000,,0 days 23:05:00.000000000,0 days 00:00:00.000000000,0 days 23:00:00.000000000,1.0,55.0,0.0,1.0,0.0,3.0,1.0,56.0,1.0,6.0,0.0,1.0,0.0,1.0,1.0,49.0,0.0,61.0,1.0,3.0,1.0,98.0,0.0,1.0,0.0,1.0,0.0,3.0,0.0,6.0,1.0,166.0,1.0,2.0,1.0,0.933333,1.0,0.990476,,1.0,,1.0,0 days 00:00:00.000000000,0 days 23:05:00.000000000,,0 days 23:51:00.000000000,,0 days 23:20:00.000000000,0 days 00:00:00.000000000,0 days 23:04:00.000000000,0 days 00:00:00.000000000,0 days 23:54:00.000000000,,0 days 23:51:00.000000000,,0 days 23:04:00.000000000,0 days 00:00:00.000000000,0 days 23:20:00.000000000,1.0,98.0,0.0,1.0,0.0,6.0,1.0,105.0
88d687ca-537d-4592-8691-22feeb116122,,0.0,,0.0,,0.0,,0.0,,,,,,,,,,,,,,,,,,0.0,,0.0,,0.0,,0.0,,0.0,,0.0,,0.0,,0.0,,63.0,,0.0,,0.0,,0.0,,0.0,,0.0,,0.0,,63.0,,0.0,,,,,,,,,,,,,,,,,,,,,,,,,,0.0,,0.0,,0.0,,0.0
8cf6b2a5-ca26-48cd-86e0-d3eca61d264b,18.0,,0.0,,1.0,,37.0,,0 days 00:00:00.000000000,,,,0 days 23:26:00.000000000,,0 days 00:00:00.000000000,,0 days 23:25:00.000000000,,,,0 days 23:26:00.000000000,,0 days 00:00:00.000000000,,35.0,,0.0,,1.0,,37.0,,1.0,,0.0,,1.0,,37.0,,0.0,,2.0,,36.0,,0.0,,0.0,,1.0,,1.0,,37.0,,1.0,,0.972973,,1.0,,1.0,,1.0,,0 days 23:26:00.000000000,,,,0 days 23:25:00.000000000,,0 days 00:00:00.000000000,,0 days 00:00:00.000000000,,,,0 days 23:25:00.000000000,,0 days 00:00:00.000000000,,36.0,,0.0,,1.0,,37.0,
924b4f99-c800-4f5f-9159-8b47a317ef34,,60.0,,0.0,,0.0,,60.0,,0 days 00:00:00.000000000,,,,,,0 days 00:00:00.000000000,,0 days 00:00:00.000000000,,,,,,0 days 00:00:00.000000000,,60.0,,0.0,,0.0,,60.0,,60.0,,0.0,,0.0,,60.0,,1.0,,1.0,,60.0,,0.0,,0.0,,0.0,,0.0,,61.0,,1.0,,1.0,,1.0,,1.0,,1.0,,0 days 19:06:00.000000000,,,,,,0 days 19:06:00.000000000,,0 days 19:06:00.000000000,,,,,,0 days 19:06:00.000000000,,60.0,,0.0,,0.0,,60.0
94aac48e-7cbb-4a8c-b47a-052d28eefa5a,,1.0,,0.0,,0.0,,1.0,,0 days 23:00:00.000000000,,,,,,0 days 23:00:00.000000000,,0 days 23:00:00.000000000,,,,,,0 days 23:00:00.000000000,,1.0,,0.0,,0.0,,1.0,,1.0,,0.0,,0.0,,1.0,,182.0,,2.0,,2.0,,0.0,,0.0,,0.0,,0.0,,184.0,,2.0,,1.0,,1.0,,1.0,,1.0,,0 days 00:00:00.000000000,,,,,,0 days 00:00:00.000000000,,0 days 00:00:00.000000000,,,,,,0 days 00:00:00.000000000,,2.0,,0.0,,0.0,,2.0
94c99ead-4f3e-4c68-8f51-08af25c64920,0.0,7.0,0.0,0.0,0.0,1.0,0.0,25.0,,0 days 23:45:00.000000000,,,,0 days 23:51:00.000000000,,0 days 23:59:00.000000000,,0 days 23:49:00.000000000,,,,0 days 23:46:00.000000000,,0 days 23:59:00.000000000,0.0,10.0,0.0,0.0,0.0,2.0,0.0,25.0,0.0,3.0,0.0,0.0,0.0,1.0,0.0,25.0,242.0,62.0,0.0,3.0,0.0,22.0,0.0,0.0,0.0,0.0,0.0,2.0,0.0,3.0,242.0,87.0,0.0,1.0,,0.88,,1.0,,1.0,,1.0,,0 days 23:35:00.000000000,,,,0 days 23:49:00.000000000,,0 days 23:35:00.000000000,,0 days 23:46:00.000000000,,,,0 days 23:45:00.000000000,,0 days 23:35:00.000000000,0.0,22.0,0.0,0.0,0.0,3.0,0.0,25.0
95940265-9599-4ab5-bccf-b7d64e75f3f6,,9.0,,0.0,,0.0,,9.0,,0 days 18:08:00.000000000,,,,,,0 days 18:08:00.000000000,,0 days 18:08:00.000000000,,,,,,0 days 18:08:00.000000000,,9.0,,0.0,,0.0,,9.0,,9.0,,0.0,,0.0,,9.0,,0.0,,1.0,,9.0,,0.0,,0.0,,0.0,,0.0,,9.0,,1.0,,1.0,,1.0,,1.0,,1.0,,0 days 18:00:00.000000000,,,,,,0 days 18:00:00.000000000,,0 days 18:00:00.000000000,,,,,,0 days 18:00:00.000000000,,9.0,,0.0,,0.0,,9.0
9a035626-2e6c-4aa5-a6cb-e47403a39d00,,0.0,,0.0,,0.0,,0.0,,,,,,,,,,,,,,,,,,0.0,,0.0,,0.0,,0.0,,0.0,,0.0,,0.0,,0.0,,62.0,,0.0,,0.0,,0.0,,0.0,,0.0,,0.0,,62.0,,0.0,,,,,,,,,,,,,,,,,,,,,,,,,,0.0,,0.0,,0.0,,0.0
9bb46002-6fdb-4287-bfd3-bc3e2e57785f,36.0,40.0,0.0,2.0,0.0,1.0,36.0,87.0,0 days 23:59:00.000000000,0 days 23:17:00.000000000,,0 days 23:20:00.000000000,,0 days 23:21:00.000000000,0 days 23:59:00.000000000,0 days 23:59:00.000000000,0 days 23:59:00.000000000,0 days 23:17:00.000000000,,0 days 23:19:00.000000000,,0 days 23:21:00.000000000,0 days 23:59:00.000000000,0 days 23:59:00.000000000,36.0,40.0,0.0,3.0,0.0,1.0,36.0,87.0,36.0,40.0,0.0,2.0,0.0,1.0,36.0,87.0,0.0,62.0,1.0,2.0,36.0,80.0,0.0,2.0,0.0,5.0,0.0,2.0,0.0,2.0,36.0,149.0,1.0,1.0,1.0,0.91954,1.0,0.942529,1.0,1.0,1.0,1.0,0 days 23:24:00.000000000,0 days 23:21:00.000000000,,0 days 23:17:00.000000000,,0 days 23:20:00.000000000,0 days 23:24:00.000000000,0 days 23:17:00.000000000,0 days 23:24:00.000000000,0 days 23:21:00.000000000,,0 days 23:17:00.000000000,,0 days 23:20:00.000000000,0 days 23:24:00.000000000,0 days 23:17:00.000000000,36.0,80.0,0.0,5.0,0.0,2.0,36.0,87.0
9d37754d-fb9f-46cf-a2a8-1232f3ad1071,,1.0,,0.0,,0.0,,1.0,,0 days 00:00:00.000000000,,,,,,0 days 00:00:00.000000000,,0 days 00:00:00.000000000,,,,,,0 days 00:00:00.000000000,,1.0,,0.0,,0.0,,1.0,,1.0,,0.0,,0.0,,1.0,,123.0,,1.0,,1.0,,0.0,,0.0,,0.0,,0.0,,124.0,,1.0,,1.0,,1.0,,1.0,,1.0,,0 days 00:00:00.000000000,,,,,,0 days 00:00:00.000000000,,0 days 00:00:00.000000000,,,,,,0 days 00:00:00.000000000,,1.0,,0.0,,0.0,,1.0
9e7d28be-3a29-406b-b3e3-d2fd2414605c,1.0,22.0,2.0,2.0,2.0,1.0,7.0,129.0,0 days 23:58:00.000000000,0 days 23:56:00.000000000,0 days 23:55:00.000000000,0 days 23:20:00.000000000,0 days 23:59:00.000000000,0 days 23:51:00.000000000,0 days 23:59:00.000000000,0 days 00:00:00.000000000,0 days 00:00:00.000000000,0 days 22:55:00.000000000,0 days 00:00:00.000000000,0 days 23:47:00.000000000,0 days 23:56:00.000000000,0 days 22:52:00.000000000,0 days 23:00:00.000000000,0 days 23:59:00.000000000,3.0,64.0,3.0,4.0,3.0,4.0,12.0,214.0,1.0,4.0,1.0,1.0,2.0,1.0,3.0,44.0,61.0,1.0,4.0,10.0,6.0,226.0,2.0,6.0,4.0,12.0,2.0,11.0,5.0,20.0,76.0,259.0,2.0,2.0,0.4,0.875969,0.733333,0.953488,1.0,1.0,1.0,1.0,0 days 23:55:00.000000000,0 days 22:52:00.000000000,0 days 23:52:00.000000000,0 days 23:59:00.000000000,0 days 23:57:00.000000000,0 days 23:47:00.000000000,0 days 23:52:00.000000000,0 days 00:00:00.000000000,0 days 00:00:00.000000000,0 days 23:57:00.000000000,0 days 00:00:00.000000000,0 days 23:46:00.000000000,0 days 23:58:00.000000000,0 days 22:51:00.000000000,0 days 00:00:00.000000000,0 days 23:59:00.000000000,6.0,226.0,4.0,12.0,5.0,20.0,15.0,258.0
a2952ecb-5ee6-454a-81a6-16e908ee2e18,31.0,1.0,1.0,0.0,1.0,0.0,69.0,1.0,0 days 19:06:00.000000000,0 days 00:00:00.000000000,0 days 23:56:00.000000000,,0 days 18:04:00.000000000,,0 days 19:06:00.000000000,0 days 00:00:00.000000000,0 days 18:15:00.000000000,0 days 00:00:00.000000000,0 days 23:56:00.000000000,,0 days 23:55:00.000000000,,0 days 19:06:00.000000000,0 days 00:00:00.000000000,51.0,1.0,1.0,0.0,2.0,0.0,69.0,1.0,11.0,1.0,1.0,0.0,1.0,0.0,69.0,1.0,0.0,124.0,2.0,1.0,62.0,1.0,2.0,0.0,2.0,0.0,4.0,0.0,5.0,0.0,69.0,125.0,1.0,1.0,0.898551,1.0,0.971014,1.0,1.0,1.0,1.0,1.0,0 days 18:16:00.000000000,0 days 00:00:00.000000000,0 days 23:55:00.000000000,,0 days 23:58:00.000000000,,0 days 23:54:00.000000000,0 days 00:00:00.000000000,0 days 18:04:00.000000000,0 days 00:00:00.000000000,0 days 23:55:00.000000000,,0 days 23:54:00.000000000,,0 days 23:54:00.000000000,0 days 00:00:00.000000000,62.0,1.0,2.0,0.0,5.0,0.0,69.0,1.0
a36f9b21-57f2-46ef-bb33-a65e0c2b642c,,41.0,,1.0,,1.0,,178.0,,0 days 23:09:00.000000000,,0 days 22:59:00.000000000,,0 days 22:57:00.000000000,,0 days 00:00:00.000000000,,0 days 23:12:00.000000000,,0 days 21:23:00.000000000,,0 days 21:24:00.000000000,,0 days 00:00:00.000000000,,63.0,,2.0,,4.0,,178.0,,2.0,,1.0,,1.0,,178.0,,0.0,,4.0,,167.0,,2.0,,3.0,,5.0,,8.0,,178.0,,1.0,,0.938202,,0.983146,,1.0,,1.0,,0 days 22:06:00.000000000,,0 days 22:57:00.000000000,,0 days 23:12:00.000000000,,0 days 21:22:00.000000000,,0 days 23:10:00.000000000,,0 days 21:22:00.000000000,,0 days 21:23:00.000000000,,0 days 21:22:00.000000000,,167.0,,3.0,,8.0,,178.0
a3aa60d3-8acb-4e7b-b324-ac85c6c074d2,50.0,44.0,2.0,10.0,1.0,2.0,171.0,708.0,0 days 23:34:00.000000000,0 days 23:02:00.000000000,0 days 21:18:00.000000000,0 days 23:43:00.000000000,0 days 21:21:00.000000000,0 days 23:49:00.000000000,0 days 23:59:00.000000000,0 days 23:59:00.000000000,0 days 23:57:00.000000000,0 days 23:40:00.000000000,0 days 21:22:00.000000000,0 days 23:43:00.000000000,0 days 22:25:00.000000000,0 days 23:39:00.000000000,0 days 23:59:00.000000000,0 days 23:59:00.000000000,69.0,184.0,6.0,10.0,3.0,6.0,171.0,708.0,21.0,1.0,1.0,10.0,1.0,1.0,171.0,708.0,61.0,0.0,3.0,15.0,152.0,661.0,4.0,1.0,11.0,10.0,5.0,16.0,8.0,37.0,232.0,708.0,1.0,1.0,0.888889,0.933616,0.935673,0.985876,1.0,1.0,1.0,1.0,0 days 22:25:00.000000000,0 days 19:58:00.000000000,0 days 21:12:00.000000000,0 days 23:33:00.000000000,0 days 21:18:00.000000000,0 days 23:43:00.000000000,0 days 21:12:00.000000000,0 days 23:38:00.000000000,0 days 23:39:00.000000000,0 days 23:39:00.000000000,0 days 21:21:00.000000000,0 days 23:33:00.000000000,0 days 22:24:00.000000000,0 days 23:38:00.000000000,0 days 21:12:00.000000000,0 days 23:38:00.000000000,152.0,661.0,11.0,10.0,8.0,37.0,171.0,708.0
a5ea9d2e-766c-4a6b-87b2-8bc4fe445a63,0.0,0.0,0.0,0.0,0.0,0.0,0.0,0.0,,,,,,,,,,,,,,,,,0.0,0.0,0.0,0.0,0.0,0.0,0.0,0.0,0.0,0.0,0.0,0.0,0.0,0.0,0.0,0.0,1.0,243.0,0.0,0.0,0.0,0.0,0.0,0.0,0.0,0.0,0.0,0.0,0.0,0.0,1.0,243.0,0.0,0.0,,,,,,,,,,,,,,,,,,,,,,,,,0.0,0.0,0.0,0.0,0.0,0.0,0.0,0.0
a8ba94f4-d3e6-452c-adf8-4d1e0984a6d1,19.0,21.0,1.0,2.0,7.0,4.0,279.0,162.0,0 days 23:32:00.000000000,0 days 23:28:00.000000000,0 days 23:28:00.000000000,0 days 22:39:00.000000000,0 days 23:55:00.000000000,0 days 23:21:00.000000000,0 days 23:59:00.000000000,0 days 23:00:00.000000000,0 days 23:23:00.000000000,0 days 21:49:00.000000000,0 days 23:28:00.000000000,0 days 23:33:00.000000000,0 days 23:42:00.000000000,0 days 23:32:00.000000000,0 days 23:59:00.000000000,0 days 00:00:00.000000000,65.0,40.0,1.0,4.0,24.0,12.0,279.0,188.0,1.0,2.0,1.0,1.0,1.0,1.0,279.0,137.0,0.0,60.0,10.0,12.0,193.0,252.0,1.0,2.0,1.0,5.0,12.0,15.0,85.0,68.0,279.0,385.0,1.0,2.0,0.691756,0.775385,0.996416,0.984615,1.0,1.0,1.0,1.0,0 days 22:27:00.000000000,0 days 23:21:00.000000000,0 days 23:27:00.000000000,0 days 22:35:00.000000000,0 days 23:53:00.000000000,0 days 23:09:00.000000000,0 days 00:00:00.000000000,0 days 23:40:00.000000000,0 days 00:00:00.000000000,0 days 21:47:00.000000000,0 days 23:27:00.000000000,0 days 23:32:00.000000000,0 days 23:41:00.000000000,0 days 23:31:00.000000000,0 days 00:00:00.000000000,0 days 23:09:00.000000000,193.0,252.0,1.0,5.0,85.0,68.0,279.0,325.0
a9836b94-4e9e-498f-aa65-0cd76d330641,3.0,11.0,4.0,0.0,1.0,1.0,16.0,290.0,0 days 23:54:00.000000000,0 days 23:00:00.000000000,0 days 23:48:00.000000000,,0 days 23:49:00.000000000,0 days 21:39:00.000000000,0 days 23:59:00.000000000,0 days 23:00:00.000000000,0 days 23:56:00.000000000,0 days 18:06:00.000000000,0 days 23:48:00.000000000,,0 days 23:49:00.000000000,0 days 18:05:00.000000000,0 days 23:59:00.000000000,0 days 23:00:00.000000000,5.0,56.0,4.0,0.0,1.0,3.0,16.0,290.0,1.0,1.0,4.0,0.0,1.0,1.0,16.0,290.0,0.0,121.0,3.0,23.0,9.0,262.0,1.0,0.0,4.0,0.0,3.0,22.0,3.0,28.0,16.0,411.0,1.0,1.0,0.5625,0.903448,0.75,1.0,1.0,1.0,1.0,1.0,0 days 23:49:00.000000000,0 days 21:54:00.000000000,0 days 23:44:00.000000000,,0 days 23:48:00.000000000,0 days 21:36:00.000000000,0 days 23:44:00.000000000,0 days 18:00:00.000000000,0 days 23:55:00.000000000,0 days 18:05:00.000000000,0 days 23:44:00.000000000,,0 days 23:48:00.000000000,0 days 18:04:00.000000000,0 days 23:44:00.000000000,0 days 18:00:00.000000000,9.0,262.0,4.0,0.0,3.0,28.0,16.0,290.0
ad5083ca-82c9-435b-9776-03837a5aed8c,9.0,,0.0,,0.0,,9.0,,0 days 23:59:00.000000000,,,,,,0 days 23:59:00.000000000,,0 days 23:59:00.000000000,,,,,,0 days 23:59:00.000000000,,9.0,,0.0,,0.0,,9.0,,9.0,,0.0,,0.0,,9.0,,0.0,,1.0,,9.0,,0.0,,0.0,,0.0,,0.0,,9.0,,1.0,,1.0,,1.0,,1.0,,1.0,,0 days 23:51:00.000000000,,,,,,0 days 23:51:00.000000000,,0 days 23:51:00.000000000,,,,,,0 days 23:51:00.000000000,,9.0,,0.0,,0.0,,9.0,
ad6f1e0f-32ef-4b74-9c04-876609ba1e55,40.0,,0.0,,2.0,,42.0,,0 days 00:00:00.000000000,,,,0 days 23:21:00.000000000,,0 days 00:00:00.000000000,,0 days 00:00:00.000000000,,,,0 days 23:21:00.000000000,,0 days 00:00:00.000000000,,40.0,,0.0,,2.0,,42.0,,40.0,,0.0,,2.0,,42.0,,60.0,,1.0,,40.0,,0.0,,0.0,,1.0,,2.0,,102.0,,1.0,,0.952381,,1.0,,1.0,,1.0,,0 days 23:21:00.000000000,,,,0 days 23:19:00.000000000,,0 days 23:19:00.000000000,,0 days 23:21:00.000000000,,,,0 days 23:19:00.000000000,,0 days 23:19:00.000000000,,40.0,,0.0,,2.0,,42.0,
afeb5dcc-28b1-4088-9942-3e24bc05508d,30.0,13.0,0.0,1.0,1.0,2.0,192.0,91.0,0 days 00:00:00.000000000,0 days 00:00:00.000000000,,0 days 23:56:00.000000000,0 days 22:23:00.000000000,0 days 23:12:00.000000000,0 days 00:00:00.000000000,0 days 00:00:00.000000000,0 days 22:20:00.000000000,0 days 23:00:00.000000000,,0 days 23:03:00.000000000,0 days 22:09:00.000000000,0 days 23:02:00.000000000,0 days 00:00:00.000000000,0 days 23:00:00.000000000,67.0,54.0,0.0,3.0,3.0,6.0,192.0,181.0,2.0,1.0,0.0,1.0,1.0,1.0,192.0,1.0,0.0,61.0,6.0,11.0,183.0,153.0,0.0,5.0,0.0,9.0,6.0,10.0,9.0,20.0,192.0,243.0,1.0,2.0,0.953125,0.840659,1.0,0.950549,1.0,1.0,1.0,1.0,0 days 23:20:00.000000000,0 days 23:07:00.000000000,,0 days 23:53:00.000000000,0 days 22:20:00.000000000,0 days 23:56:00.000000000,0 days 22:08:00.000000000,0 days 00:00:00.000000000,0 days 22:18:00.000000000,0 days 00:00:00.000000000,,0 days 23:02:00.000000000,0 days 22:08:00.000000000,0 days 23:01:00.000000000,0 days 22:08:00.000000000,0 days 00:00:00.000000000,183.0,153.0,0.0,9.0,9.0,20.0,192.0,182.0
b24dc8d4-e952-4d4a-bbd8-0841ea7d87ee,0.0,0.0,0.0,0.0,0.0,0.0,0.0,0.0,,,,,,,,,,,,,,,,,0.0,0.0,0.0,0.0,0.0,0.0,0.0,0.0,0.0,0.0,0.0,0.0,0.0,0.0,0.0,0.0,121.0,304.0,0.0,0.0,0.0,0.0,0.0,0.0,0.0,0.0,0.0,0.0,0.0,0.0,121.0,304.0,0.0,0.0,,,,,,,,,,,,,,,,,,,,,,,,,0.0,0.0,0.0,0.0,0.0,0.0,0.0,0.0
b36df7c0-cf05-42de-9ed6-704c2f02e3da,9.0,0.0,0.0,0.0,1.0,0.0,31.0,0.0,0 days 23:00:00.000000000,,,,0 days 23:34:00.000000000,,0 days 23:00:00.000000000,,0 days 23:33:00.000000000,,,,0 days 23:34:00.000000000,,0 days 23:00:00.000000000,,17.0,0.0,0.0,0.0,1.0,0.0,31.0,0.0,4.0,0.0,0.0,0.0,1.0,0.0,31.0,0.0,61.0,122.0,3.0,0.0,29.0,0.0,0.0,0.0,0.0,0.0,2.0,0.0,2.0,0.0,92.0,122.0,1.0,0.0,0.935484,,1.0,,1.0,,1.0,,0 days 23:43:00.000000000,,,,0 days 23:33:00.000000000,,0 days 00:00:00.000000000,,0 days 00:00:00.000000000,,,,0 days 23:33:00.000000000,,0 days 00:00:00.000000000,,29.0,0.0,0.0,0.0,2.0,0.0,31.0,0.0
b771f307-fb8e-49e2-a533-2b4145073203,1.0,30.0,0.0,1.0,0.0,2.0,1.0,65.0,0 days 00:00:00.000000000,0 days 23:49:00.000000000,,0 days 22:57:00.000000000,,0 days 22:59:00.000000000,0 days 00:00:00.000000000,0 days 00:00:00.000000000,0 days 00:00:00.000000000,0 days 00:00:00.000000000,,0 days 22:57:00.000000000,,0 days 22:59:00.000000000,0 days 00:00:00.000000000,0 days 00:00:00.000000000,1.0,50.0,0.0,1.0,0.0,2.0,1.0,65.0,1.0,10.0,0.0,1.0,0.0,2.0,1.0,65.0,61.0,182.0,1.0,2.0,1.0,60.0,0.0,1.0,0.0,1.0,0.0,2.0,0.0,4.0,62.0,247.0,1.0,1.0,1.0,0.923077,1.0,0.984615,,1.0,,1.0,0 days 00:00:00.000000000,0 days 22:59:00.000000000,,0 days 22:56:00.000000000,,0 days 22:57:00.000000000,0 days 00:00:00.000000000,0 days 22:56:00.000000000,0 days 00:00:00.000000000,0 days 23:51:00.000000000,,0 days 22:56:00.000000000,,0 days 22:57:00.000000000,0 days 00:00:00.000000000,0 days 22:56:00.000000000,1.0,60.0,0.0,1.0,0.0,4.0,1.0,65.0
b8484a00-842a-4aa3-a008-07dc9580bb3a,,42.0,,0.0,,1.0,,85.0,,0 days 23:28:00.000000000,,,,0 days 23:26:00.000000000,,0 days 00:00:00.000000000,,0 days 23:25:00.000000000,,,,0 days 23:26:00.000000000,,0 days 23:00:00.000000000,,100.0,,0.0,,1.0,,133.0,,2.0,,0.0,,1.0,,37.0,,62.0,,4.0,,168.0,,0.0,,0.0,,2.0,,2.0,,232.0,,2.0,,0.988235,,1.0,,1.0,,1.0,,0 days 22:28:00.000000000,,,,0 days 23:25:00.000000000,,0 days 22:28:00.000000000,,0 days 23:23:00.000000000,,,,0 days 23:25:00.000000000,,0 days 23:23:00.000000000,,168.0,,0.0,,2.0,,170.0
b9c40632-ca4b-4b45-8f61-99e146c671b6,,1.0,,0.0,,0.0,,1.0,,0 days 00:00:00.000000000,,,,,,0 days 00:00:00.000000000,,0 days 00:00:00.000000000,,,,,,0 days 00:00:00.000000000,,1.0,,0.0,,0.0,,1.0,,1.0,,0.0,,0.0,,1.0,,2.0,,1.0,,1.0,,0.0,,0.0,,0.0,,0.0,,3.0,,1.0,,1.0,,1.0,,1.0,,1.0,,0 days 00:00:00.000000000,,,,,,0 days 00:00:00.000000000,,0 days 00:00:00.000000000,,,,,,0 days 00:00:00.000000000,,1.0,,0.0,,0.0,,1.0
bb3effb0-4439-4ace-b82e-0c779734431a,14.0,14.0,2.0,2.0,1.0,1.0,196.0,35.0,0 days 23:37:00.000000000,0 days 23:00:00.000000000,0 days 23:12:00.000000000,0 days 23:35:00.000000000,0 days 23:49:00.000000000,0 days 23:31:00.000000000,0 days 23:59:00.000000000,0 days 23:00:00.000000000,0 days 22:52:00.000000000,0 days 23:00:00.000000000,0 days 22:55:00.000000000,0 days 23:06:00.000000000,0 days 23:47:00.000000000,0 days 23:07:00.000000000,0 days 00:00:00.000000000,0 days 23:00:00.000000000,99.0,46.0,5.0,4.0,3.0,3.0,246.0,89.0,1.0,1.0,1.0,1.0,1.0,1.0,146.0,1.0,1.0,362.0,22.0,6.0,318.0,85.0,19.0,4.0,41.0,9.0,22.0,6.0,33.0,11.0,393.0,467.0,2.0,3.0,0.811224,0.809524,0.895408,0.914286,1.0,1.0,1.0,1.0,0 days 23:34:00.000000000,0 days 23:15:00.000000000,0 days 23:07:00.000000000,0 days 23:31:00.000000000,0 days 23:46:00.000000000,0 days 23:28:00.000000000,0 days 23:19:00.000000000,0 days 23:28:00.000000000,0 days 22:51:00.000000000,0 days 00:00:00.000000000,0 days 22:54:00.000000000,0 days 23:05:00.000000000,0 days 23:46:00.000000000,0 days 23:06:00.000000000,0 days 23:46:00.000000000,0 days 00:00:00.000000000,318.0,85.0,41.0,9.0,33.0,11.0,392.0,105.0
bedd078a-f665-46f2-bdc5-ab3535a4708e,8.0,17.0,4.0,2.0,1.0,2.0,64.0,140.0,0 days 23:42:00.000000000,0 days 23:56:00.000000000,0 days 22:42:00.000000000,0 days 23:17:00.000000000,0 days 23:38:00.000000000,0 days 23:21:00.000000000,0 days 00:00:00.000000000,0 days 00:00:00.000000000,0 days 23:00:00.000000000,0 days 23:12:00.000000000,0 days 22:59:00.000000000,0 days 23:26:00.000000000,0 days 22:43:00.000000000,0 days 23:30:00.000000000,0 days 23:00:00.000000000,0 days 00:00:00.000000000,24.0,98.0,5.0,5.0,3.0,8.0,128.0,231.0,1.0,1.0,3.0,1.0,1.0,1.0,1.0,49.0,60.0,1.0,12.0,14.0,103.0,247.0,3.0,3.0,12.0,7.0,10.0,13.0,14.0,26.0,189.0,281.0,2.0,2.0,0.79845,0.882143,0.906977,0.975,1.0,1.0,1.0,1.0,0 days 23:38:00.000000000,0 days 22:18:00.000000000,0 days 22:37:00.000000000,0 days 23:12:00.000000000,0 days 23:35:00.000000000,0 days 23:13:00.000000000,0 days 00:00:00.000000000,0 days 23:14:00.000000000,0 days 00:00:00.000000000,0 days 00:00:00.000000000,0 days 22:56:00.000000000,0 days 23:25:00.000000000,0 days 22:42:00.000000000,0 days 23:29:00.000000000,0 days 00:00:00.000000000,0 days 00:00:00.000000000,103.0,247.0,12.0,7.0,14.0,26.0,129.0,280.0
c180cf15-e68a-4136-9b03-c33220dc5738,22.0,31.0,1.0,2.0,3.0,1.0,141.0,160.0,0 days 22:52:00.000000000,0 days 22:16:00.000000000,0 days 23:36:00.000000000,0 days 23:40:00.000000000,0 days 22:40:00.000000000,0 days 23:52:00.000000000,0 days 23:00:00.000000000,0 days 23:00:00.000000000,0 days 23:43:00.000000000,0 days 23:26:00.000000000,0 days 23:36:00.000000000,0 days 23:31:00.000000000,0 days 23:24:00.000000000,0 days 23:44:00.000000000,0 days 23:59:00.000000000,0 days 00:00:00.000000000,54.0,179.0,1.0,4.0,10.0,6.0,257.0,394.0,1.0,1.0,1.0,1.0,1.0,1.0,25.0,35.0,60.0,245.0,11.0,19.0,250.0,599.0,1.0,5.0,1.0,10.0,10.0,18.0,31.0,32.0,342.0,886.0,2.0,4.0,0.886525,0.934477,0.996454,0.984399,1.0,1.0,1.0,1.0,0 days 23:07:00.000000000,0 days 19:17:00.000000000,0 days 23:35:00.000000000,0 days 23:36:00.000000000,0 days 22:30:00.000000000,0 days 23:46:00.000000000,0 days 22:30:00.000000000,0 days 23:30:00.000000000,0 days 23:42:00.000000000,0 days 23:25:00.000000000,0 days 23:35:00.000000000,0 days 23:30:00.000000000,0 days 23:23:00.000000000,0 days 23:43:00.000000000,0 days 23:35:00.000000000,0 days 23:25:00.000000000,250.0,599.0,1.0,10.0,31.0,32.0,282.0,641.0
c24ab734-cf32-40d2-a0d5-25c363984387,0.0,21.0,2.0,1.0,0.0,11.0,2.0,1082.0,,0 days 23:29:00.000000000,0 days 23:00:00.000000000,0 days 18:00:00.000000000,,0 days 00:00:00.000000000,0 days 23:00:00.000000000,0 days 23:59:00.000000000,,0 days 19:21:00.000000000,0 days 23:00:00.000000000,0 days 18:00:00.000000000,,0 days 18:54:00.000000000,0 days 23:00:00.000000000,0 days 23:59:00.000000000,0.0,93.0,2.0,1.0,0.0,45.0,2.0,1082.0,0.0,1.0,2.0,1.0,0.0,1.0,2.0,1082.0,61.0,61.0,0.0,33.0,0.0,694.0,1.0,1.0,2.0,1.0,0.0,33.0,0.0,387.0,63.0,1143.0,1.0,1.0,0.0,0.641405,0.0,0.999076,1.0,1.0,1.0,1.0,,0 days 21:56:00.000000000,0 days 23:59:00.000000000,0 days 00:00:00.000000000,,0 days 23:15:00.000000000,0 days 23:59:00.000000000,0 days 18:00:00.000000000,,0 days 19:20:00.000000000,0 days 23:59:00.000000000,0 days 00:00:00.000000000,,0 days 18:53:00.000000000,0 days 23:59:00.000000000,0 days 18:00:00.000000000,0.0,694.0,2.0,1.0,0.0,387.0,2.0,1082.0
c3371eb6-e365-456e-b90a-b3f7fdcdfc26,0.0,,0.0,,0.0,,0.0,,,,,,,,,,,,,,,,,,0.0,,0.0,,0.0,,0.0,,0.0,,0.0,,0.0,,0.0,,122.0,,0.0,,0.0,,0.0,,0.0,,0.0,,0.0,,122.0,,0.0,,,,,,,,,,,,,,,,,,,,,,,,,,0.0,,0.0,,0.0,,0.0,
cb952516-48ff-4504-a9e6-080161ee7f8d,0.0,0.0,0.0,0.0,0.0,0.0,0.0,0.0,,,,,,,,,,,,,,,,,0.0,0.0,0.0,0.0,0.0,0.0,0.0,0.0,0.0,0.0,0.0,0.0,0.0,0.0,0.0,0.0,62.0,121.0,0.0,0.0,0.0,0.0,0.0,0.0,0.0,0.0,0.0,0.0,0.0,0.0,62.0,121.0,0.0,0.0,,,,,,,,,,,,,,,,,,,,,,,,,0.0,0.0,0.0,0.0,0.0,0.0,0.0,0.0
ccb6e01b-3dc3-4f63-b1dc-f028fce9463f,,71.0,,0.0,,1.0,,360.0,,0 days 22:53:00.000000000,,,,0 days 18:44:00.000000000,,0 days 23:00:00.000000000,,0 days 18:57:00.000000000,,,,0 days 18:44:00.000000000,,0 days 23:00:00.000000000,,194.0,,0.0,,1.0,,360.0,,13.0,,0.0,,1.0,,360.0,,306.0,,5.0,,356.0,,0.0,,0.0,,4.0,,4.0,,666.0,,1.0,,0.988889,,1.0,,1.0,,1.0,,0 days 19:39:00.000000000,,,,0 days 18:43:00.000000000,,0 days 18:00:00.000000000,,0 days 18:44:00.000000000,,,,0 days 18:43:00.000000000,,0 days 18:00:00.000000000,,356.0,,0.0,,4.0,,360.0
cd031b30-d6b4-479f-877f-7a8467135ea4,3.0,2.0,4.0,0.0,1.0,0.0,8.0,2.0,0 days 23:59:00.000000000,0 days 00:00:00.000000000,0 days 23:56:00.000000000,,0 days 23:57:00.000000000,,0 days 23:59:00.000000000,0 days 00:00:00.000000000,0 days 23:59:00.000000000,0 days 00:00:00.000000000,0 days 23:56:00.000000000,,0 days 23:57:00.000000000,,0 days 23:59:00.000000000,0 days 00:00:00.000000000,3.0,2.0,4.0,0.0,1.0,0.0,8.0,2.0,3.0,2.0,4.0,0.0,1.0,0.0,8.0,2.0,0.0,0.0,1.0,1.0,3.0,2.0,1.0,0.0,4.0,0.0,1.0,0.0,1.0,0.0,8.0,2.0,1.0,1.0,0.375,1.0,0.5,1.0,1.0,1.0,1.0,1.0,0 days 23:57:00.000000000,0 days 00:00:00.000000000,0 days 23:52:00.000000000,,0 days 23:56:00.000000000,,0 days 23:52:00.000000000,0 days 00:00:00.000000000,0 days 23:57:00.000000000,0 days 00:00:00.000000000,0 days 23:52:00.000000000,,0 days 23:56:00.000000000,,0 days 23:52:00.000000000,0 days 00:00:00.000000000,3.0,2.0,4.0,0.0,1.0,0.0,8.0,2.0
cd20f78a-3ab7-4bb5-b400-e4af17ddef1f,0.0,0.0,0.0,0.0,0.0,0.0,0.0,0.0,,,,,,,,,,,,,,,,,0.0,0.0,0.0,0.0,0.0,0.0,0.0,0.0,0.0,0.0,0.0,0.0,0.0,0.0,0.0,0.0,60.0,123.0,0.0,0.0,0.0,0.0,0.0,0.0,0.0,0.0,0.0,0.0,0.0,0.0,60.0,123.0,0.0,0.0,,,,,,,,,,,,,,,,,,,,,,,,,0.0,0.0,0.0,0.0,0.0,0.0,0.0,0.0
cf5aaf0c-8b7b-4781-9109-cd32e2b8588e,1.0,0.0,0.0,0.0,0.0,0.0,1.0,0.0,0 days 00:00:00.000000000,,,,,,0 days 00:00:00.000000000,,0 days 00:00:00.000000000,,,,,,0 days 00:00:00.000000000,,1.0,0.0,0.0,0.0,0.0,0.0,1.0,0.0,1.0,0.0,0.0,0.0,0.0,0.0,1.0,0.0,0.0,61.0,1.0,0.0,1.0,0.0,0.0,0.0,0.0,0.0,0.0,0.0,0.0,0.0,1.0,61.0,1.0,0.0,1.0,,1.0,,,,,,0 days 00:00:00.000000000,,,,,,0 days 00:00:00.000000000,,0 days 00:00:00.000000000,,,,,,0 days 00:00:00.000000000,,1.0,0.0,0.0,0.0,0.0,0.0,1.0,0.0
d0a1ab1f-7d61-4071-a0e5-21d31dcbf7d4,106.0,0.0,0.0,0.0,0.0,0.0,106.0,0.0,0 days 00:00:00.000000000,,,,,,0 days 00:00:00.000000000,,0 days 00:00:00.000000000,,,,,,0 days 00:00:00.000000000,,106.0,0.0,0.0,0.0,0.0,0.0,106.0,0.0,106.0,0.0,0.0,0.0,0.0,0.0,106.0,0.0,63.0,365.0,1.0,0.0,106.0,0.0,0.0,0.0,0.0,0.0,0.0,0.0,0.0,0.0,169.0,365.0,1.0,0.0,1.0,,1.0,,1.0,,1.0,,0 days 22:14:00.000000000,,,,,,0 days 22:14:00.000000000,,0 days 22:14:00.000000000,,,,,,0 days 22:14:00.000000000,,106.0,0.0,0.0,0.0,0.0,0.0,106.0,0.0
d1ac58f8-4334-4249-ad23-1746fed138b1,,1.0,,0.0,,0.0,,1.0,,0 days 00:00:00.000000000,,,,,,0 days 00:00:00.000000000,,0 days 00:00:00.000000000,,,,,,0 days 00:00:00.000000000,,1.0,,0.0,,0.0,,1.0,,1.0,,0.0,,0.0,,1.0,,0.0,,1.0,,1.0,,0.0,,0.0,,0.0,,0.0,,1.0,,1.0,,1.0,,1.0,,,,,,0 days 00:00:00.000000000,,,,,,0 days 00:00:00.000000000,,0 days 00:00:00.000000000,,,,,,0 days 00:00:00.000000000,,1.0,,0.0,,0.0,,1.0
d1ff441d-a66a-45ab-b1b2-372042b29762,2.0,23.0,0.0,0.0,0.0,2.0,2.0,105.0,0 days 23:00:00.000000000,0 days 23:43:00.000000000,,,,0 days 23:41:00.000000000,0 days 23:00:00.000000000,0 days 00:00:00.000000000,0 days 23:00:00.000000000,0 days 23:09:00.000000000,,,,0 days 23:10:00.000000000,0 days 23:00:00.000000000,0 days 00:00:00.000000000,2.0,51.0,0.0,0.0,0.0,5.0,2.0,105.0,2.0,9.0,0.0,0.0,0.0,1.0,2.0,105.0,181.0,122.0,1.0,4.0,2.0,94.0,0.0,0.0,0.0,0.0,0.0,4.0,0.0,11.0,183.0,227.0,1.0,1.0,1.0,0.895238,1.0,1.0,1.0,1.0,1.0,1.0,0 days 00:00:00.000000000,0 days 23:10:00.000000000,,,,0 days 23:36:00.000000000,0 days 00:00:00.000000000,0 days 22:58:00.000000000,0 days 00:00:00.000000000,0 days 23:00:00.000000000,,,,0 days 23:09:00.000000000,0 days 00:00:00.000000000,0 days 22:58:00.000000000,2.0,94.0,0.0,0.0,0.0,11.0,2.0,105.0
d5aac654-91bb-4ae4-b8cf-5704421fd07e,49.0,26.0,0.0,2.0,1.0,1.0,255.0,495.0,0 days 23:19:00.000000000,0 days 23:08:00.000000000,,0 days 21:03:00.000000000,0 days 19:49:00.000000000,0 days 18:53:00.000000000,0 days 23:00:00.000000000,0 days 00:00:00.000000000,0 days 20:59:00.000000000,0 days 22:26:00.000000000,,0 days 21:03:00.000000000,0 days 21:00:00.000000000,0 days 19:17:00.000000000,0 days 23:00:00.000000000,0 days 00:00:00.000000000,91.0,62.0,0.0,2.0,3.0,5.0,255.0,495.0,8.0,1.0,0.0,2.0,1.0,1.0,255.0,495.0,121.0,60.0,5.0,18.0,247.0,470.0,0.0,1.0,0.0,2.0,5.0,17.0,8.0,23.0,376.0,555.0,1.0,1.0,0.968627,0.949495,1.0,0.99596,1.0,1.0,1.0,1.0,0 days 21:48:00.000000000,0 days 22:06:00.000000000,,0 days 21:01:00.000000000,0 days 19:46:00.000000000,0 days 18:48:00.000000000,0 days 19:46:00.000000000,0 days 00:00:00.000000000,0 days 20:51:00.000000000,0 days 22:25:00.000000000,,0 days 21:01:00.000000000,0 days 20:59:00.000000000,0 days 19:16:00.000000000,0 days 19:46:00.000000000,0 days 00:00:00.000000000,247.0,470.0,0.0,2.0,8.0,23.0,255.0,495.0
d87719f9-6868-47bb-91d5-02acf9190f94,16.0,33.0,3.0,1.0,1.0,1.0,256.0,643.0,0 days 22:19:00.000000000,0 days 21:05:00.000000000,0 days 23:25:00.000000000,0 days 18:46:00.000000000,0 days 23:31:00.000000000,0 days 22:07:00.000000000,0 days 23:59:00.000000000,0 days 00:00:00.000000000,0 days 23:08:00.000000000,0 days 23:02:00.000000000,0 days 23:25:00.000000000,0 days 23:05:00.000000000,0 days 23:01:00.000000000,0 days 18:47:00.000000000,0 days 23:59:00.000000000,0 days 00:00:00.000000000,45.0,114.0,3.0,3.0,6.0,3.0,256.0,643.0,1.0,1.0,3.0,1.0,1.0,1.0,256.0,643.0,0.0,0.0,14.0,18.0,226.0,609.0,1.0,4.0,3.0,6.0,14.0,20.0,27.0,28.0,256.0,643.0,1.0,1.0,0.882812,0.947123,0.988281,0.990669,1.0,1.0,1.0,1.0,0 days 23:23:00.000000000,0 days 22:07:00.000000000,0 days 23:22:00.000000000,0 days 18:43:00.000000000,0 days 23:25:00.000000000,0 days 22:04:00.000000000,0 days 22:55:00.000000000,0 days 00:00:00.000000000,0 days 23:07:00.000000000,0 days 23:01:00.000000000,0 days 23:22:00.000000000,0 days 23:04:00.000000000,0 days 23:00:00.000000000,0 days 18:46:00.000000000,0 days 22:55:00.000000000,0 days 00:00:00.000000000,226.0,609.0,3.0,6.0,27.0,28.0,256.0,643.0
db4bc043-4f67-418c-bd8a-e15543032389,0.0,0.0,0.0,0.0,1.0,0.0,1.0,0.0,,,,,0 days 23:59:00.000000000,,0 days 23:59:00.000000000,,,,,,0 days 23:59:00.000000000,,0 days 23:59:00.000000000,,0.0,0.0,0.0,0.0,1.0,0.0,1.0,0.0,0.0,0.0,0.0,0.0,1.0,0.0,1.0,0.0,0.0,122.0,0.0,0.0,0.0,0.0,0.0,0.0,0.0,0.0,1.0,0.0,1.0,0.0,1.0,122.0,1.0,0.0,0.0,,1.0,,,,,,,,,,0 days 23:59:00.000000000,,0 days 23:59:00.000000000,,,,,,0 days 23:59:00.000000000,,0 days 23:59:00.000000000,,0.0,0.0,0.0,0.0,1.0,0.0,1.0,0.0
dec05b58-d6d4-4478-b730-3fd040c4e52d,0.0,0.0,0.0,0.0,0.0,0.0,0.0,0.0,,,,,,,,,,,,,,,,,0.0,0.0,0.0,0.0,0.0,0.0,0.0,0.0,0.0,0.0,0.0,0.0,0.0,0.0,0.0,0.0,60.0,121.0,0.0,0.0,0.0,0.0,0.0,0.0,0.0,0.0,0.0,0.0,0.0,0.0,60.0,121.0,0.0,0.0,,,,,,,,,,,,,,,,,,,,,,,,,0.0,0.0,0.0,0.0,0.0,0.0,0.0,0.0
dfa65587-95f0-4384-9d81-64a15e78bf16,28.0,27.0,1.0,1.0,1.0,1.0,116.0,175.0,0 days 00:00:00.000000000,0 days 23:29:00.000000000,0 days 22:07:00.000000000,0 days 23:21:00.000000000,0 days 22:08:00.000000000,0 days 23:20:00.000000000,0 days 00:00:00.000000000,0 days 23:59:00.000000000,0 days 22:06:00.000000000,0 days 23:16:00.000000000,0 days 22:07:00.000000000,0 days 23:21:00.000000000,0 days 22:08:00.000000000,0 days 23:22:00.000000000,0 days 00:00:00.000000000,0 days 23:59:00.000000000,58.0,129.0,1.0,1.0,1.0,4.0,116.0,175.0,1.0,1.0,1.0,1.0,1.0,1.0,116.0,175.0,123.0,1.0,4.0,6.0,112.0,164.0,1.0,1.0,1.0,1.0,3.0,6.0,3.0,10.0,239.0,176.0,1.0,1.0,0.965517,0.937143,0.991379,0.994286,1.0,1.0,1.0,1.0,0 days 23:03:00.000000000,0 days 23:30:00.000000000,0 days 22:06:00.000000000,0 days 23:20:00.000000000,0 days 22:07:00.000000000,0 days 23:16:00.000000000,0 days 22:05:00.000000000,0 days 23:15:00.000000000,0 days 22:05:00.000000000,0 days 23:15:00.000000000,0 days 22:06:00.000000000,0 days 23:20:00.000000000,0 days 22:07:00.000000000,0 days 23:21:00.000000000,0 days 22:05:00.000000000,0 days 23:15:00.000000000,112.0,164.0,1.0,1.0,3.0,10.0,116.0,175.0
e1f9e6dd-d065-4590-b3da-8074a91dce27,0.0,,0.0,,0.0,,0.0,,,,,,,,,,,,,,,,,,0.0,,0.0,,0.0,,0.0,,0.0,,0.0,,0.0,,0.0,,60.0,,0.0,,0.0,,0.0,,0.0,,0.0,,0.0,,60.0,,0.0,,,,,,,,,,,,,,,,,,,,,,,,,,0.0,,0.0,,0.0,,0.0,
e261bc00-2e1f-4c98-8511-deedb1d77739,,22.0,,1.0,,1.0,,194.0,,0 days 00:00:00.000000000,,0 days 23:33:00.000000000,,0 days 22:46:00.000000000,,0 days 00:00:00.000000000,,0 days 23:25:00.000000000,,0 days 23:27:00.000000000,,0 days 22:57:00.000000000,,0 days 00:00:00.000000000,,44.0,,4.0,,2.0,,194.0,,4.0,,1.0,,1.0,,194.0,,0.0,,8.0,,176.0,,4.0,,7.0,,8.0,,11.0,,194.0,,1.0,,0.907216,,0.963918,,1.0,,1.0,,0 days 23:16:00.000000000,,0 days 23:29:00.000000000,,0 days 22:44:00.000000000,,0 days 22:24:00.000000000,,0 days 23:58:00.000000000,,0 days 23:26:00.000000000,,0 days 22:56:00.000000000,,0 days 22:24:00.000000000,,176.0,,7.0,,11.0,,194.0
e288098a-788a-4d3b-8fa2-0cf863eebf75,45.0,1.0,5.0,0.0,1.0,0.0,239.0,1.0,0 days 20:03:00.000000000,0 days 00:00:00.000000000,0 days 20:42:00.000000000,,0 days 21:13:00.000000000,,0 days 20:03:00.000000000,0 days 00:00:00.000000000,0 days 21:15:00.000000000,0 days 00:00:00.000000000,0 days 20:42:00.000000000,,0 days 20:43:00.000000000,,0 days 20:03:00.000000000,0 days 00:00:00.000000000,124.0,1.0,5.0,0.0,2.0,0.0,239.0,1.0,2.0,1.0,5.0,0.0,1.0,0.0,239.0,1.0,0.0,0.0,5.0,1.0,228.0,1.0,1.0,0.0,5.0,0.0,5.0,0.0,6.0,0.0,239.0,1.0,1.0,1.0,0.953975,1.0,0.979079,1.0,1.0,,1.0,,0 days 18:00:00.000000000,0 days 00:00:00.000000000,0 days 20:37:00.000000000,,0 days 21:11:00.000000000,,0 days 20:37:00.000000000,0 days 00:00:00.000000000,0 days 21:13:00.000000000,0 days 00:00:00.000000000,0 days 20:37:00.000000000,,0 days 20:42:00.000000000,,0 days 20:37:00.000000000,0 days 00:00:00.000000000,228.0,1.0,5.0,0.0,6.0,0.0,239.0,1.0
e322dd4d-798b-4536-af6f-fe3404a15fce,6.0,13.0,0.0,1.0,0.0,1.0,6.0,45.0,0 days 00:00:00.000000000,0 days 00:00:00.000000000,,0 days 23:21:00.000000000,,0 days 23:20:00.000000000,0 days 00:00:00.000000000,0 days 00:00:00.000000000,0 days 00:00:00.000000000,0 days 23:17:00.000000000,,0 days 23:21:00.000000000,,0 days 23:22:00.000000000,0 days 00:00:00.000000000,0 days 00:00:00.000000000,6.0,37.0,0.0,1.0,0.0,3.0,6.0,45.0,6.0,1.0,0.0,1.0,0.0,1.0,6.0,45.0,0.0,0.0,1.0,3.0,6.0,39.0,0.0,1.0,0.0,1.0,0.0,3.0,0.0,5.0,6.0,45.0,1.0,1.0,1.0,0.866667,1.0,0.977778,1.0,1.0,1.0,1.0,0 days 00:00:00.000000000,0 days 23:24:00.000000000,,0 days 23:20:00.000000000,,0 days 23:17:00.000000000,0 days 00:00:00.000000000,0 days 00:00:00.000000000,0 days 00:00:00.000000000,0 days 00:00:00.000000000,,0 days 23:20:00.000000000,,0 days 23:21:00.000000000,0 days 00:00:00.000000000,0 days 00:00:00.000000000,6.0,39.0,0.0,1.0,0.0,5.0,6.0,45.0
e5847047-48e7-4aec-9ab2-e03a432ad442,0.0,8.0,0.0,1.0,0.0,1.0,0.0,20.0,,0 days 23:56:00.000000000,,0 days 23:42:00.000000000,,0 days 23:43:00.000000000,,0 days 00:00:00.000000000,,0 days 00:00:00.000000000,,0 days 23:42:00.000000000,,0 days 23:43:00.000000000,,0 days 00:00:00.000000000,0.0,13.0,0.0,1.0,0.0,1.0,0.0,20.0,0.0,4.0,0.0,1.0,0.0,1.0,0.0,20.0,61.0,62.0,0.0,2.0,0.0,17.0,0.0,1.0,0.0,1.0,0.0,2.0,0.0,2.0,61.0,82.0,0.0,1.0,,0.85,,0.95,,1.0,,1.0,,0 days 23:43:00.000000000,,0 days 23:41:00.000000000,,0 days 23:42:00.000000000,,0 days 23:41:00.000000000,,0 days 23:57:00.000000000,,0 days 23:41:00.000000000,,0 days 23:42:00.000000000,,0 days 23:41:00.000000000,0.0,17.0,0.0,1.0,0.0,2.0,0.0,20.0
e6ad33da-3083-4dad-85a6-b06dd345975b,0.0,199.0,0.0,0.0,0.0,0.0,0.0,199.0,,0 days 00:00:00.000000000,,,,,,0 days 00:00:00.000000000,,0 days 00:00:00.000000000,,,,,,0 days 00:00:00.000000000,0.0,199.0,0.0,0.0,0.0,0.0,0.0,199.0,0.0,199.0,0.0,0.0,0.0,0.0,0.0,199.0,1.0,1.0,0.0,1.0,0.0,199.0,0.0,0.0,0.0,0.0,0.0,0.0,0.0,0.0,1.0,200.0,0.0,1.0,,1.0,,1.0,,1.0,,1.0,,0 days 18:00:00.000000000,,,,,,0 days 18:00:00.000000000,,0 days 18:00:00.000000000,,,,,,0 days 18:00:00.000000000,0.0,199.0,0.0,0.0,0.0,0.0,0.0,199.0
e9d0cdd9-b664-453d-9bcf-c5f560519dc9,9.0,32.0,2.0,1.0,2.0,2.0,275.0,455.0,0 days 23:11:00.000000000,0 days 23:16:00.000000000,0 days 23:17:00.000000000,0 days 23:22:00.000000000,0 days 23:55:00.000000000,0 days 23:03:00.000000000,0 days 23:59:00.000000000,0 days 00:00:00.000000000,0 days 23:08:00.000000000,0 days 00:00:00.000000000,0 days 23:01:00.000000000,0 days 23:04:00.000000000,0 days 23:16:00.000000000,0 days 23:05:00.000000000,0 days 23:59:00.000000000,0 days 00:00:00.000000000,29.0,101.0,4.0,2.0,7.0,4.0,275.0,455.0,1.0,1.0,1.0,1.0,1.0,1.0,275.0,455.0,0.0,0.0,21.0,13.0,203.0,418.0,5.0,3.0,12.0,4.0,25.0,16.0,60.0,33.0,275.0,455.0,1.0,1.0,0.738182,0.918681,0.956364,0.991209,1.0,1.0,1.0,1.0,0 days 23:40:00.000000000,0 days 23:05:00.000000000,0 days 23:13:00.000000000,0 days 23:20:00.000000000,0 days 23:48:00.000000000,0 days 22:59:00.000000000,0 days 00:00:00.000000000,0 days 22:22:00.000000000,0 days 23:07:00.000000000,0 days 23:59:00.000000000,0 days 23:00:00.000000000,0 days 23:03:00.000000000,0 days 23:15:00.000000000,0 days 23:04:00.000000000,0 days 00:00:00.000000000,0 days 22:22:00.000000000,203.0,418.0,12.0,4.0,60.0,33.0,275.0,455.0
eb8051d8-bc9c-47f9-b663-89583b35f37b,38.0,7.0,1.0,2.0,1.0,2.0,158.0,33.0,0 days 00:00:00.000000000,0 days 00:00:00.000000000,0 days 22:52:00.000000000,0 days 23:29:00.000000000,0 days 22:54:00.000000000,0 days 23:19:00.000000000,0 days 00:00:00.000000000,0 days 00:00:00.000000000,0 days 22:39:00.000000000,0 days 23:45:00.000000000,0 days 22:52:00.000000000,0 days 23:29:00.000000000,0 days 22:51:00.000000000,0 days 23:46:00.000000000,0 days 00:00:00.000000000,0 days 23:00:00.000000000,81.0,29.0,1.0,2.0,2.0,3.0,158.0,49.0,1.0,1.0,1.0,2.0,1.0,1.0,158.0,17.0,0.0,60.0,4.0,7.0,152.0,50.0,1.0,1.0,1.0,2.0,4.0,7.0,5.0,14.0,158.0,126.0,1.0,2.0,0.962025,0.757576,0.993671,0.969697,1.0,1.0,1.0,1.0,0 days 22:40:00.000000000,0 days 23:32:00.000000000,0 days 22:51:00.000000000,0 days 23:27:00.000000000,0 days 22:52:00.000000000,0 days 23:16:00.000000000,0 days 00:00:00.000000000,0 days 00:00:00.000000000,0 days 22:38:00.000000000,0 days 00:00:00.000000000,0 days 22:51:00.000000000,0 days 23:27:00.000000000,0 days 00:00:00.000000000,0 days 23:45:00.000000000,0 days 00:00:00.000000000,0 days 00:00:00.000000000,152.0,50.0,1.0,2.0,5.0,14.0,158.0,66.0
ec54b478-47e0-444d-90a1-bfb45b416bee,25.0,25.0,0.0,0.0,1.0,1.0,131.0,26.0,0 days 20:09:00.000000000,0 days 23:59:00.000000000,,,0 days 18:45:00.000000000,0 days 00:00:00.000000000,0 days 20:10:00.000000000,0 days 00:00:00.000000000,0 days 20:10:00.000000000,0 days 23:59:00.000000000,,,0 days 18:41:00.000000000,0 days 00:00:00.000000000,0 days 20:10:00.000000000,0 days 00:00:00.000000000,47.0,25.0,0.0,0.0,2.0,1.0,131.0,26.0,1.0,25.0,0.0,0.0,1.0,1.0,131.0,26.0,0.0,184.0,5.0,1.0,126.0,25.0,0.0,0.0,0.0,0.0,4.0,1.0,5.0,1.0,131.0,210.0,1.0,1.0,0.961832,0.961538,1.0,1.0,1.0,1.0,1.0,1.0,0 days 19:22:00.000000000,0 days 23:40:00.000000000,,,0 days 18:43:00.000000000,0 days 23:59:00.000000000,0 days 18:00:00.000000000,0 days 23:40:00.000000000,0 days 20:10:00.000000000,0 days 23:40:00.000000000,,,0 days 18:40:00.000000000,0 days 23:59:00.000000000,0 days 18:00:00.000000000,0 days 23:40:00.000000000,126.0,25.0,0.0,0.0,5.0,1.0,131.0,26.0
ee099a8f-8baf-408e-bf0f-3cf1a3d51790,11.0,28.0,3.0,1.0,1.0,2.0,70.0,62.0,0 days 23:53:00.000000000,0 days 00:00:00.000000000,0 days 00:00:00.000000000,0 days 23:42:00.000000000,0 days 23:12:00.000000000,0 days 21:30:00.000000000,0 days 00:00:00.000000000,0 days 00:00:00.000000000,0 days 23:03:00.000000000,0 days 21:31:00.000000000,0 days 23:08:00.000000000,0 days 23:42:00.000000000,0 days 23:07:00.000000000,0 days 23:57:00.000000000,0 days 00:00:00.000000000,0 days 18:10:00.000000000,33.0,148.0,7.0,1.0,4.0,6.0,70.0,156.0,1.0,1.0,1.0,1.0,1.0,1.0,70.0,11.0,1.0,122.0,4.0,6.0,45.0,171.0,4.0,1.0,14.0,1.0,6.0,7.0,11.0,16.0,71.0,310.0,1.0,3.0,0.642857,0.909574,0.8,0.994681,1.0,1.0,1.0,1.0,0 days 23:20:00.000000000,0 days 21:32:00.000000000,0 days 23:53:00.000000000,0 days 23:41:00.000000000,0 days 23:08:00.000000000,0 days 21:24:00.000000000,0 days 00:00:00.000000000,0 days 21:24:00.000000000,0 days 00:00:00.000000000,0 days 21:30:00.000000000,0 days 23:07:00.000000000,0 days 23:41:00.000000000,0 days 23:06:00.000000000,0 days 23:56:00.000000000,0 days 00:00:00.000000000,0 days 18:00:00.000000000,45.0,171.0,14.0,1.0,11.0,16.0,70.0,188.0
f4f84e15-621a-4900-96f1-a8d058066570,0.0,1.0,0.0,0.0,0.0,0.0,0.0,1.0,,0 days 00:00:00.000000000,,,,,,0 days 00:00:00.000000000,,0 days 00:00:00.000000000,,,,,,0 days 00:00:00.000000000,0.0,1.0,0.0,0.0,0.0,0.0,0.0,1.0,0.0,1.0,0.0,0.0,0.0,0.0,0.0,1.0,60.0,62.0,0.0,1.0,0.0,1.0,0.0,0.0,0.0,0.0,0.0,0.0,0.0,0.0,60.0,63.0,0.0,1.0,,1.0,,1.0,,1.0,,1.0,,0 days 00:00:00.000000000,,,,,,0 days 00:00:00.000000000,,0 days 00:00:00.000000000,,,,,,0 days 00:00:00.000000000,0.0,1.0,0.0,0.0,0.0,0.0,0.0,1.0
f5de7b18-5058-41c2-b957-da926c7dcba9,5.0,0.0,2.0,0.0,3.0,0.0,73.0,0.0,0 days 00:00:00.000000000,,0 days 23:39:00.000000000,,0 days 23:35:00.000000000,,0 days 00:00:00.000000000,,0 days 23:23:00.000000000,,0 days 00:00:00.000000000,,0 days 00:00:00.000000000,,0 days 00:00:00.000000000,,12.0,0.0,4.0,0.0,12.0,0.0,73.0,0.0,1.0,0.0,1.0,0.0,1.0,0.0,73.0,0.0,0.0,304.0,6.0,0.0,30.0,0.0,4.0,0.0,10.0,0.0,9.0,0.0,33.0,0.0,73.0,304.0,1.0,0.0,0.410959,,0.863014,,1.0,,1.0,,0 days 23:49:00.000000000,,0 days 23:35:00.000000000,,0 days 23:23:00.000000000,,0 days 23:59:00.000000000,,0 days 00:00:00.000000000,,0 days 00:00:00.000000000,,0 days 23:59:00.000000000,,0 days 23:59:00.000000000,,30.0,0.0,10.0,0.0,33.0,0.0,73.0,0.0
f7ea4330-8f1c-4042-b5ea-13726c70efb1,20.0,16.0,6.0,0.0,2.0,1.0,150.0,321.0,0 days 22:40:00.000000000,0 days 19:52:00.000000000,0 days 23:38:00.000000000,,0 days 23:03:00.000000000,0 days 23:45:00.000000000,0 days 23:59:00.000000000,0 days 00:00:00.000000000,0 days 21:38:00.000000000,0 days 23:40:00.000000000,0 days 21:31:00.000000000,,0 days 21:32:00.000000000,0 days 23:41:00.000000000,0 days 23:59:00.000000000,0 days 00:00:00.000000000,38.0,75.0,11.0,0.0,5.0,2.0,150.0,321.0,6.0,1.0,1.0,0.0,1.0,1.0,150.0,321.0,123.0,63.0,6.0,18.0,124.0,301.0,2.0,0.0,12.0,0.0,7.0,17.0,14.0,20.0,273.0,384.0,1.0,1.0,0.826667,0.937695,0.92,1.0,1.0,1.0,1.0,1.0,0 days 22:02:00.000000000,0 days 18:37:00.000000000,0 days 23:27:00.000000000,,0 days 22:58:00.000000000,0 days 23:43:00.000000000,0 days 21:30:00.000000000,0 days 23:39:00.000000000,0 days 21:32:00.000000000,0 days 23:39:00.000000000,0 days 21:30:00.000000000,,0 days 21:31:00.000000000,0 days 23:40:00.000000000,0 days 21:30:00.000000000,0 days 23:39:00.000000000,124.0,301.0,12.0,0.0,14.0,20.0,150.0,321.0
f92b4712-d45b-4aa6-bacc-fee783b55290,26.0,29.0,1.0,1.0,1.0,1.0,467.0,560.0,0 days 22:46:00.000000000,0 days 23:04:00.000000000,0 days 22:48:00.000000000,0 days 21:57:00.000000000,0 days 22:47:00.000000000,0 days 18:53:00.000000000,0 days 23:59:00.000000000,0 days 23:14:00.000000000,0 days 22:23:00.000000000,0 days 23:00:00.000000000,0 days 22:48:00.000000000,0 days 18:44:00.000000000,0 days 18:01:00.000000000,0 days 18:45:00.000000000,0 days 23:59:00.000000000,0 days 23:00:00.000000000,62.0,181.0,1.0,6.0,3.0,4.0,467.0,1349.0,1.0,1.0,1.0,1.0,1.0,1.0,467.0,1.0,0.0,167.0,17.0,54.0,443.0,1587.0,1.0,9.0,1.0,15.0,18.0,57.0,23.0,78.0,467.0,1847.0,1.0,3.0,0.948608,0.944643,0.997859,0.991071,1.0,1.0,1.0,1.0,0 days 21:44:00.000000000,0 days 20:03:00.000000000,0 days 22:47:00.000000000,0 days 21:51:00.000000000,0 days 22:44:00.000000000,0 days 18:49:00.000000000,0 days 18:00:00.000000000,0 days 00:00:00.000000000,0 days 22:22:00.000000000,0 days 00:00:00.000000000,0 days 22:47:00.000000000,0 days 18:43:00.000000000,0 days 18:00:00.000000000,0 days 18:44:00.000000000,0 days 18:00:00.000000000,0 days 00:00:00.000000000,443.0,1587.0,1.0,15.0,23.0,78.0,467.0,1680.0
fc56152c-3430-4952-88cc-f52240fa3092,0.0,,4.0,,0.0,,4.0,,,,0 days 00:00:00.000000000,,,,0 days 00:00:00.000000000,,,,0 days 00:00:00.000000000,,,,0 days 00:00:00.000000000,,0.0,,4.0,,0.0,,4.0,,0.0,,4.0,,0.0,,4.0,,0.0,,0.0,,0.0,,1.0,,4.0,,0.0,,0.0,,4.0,,1.0,,0.0,,0.0,,1.0,,1.0,,,,0 days 23:57:00.000000000,,,,0 days 23:57:00.000000000,,,,0 days 23:57:00.000000000,,,,0 days 23:57:00.000000000,,0.0,,4.0,,0.0,,4.0,
fd5999a3-6d93-4479-8a7a-91fb7f8f0270,0.0,31.0,0.0,2.0,0.0,1.0,0.0,447.0,,0 days 21:09:00.000000000,,0 days 21:20:00.000000000,,0 days 21:16:00.000000000,,0 days 23:00:00.000000000,,0 days 23:29:00.000000000,,0 days 21:40:00.000000000,,0 days 21:21:00.000000000,,0 days 23:00:00.000000000,0.0,221.0,0.0,4.0,0.0,3.0,0.0,447.0,0.0,1.0,0.0,2.0,0.0,1.0,0.0,447.0,61.0,60.0,0.0,13.0,0.0,412.0,0.0,4.0,0.0,11.0,0.0,15.0,0.0,24.0,61.0,507.0,0.0,1.0,,0.9217,,0.975392,,1.0,,1.0,,0 days 23:30:00.000000000,,0 days 21:16:00.000000000,,0 days 21:13:00.000000000,,0 days 21:06:00.000000000,,0 days 23:28:00.000000000,,0 days 21:38:00.000000000,,0 days 21:20:00.000000000,,0 days 21:06:00.000000000,0.0,412.0,0.0,11.0,0.0,24.0,0.0,447.0
fe880b1f-df9c-476f-a7b3-ac363000fee7,0.0,0.0,0.0,0.0,0.0,0.0,0.0,0.0,,,,,,,,,,,,,,,,,0.0,0.0,0.0,0.0,0.0,0.0,0.0,0.0,0.0,0.0,0.0,0.0,0.0,0.0,0.0,0.0,1.0,122.0,0.0,0.0,0.0,0.0,0.0,0.0,0.0,0.0,0.0,0.0,0.0,0.0,1.0,122.0,0.0,0.0,,,,,,,,,,,,,,,,,,,,,,,,,0.0,0.0,0.0,0.0,0.0,0.0,0.0,0.0
fe94368f-79f1-48b2-a40e-234130e09164,23.0,35.0,1.0,3.0,1.0,1.0,51.0,291.0,0 days 18:28:00.000000000,0 days 23:10:00.000000000,0 days 23:59:00.000000000,0 days 20:30:00.000000000,0 days 23:43:00.000000000,0 days 22:57:00.000000000,0 days 23:59:00.000000000,0 days 23:00:00.000000000,0 days 23:59:00.000000000,0 days 19:26:00.000000000,0 days 23:59:00.000000000,0 days 18:29:00.000000000,0 days 18:29:00.000000000,0 days 19:25:00.000000000,0 days 23:59:00.000000000,0 days 23:59:00.000000000,45.0,160.0,1.0,13.0,2.0,5.0,51.0,693.0,2.0,1.0,1.0,1.0,1.0,1.0,51.0,32.0,121.0,242.0,2.0,31.0,47.0,1090.0,1.0,7.0,1.0,23.0,2.0,33.0,3.0,53.0,172.0,1408.0,1.0,4.0,0.921569,0.93482,0.980392,0.980274,1.0,1.0,1.0,1.0,0 days 23:43:00.000000000,0 days 20:30:00.000000000,0 days 23:59:00.000000000,0 days 20:17:00.000000000,0 days 23:41:00.000000000,0 days 22:52:00.000000000,0 days 23:41:00.000000000,0 days 18:28:00.000000000,0 days 18:29:00.000000000,0 days 19:25:00.000000000,0 days 23:59:00.000000000,0 days 18:28:00.000000000,0 days 18:28:00.000000000,0 days 19:24:00.000000000,0 days 23:41:00.000000000,0 days 23:28:00.000000000,47.0,1090.0,1.0,23.0,3.0,53.0,51.0,1166.0
