device_id,f_steps_avg_length_active_bout_minutes_ev_half_sem_2017-01-18,f_steps_avg_length_active_bout_minutes_ev_half_sem_2017-03-01,f_steps_avg_length_sedentary_bout_minutes_ev_half_sem_2017-01-18,f_steps_avg_length_sedentary_bout_minutes_ev_half_sem_2017-03-01,f_steps_avg_step_active_bout_ev_half_sem_2017-01-18,f_steps_avg_step_active_bout_ev_half_sem_2017-03-01,f_steps_max_length_active_bout_minutes_ev_half_sem_2017-01-18,f_steps_max_length_active_bout_minutes_ev_half_sem_2017-03-01,f_steps_max_length_sedentary_bout_minutes_ev_half_sem_2017-01-18,f_steps_max_length_sedentary_bout_minutes_ev_half_sem_2017-03-01,f_steps_max_step_active_bout_ev_half_sem_2017-01-18,f_steps_max_step_active_bout_ev_half_sem_2017-03-01,f_steps_max_steps_ev_half_sem_2017-01-18,f_steps_max_steps_ev_half_sem_2017-03-01,f_steps_min_length_active_bout_minutes_ev_half_sem_2017-01-18,f_steps_min_length_active_bout_minutes_ev_half_sem_2017-03-01,f_steps_min_length_sedentary_bout_minutes_ev_half_sem_2017-01-18,f_steps_min_length_sedentary_bout_minutes_ev_half_sem_2017-03-01,f_steps_min_step_active_bout_ev_half_sem_2017-01-18,f_steps_min_step_active_bout_ev_half_sem_2017-03-01,f_steps_num_active_bout_ev_half_sem_2017-01-18,f_steps_num_active_bout_ev_half_sem_2017-03-01,f_steps_num_samples_steps_ev_half_sem_2017-01-18,f_steps_num_samples_steps_ev_half_sem_2017-03-01,f_steps_num_sedentary_bout_ev_half_sem_2017-01-18,f_steps_num_sedentary_bout_ev_half_sem_2017-03-01,f_steps_sum_steps_ev_half_sem_2017-01-18,f_steps_sum_steps_ev_half_sem_2017-03-01
0d8b3688-0cba-4323-85fe-00f15785de38,58,69.0,95,125.0,855,1686.0,1120,1125.0,1425,2525.0,37698,103743.0,691,563.0,5,5.0,5,5.0,10,10.0,392,118.0,12096,4608.0,392,118.0,340554,199508.0
1391f4f7-4e70-4d67-92f1-db819e07c0c9,37,51.0,102,123.0,481,767.0,1105,1135.0,1420,2890.0,30214,24021.0,599,560.0,5,5.0,5,5.0,10,10.0,421,106.0,11808,3744.0,422,107.0,210467,83527.0
165de20b-6080-4f1d-9354-ec66de50263c,37,77.0,385,378.0,650,2788.0,1100,1105.0,7120,2815.0,14502,99471.0,603,607.0,5,5.0,5,5.0,10,10.0,91,82.0,7776,7488.0,92,82.0,61254,229597.0
174bcad9-6cf8-4f97-bcc5-38a6f4c42c1d,85,82.0,114,119.0,1756,2090.0,1185,1285.0,2590,1660.0,70590,89660.0,779,783.0,5,5.0,5,5.0,10,10.0,295,321.0,11808,12960.0,295,321.0,522527,675432.0
17c8318d-0d75-41a8-bfef-eb8c043db1fb,65,68.0,72,77.0,1291,1798.0,1175,1240.0,2545,1440.0,99268,117997.0,688,725.0,5,5.0,5,5.0,10,10.0,427,620.0,11808,18144.0,426,620.0,560436,1125063.0
182bbb8f-cd30-4958-9342-ce0c91659810,93,84.0,68,79.0,2191,2265.0,1225,1225.0,1445,1445.0,96222,107497.0,621,750.0,5,5.0,5,5.0,10,10.0,355,517.0,11520,16992.0,356,518.0,781117,1183253.0
1973b69d-5fe7-4ff7-94bb-17d5d875499f,21,51.0,208,192.0,822,1344.0,1110,1145.0,1315,1470.0,70178,88583.0,619,752.0,5,5.0,5,5.0,10,10.0,262,372.0,12096,18144.0,263,373.0,218058,501346.0
1a4011ac-0990-4560-8e1a-f9f07b54b7ec,56,192.0,158,287.0,1336,3063.0,1130,1105.0,2850,1480.0,75600,17712.0,613,521.0,5,5.0,5,5.0,10,10.0,269,12.0,11520,1152.0,268,12.0,361969,36805.0
1be1f081-12eb-4151-bee7-04f39b0ada17,57,59.0,84,107.0,1150,1461.0,1130,1180.0,1300,2630.0,72144,125401.0,854,818.0,5,5.0,5,5.0,10,10.0,425,542.0,12096,18144.0,426,542.0,500180,800925.0
1c67b4f0-964c-4aef-83a1-89a0248f80b3,60,58.0,92,115.0,1375,1694.0,1200,1200.0,2590,3985.0,95195,100674.0,612,844.0,5,5.0,5,5.0,10,10.0,397,470.0,12096,16416.0,396,470.0,551939,808427.0
1e3ed4f9-8c22-4b96-8a5c-c324582b9860,69,67.0,81,114.0,1219,1661.0,1150,1150.0,1190,2860.0,60801,107568.0,602,633.0,5,5.0,5,5.0,10,10.0,400,458.0,12096,16704.0,400,459.0,490462,764560.0
209854a0-471d-42fa-856f-54b5d1948481,99,63.0,59,120.0,2262,1453.0,1225,1235.0,1455,4035.0,116586,97214.0,605,614.0,5,5.0,5,5.0,10,10.0,380,493.0,12096,18144.0,380,493.0,862765,721263.0
24f7d497-1c92-4372-976d-81dd15d7b1fb,74,67.0,88,124.0,1875,1846.0,1215,1270.0,2565,2785.0,98252,101304.0,789,795.0,5,5.0,5,5.0,10,10.0,353,240.0,11520,9216.0,354,241.0,666302,445767.0
2cafda94-dca2-4401-ae3c-aa1bdf3ce6ca,63,49.0,86,106.0,1589,1165.0,1180,1225.0,1235,1240.0,83465,128143.0,631,609.0,5,5.0,5,5.0,10,10.0,403,581.0,12096,18144.0,404,582.0,646218,682606.0
2ef2702c-0c30-40d8-91c0-35ad8829465b,47,38.0,107,133.0,1083,862.0,1160,1190.0,1160,1250.0,85097,57544.0,685,793.0,5,5.0,5,5.0,10,10.0,389,526.0,12096,18144.0,390,527.0,426272,461417.0
2fb7fbc1-068f-4a54-a8ee-a41c99d0f7da,49,58.0,110,107.0,1118,2291.0,1145,1240.0,2560,1365.0,57057,115635.0,861,858.0,5,5.0,5,5.0,10,10.0,359,406.0,11520,13536.0,359,406.0,406694,938952.0
318f91af-9b11-42f5-bdcd-7c9e35761da5,58,31.0,129,167.0,1121,1118.0,1220,1120.0,1420,1365.0,101793,135198.0,635,674.0,5,5.0,5,5.0,10,10.0,322,455.0,12096,18144.0,322,456.0,362678,511884.0
31c395a9-0128-46df-a90c-73160f0854b4,63,39.0,94,126.0,987,899.0,1135,1135.0,1440,2590.0,71712,119983.0,605,630.0,5,5.0,5,5.0,10,10.0,373,432.0,11808,14400.0,373,433.0,375341,396707.0
3258d5c4-4f3f-4722-966a-1bd619c9229f,39,38.0,119,142.0,633,892.0,1135,1125.0,1310,1445.0,37348,109976.0,588,587.0,5,5.0,5,5.0,10,10.0,379,501.0,12096,18144.0,380,502.0,243243,455620.0
32d4b802-7471-49bd-ad59-e663b0d98682,59,72.0,117,104.0,1275,1707.0,1145,1180.0,1445,2700.0,76741,93396.0,636,654.0,5,5.0,5,5.0,10,10.0,276,439.0,9792,15552.0,276,439.0,355050,755342.0
34944ff7-1853-4fec-8d7d-73fc52bfa824,69,60.0,96,137.0,2076,2128.0,1160,1150.0,1470,1285.0,98083,62127.0,610,593.0,5,5.0,5,5.0,10,10.0,355,50.0,11808,2016.0,356,51.0,742668,106606.0
36492618-666c-4b87-9770-bcb67d2ca3de,52,60.0,88,98.0,1331,1735.0,1165,1200.0,2535,1300.0,99733,124383.0,625,604.0,5,5.0,5,5.0,10,10.0,430,571.0,12096,18144.0,430,572.0,575004,999322.0
3698dbcf-6b9e-4b00-a15a-f2cb26e6639d,44,59.0,147,135.0,1321,2660.0,1130,1130.0,1220,1350.0,119289,180381.0,827,829.0,5,5.0,5,5.0,10,10.0,314,463.0,12096,18144.0,315,464.0,424456,1239113.0
38861b6b-d04b-4f1f-8c17-c3c0a9f0a221,37,51.0,120,121.0,807,1438.0,1210,1185.0,1270,2530.0,22380,100059.0,894,880.0,5,5.0,5,5.0,10,10.0,383,491.0,12096,16992.0,384,491.0,310638,710012.0
38edf5e3-bd76-4ec3-b1fc-c134915743c7,58,30.0,210,181.0,750,713.0,1200,1085.0,2800,2885.0,9141,20559.0,770,798.0,5,5.0,5,5.0,10,10.0,138,67.0,7488,2880.0,139,68.0,105612,48018.0
395bf3f4-ec02-494f-8f45-30ab62eda8e7,63,51.0,87,101.0,1212,1581.0,1215,1290.0,2565,2885.0,56187,119645.0,787,814.0,5,5.0,5,5.0,10,10.0,400,571.0,12096,17568.0,401,571.0,487085,912934.0
3b9d6c27-13cc-47d9-b00e-af2e0d3d0009,90,87.0,64,77.0,1785,2616.0,1180,1205.0,1160,1560.0,72807,136354.0,715,719.0,5,5.0,5,5.0,10,10.0,390,496.0,12096,16416.0,390,497.0,701458,1304210.0
3bf51a01-8625-4c9b-a16c-24d10ccf8ae5,118,102.0,54,97.0,3810,2842.0,1310,1230.0,1170,2520.0,127099,107091.0,845,839.0,5,5.0,5,5.0,10,10.0,349,267.0,12096,10656.0,348,267.0,1335566,765343.0
3dcb435d-656f-405f-81a1-49f7eae6c25e,47,63.0,118,107.0,837,1367.0,1160,1265.0,1385,2665.0,64461,104714.0,612,624.0,5,5.0,5,5.0,10,10.0,365,504.0,12096,17280.0,366,505.0,310680,694438.0
3fa86602-fc33-4c6f-9b3e-2cebd95104ee,54,52.0,134,129.0,1086,1105.0,1135,1185.0,1295,1595.0,92153,120292.0,589,873.0,5,5.0,5,5.0,10,10.0,321,466.0,12096,16992.0,321,467.0,357884,524779.0
3ff2b7eb-622c-4ae9-9d89-7d2af5430d34,57,64.0,127,131.0,1214,1643.0,1180,1205.0,1290,2560.0,61672,86659.0,752,762.0,5,5.0,5,5.0,10,10.0,327,448.0,12096,17568.0,327,447.0,399377,743461.0
417abe6d-ef78-4f01-b632-844af6cb8fe7,48,47.0,91,141.0,1293,842.0,1120,1135.0,2605,2820.0,98184,33793.0,617,605.0,5,5.0,5,5.0,10,10.0,433,282.0,12096,10656.0,432,282.0,562072,239770.0
447a64e5-f754-4082-b0fa-0000f34eeda8,63,89.0,70,73.0,1385,1892.0,1155,1380.0,1175,2520.0,72412,115492.0,760,680.0,5,5.0,5,5.0,10,10.0,452,559.0,12096,18144.0,453,560.0,636307,1065361.0
44ff689e-4138-43cc-8f6d-2d8323125ee1,73,64.0,137,151.0,2388,2312.0,1220,1125.0,2620,2580.0,116831,100440.0,853,602.0,5,5.0,5,5.0,10,10.0,288,220.0,12096,9504.0,287,220.0,688986,513599.0
4522b36a-6215-4768-b42a-55e79677d4ec,30,48.0,165,125.0,519,825.0,1160,1175.0,2635,1685.0,27743,36470.0,632,675.0,5,5.0,5,5.0,10,10.0,307,480.0,12096,16704.0,308,481.0,162395,399533.0
4d4c47ec-5a3c-4c9c-b32b-83da30500857,33,47.0,213,190.0,1158,960.0,1175,1235.0,1405,2755.0,91481,63876.0,679,578.0,5,5.0,5,5.0,10,10.0,244,338.0,12096,16128.0,245,339.0,287309,328642.0
4de0beb1-cfa8-4410-809d-d05322b1a0c8,51,64.0,84,86.0,1028,1472.0,1195,1195.0,1285,1385.0,73564,120840.0,619,593.0,5,5.0,5,5.0,10,10.0,444,604.0,12096,18144.0,444,603.0,463426,898587.0
4e20289a-32ca-47be-a2c5-f0bd66ab9176,68,62.0,104,127.0,1648,2080.0,1245,1140.0,2570,2525.0,101527,113901.0,657,583.0,5,5.0,5,5.0,10,10.0,349,241.0,12096,9216.0,350,242.0,579728,506740.0
5542666d-5bf4-4a1b-b17c-e3580c4cd773,52,65.0,90,83.0,743,1403.0,1115,1235.0,1360,1380.0,75830,118339.0,656,716.0,5,5.0,5,5.0,10,10.0,423,609.0,12096,18144.0,423,610.0,322638,863961.0
5a5e44dd-1b8f-4c26-ba16-65593a8b59eb,57,49.0,83,123.0,781,712.0,1130,1140.0,1225,1290.0,41360,14647.0,853,835.0,5,5.0,5,5.0,10,10.0,429,524.0,12096,18144.0,428,524.0,342420,381244.0
5a6686fd-5017-4c17-9dd4-4081d5448b7d,28,44.0,115,146.0,578,803.0,1105,1220.0,1285,2630.0,30024,26105.0,879,867.0,5,5.0,5,5.0,10,10.0,421,467.0,12096,17856.0,422,468.0,247568,380335.0
5d02f383-d24c-4902-b728-1380c99105ee,49,73.0,119,113.0,1052,1492.0,1305,1270.0,1475,2575.0,77067,108422.0,620,606.0,5,5.0,5,5.0,10,10.0,358,469.0,12096,17568.0,358,469.0,380278,711282.0
626aaffc-c174-48ca-a179-cab025b9bc98,61,52.0,92,134.0,1312,918.0,1140,1135.0,2525,3155.0,90487,115555.0,575,582.0,5,5.0,5,5.0,10,10.0,393,414.0,12096,15552.0,393,415.0,520762,387347.0
649357ac-11ab-4fc7-acd2-816a3844d81b,74,75.0,98,83.0,2371,1916.0,1150,1375.0,2585,2610.0,159342,103882.0,784,770.0,5,5.0,5,5.0,10,10.0,350,571.0,12096,18144.0,349,571.0,836603,1099650.0
64e25c38-ee68-4e06-8990-09ba71759cf1,41,30.0,163,208.0,1101,445.0,1215,1185.0,1480,1500.0,78192,21588.0,566,592.0,5,5.0,5,5.0,10,10.0,293,373.0,12096,17856.0,294,374.0,326915,175525.0
65e91776-4319-4b41-ae66-28db6473fc60,43,69.0,121,135.0,978,4434.0,1165,1295.0,2600,4300.0,102009,190763.0,884,866.0,5,5.0,5,5.0,10,10.0,366,428.0,12096,17568.0,367,429.0,363773,1905392.0
65f4b507-b48a-416d-ac1f-2678e3f954d8,23,,165,,655,,1100,,1335,,53842,,604,,5,,5,,10,,167,,6336,,168,,112185,
66368d24-f87e-4db0-ab9d-c450c33becf3,76,76.0,94,95.0,2069,1771.0,1235,1160.0,1475,2540.0,85827,111097.0,588,590.0,5,5.0,5,5.0,10,10.0,261,527.0,8928,18144.0,262,528.0,543788,940981.0
66b66952-ae50-46c4-8f79-1d2117ac6691,60,50.0,109,123.0,1351,1256.0,1215,1165.0,1240,2760.0,74938,89726.0,566,779.0,5,5.0,5,5.0,10,10.0,356,380.0,12096,13248.0,356,381.0,490459,483220.0
687020d4-2b4c-483d-9124-ca34195f8af7,26,26.0,167,188.0,433,908.0,1095,1135.0,1430,2640.0,19656,97293.0,672,603.0,5,5.0,5,5.0,10,10.0,310,401.0,12096,17280.0,311,402.0,139445,370624.0
699a92cf-42b7-4a29-bd1b-edf43d06dd54,60,,102,,1963,,1150,,1460,,68137,,556,,5,,5,,10,,203,,6624,,204,,400998,
69d0a3bb-40c8-42a8-838d-1bb275f28d1b,66,44.0,84,100.0,1732,1466.0,1175,1150.0,1335,1370.0,87480,116978.0,577,808.0,5,5.0,5,5.0,10,10.0,402,627.0,12096,18144.0,402,628.0,705420,925078.0
6afbdb8a-a1cf-4248-852a-24e56ee5766a,103,151.0,74,219.0,3580,6944.0,1280,1220.0,1475,2715.0,123562,112700.0,780,698.0,5,5.0,5,5.0,10,10.0,315,35.0,11232,2592.0,315,35.0,1129228,243256.0
6d73aa4b-1be4-426b-8d6b-c811bd2170fa,61,42.0,155,191.0,1809,1862.0,1165,1085.0,2565,1475.0,85615,52382.0,594,553.0,5,5.0,5,5.0,10,10.0,265,36.0,11520,1728.0,266,37.0,483565,67233.0
6e12238e-2105-4bd3-be42-9b2ce1bf4946,47,49.0,109,121.0,786,975.0,1115,1185.0,1285,2670.0,40061,71514.0,598,601.0,5,5.0,5,5.0,10,10.0,384,522.0,12096,17856.0,385,522.0,308944,518268.0
6e60c67a-9bb0-4818-9625-1afe9788fe6b,31,44.0,120,110.0,629,959.0,1325,1295.0,1320,1255.0,58141,55193.0,631,652.0,5,5.0,5,5.0,10,10.0,397,584.0,12096,18144.0,398,585.0,255010,567766.0
6fb4842f-8beb-4539-8b18-e21d89d3254e,68,67.0,102,188.0,1297,1335.0,1215,1150.0,1470,4175.0,74304,104264.0,830,603.0,5,5.0,5,5.0,10,10.0,354,207.0,12096,10656.0,355,208.0,467293,280956.0
7230d0d5-fab8-4462-9952-69aee6866b04,43,54.0,122,126.0,657,1028.0,1115,1185.0,2525,2550.0,34813,37919.0,597,825.0,5,5.0,5,5.0,10,10.0,364,325.0,12096,11808.0,365,326.0,240931,340000.0
7398824b-a04d-4252-afe8-d0f392a5cd48,62,60.0,113,145.0,1494,1892.0,1210,1210.0,1180,7015.0,47959,130521.0,842,874.0,5,5.0,5,5.0,10,10.0,343,440.0,12096,18144.0,344,441.0,518335,844146.0
74d297cd-82c9-47d5-ad51-e135504abb2f,71,,115,,2098,,1225,,2735,,99250,,757,,5,,5,,10,,100,,3744,,100,,214056,
785e9e8e-4ab0-4686-a95e-a25c6c2e2eee,69,98.0,86,94.0,1731,3760.0,1280,1205.0,1440,2635.0,104157,122311.0,607,650.0,5,5.0,5,5.0,10,10.0,387,268.0,12096,10368.0,387,268.0,675086,1013346.0
79d3d50d-b736-43ba-8979-8ba6ff3d1e48,47,54.0,87,103.0,764,676.0,1105,1140.0,1290,2585.0,92620,48084.0,718,622.0,5,5.0,5,5.0,10,10.0,447,575.0,12096,18144.0,448,575.0,349164,394731.0
7afaa986-9de6-4efe-9057-3fa969b1760c,72,,232,,1537,,1185,,3090,,55398,,586,,5,,5,,10,,122,,7488,,123,,191077,
811f021c-0ecf-4264-967d-f02f93c3d711,45,68.0,90,109.0,882,1511.0,1140,1140.0,2535,4330.0,85388,110122.0,563,619.0,5,5.0,5,5.0,10,10.0,444,460.0,12096,16416.0,444,460.0,398826,705125.0
848429d2-612d-4b1c-82ff-e51dc40d3d07,46,58.0,116,105.0,1113,2126.0,1295,1325.0,1330,1420.0,102561,153836.0,674,722.0,5,5.0,5,5.0,10,10.0,371,555.0,12096,18144.0,371,556.0,416980,1188585.0
85396fa9-14d7-47d6-9688-1771e6c3fa75,25,60.0,167,198.0,307,1314.0,1135,1165.0,2585,2845.0,7672,95621.0,559,705.0,5,5.0,5,5.0,10,10.0,313,282.0,12096,14688.0,313,283.0,97509,371829.0
86f36925-3207-486e-9f7f-c229efaae9c0,119,107.0,56,67.0,3799,4861.0,1315,1295.0,1275,1440.0,102257,122213.0,790,617.0,5,5.0,5,5.0,10,10.0,344,520.0,12096,18144.0,343,520.0,1311056,2534625.0
87046549-2960-43b1-b1b9-358aac851b8a,54,54.0,102,91.0,713,1188.0,1190,1145.0,1230,1365.0,24339,113320.0,652,644.0,5,5.0,5,5.0,10,10.0,385,620.0,12096,18144.0,386,620.0,281931,749848.0
876f9317-9823-4ecb-9290-1b1cbd2ded3c,29,50.0,97,82.0,582,1035.0,1185,1245.0,2520,2540.0,47934,101493.0,605,687.0,5,5.0,5,5.0,10,10.0,465,683.0,11808,18144.0,465,684.0,283785,712081.0
88d687ca-537d-4592-8691-22feeb116122,54,58.0,70,80.0,1389,1141.0,1240,1120.0,1255,1570.0,99796,89302.0,673,843.0,5,5.0,5,5.0,10,10.0,483,655.0,12096,18144.0,483,655.0,678122,757912.0
8cf6b2a5-ca26-48cd-86e0-d3eca61d264b,12,,193,,246,,40,,1475,,1553,,523,,5,,5,,10,,34,,1440,,35,,8569,
924b4f99-c800-4f5f-9159-8b47a317ef34,51,48.0,104,116.0,1145,879.0,1115,1125.0,1200,2560.0,91666,52704.0,720,629.0,5,5.0,5,5.0,10,10.0,387,548.0,12096,18144.0,388,549.0,448948,489412.0
94aac48e-7cbb-4a8c-b47a-052d28eefa5a,48,53.0,105,136.0,1746,1348.0,1170,1145.0,1315,2685.0,144231,107001.0,843,608.0,5,5.0,5,5.0,10,10.0,318,371.0,9792,14112.0,318,372.0,559187,509216.0
94c99ead-4f3e-4c68-8f51-08af25c64920,40,49.0,121,146.0,557,274.0,1115,1080.0,2890,1475.0,55179,4968.0,543,319.0,5,5.0,5,5.0,10,10.0,300,58.0,9792,2304.0,301,59.0,170267,16092.0
95940265-9599-4ab5-bccf-b7d64e75f3f6,54,91.0,103,91.0,876,2192.0,1170,1360.0,1235,2565.0,55246,109008.0,621,608.0,5,5.0,5,5.0,10,10.0,383,463.0,12096,16992.0,384,464.0,340753,1032547.0
9a035626-2e6c-4aa5-a6cb-e47403a39d00,71,75.0,88,64.0,2250,2722.0,1280,1255.0,1165,1220.0,95508,120175.0,597,789.0,5,5.0,5,5.0,10,10.0,378,649.0,12096,18144.0,378,650.0,856052,1781000.0
9bb46002-6fdb-4287-bfd3-bc3e2e57785f,58,64.0,147,181.0,1261,1390.0,1150,1115.0,1430,2795.0,93991,88492.0,633,643.0,5,5.0,5,5.0,10,10.0,294,358.0,12096,17568.0,294,358.0,375438,501820.0
9d37754d-fb9f-46cf-a2a8-1232f3ad1071,8,46.0,404,194.0,86,1254.0,15,1120.0,1570,4360.0,279,120422.0,269,679.0,5,5.0,5,5.0,11,10.0,6,167.0,576,8064.0,7,167.0,557,210396.0
9e7d28be-3a29-406b-b3e3-d2fd2414605c,31,62.0,130,106.0,715,1257.0,1120,1275.0,1375,1265.0,92978,122901.0,601,786.0,5,5.0,5,5.0,10,10.0,373,537.0,12096,18144.0,374,538.0,268704,687805.0
a2952ecb-5ee6-454a-81a6-16e908ee2e18,79,70.0,80,99.0,1718,1896.0,1215,1230.0,1330,2530.0,70433,93016.0,790,683.0,5,5.0,5,5.0,10,10.0,377,535.0,12096,18144.0,377,534.0,657833,1028009.0
a36f9b21-57f2-46ef-bb33-a65e0c2b642c,38,62.0,127,98.0,707,1408.0,1105,1130.0,1210,1260.0,69737,118127.0,567,686.0,5,5.0,5,5.0,10,10.0,364,561.0,12096,18144.0,364,561.0,264265,802294.0
a3aa60d3-8acb-4e7b-b324-ac85c6c074d2,47,54.0,142,128.0,667,1034.0,1185,1155.0,2560,2570.0,15248,62744.0,635,608.0,5,5.0,5,5.0,10,10.0,235,488.0,8928,17856.0,236,489.0,165584,512835.0
a5ea9d2e-766c-4a6b-87b2-8bc4fe445a63,46,65.0,125,116.0,985,1030.0,1180,1110.0,1480,4090.0,57161,44073.0,678,674.0,5,5.0,5,5.0,10,10.0,308,262.0,10656,9504.0,309,262.0,309527,279677.0
a8ba94f4-d3e6-452c-adf8-4d1e0984a6d1,58,53.0,97,105.0,1559,1498.0,1155,1160.0,1220,1440.0,108183,113942.0,629,636.0,5,5.0,5,5.0,10,10.0,387,570.0,12096,18144.0,388,570.0,607006,857843.0
a9836b94-4e9e-498f-aa65-0cd76d330641,74,57.0,99,115.0,1652,1363.0,1240,1175.0,1245,1325.0,104734,87571.0,633,855.0,5,5.0,5,5.0,10,10.0,346,516.0,12096,17856.0,347,517.0,577135,711500.0
ad5083ca-82c9-435b-9776-03837a5aed8c,50,52.0,108,85.0,734,738.0,1140,1175.0,1335,1185.0,40414,44546.0,647,565.0,5,5.0,5,5.0,10,10.0,379,660.0,12096,18144.0,379,661.0,292964,492188.0
ad6f1e0f-32ef-4b74-9c04-876609ba1e55,11,93.0,203,160.0,191,712.0,70,1095.0,2855,1410.0,2379,11093.0,639,577.0,5,5.0,5,5.0,10,10.0,141,39.0,6048,2016.0,141,40.0,29660,27976.0
afeb5dcc-28b1-4088-9942-3e24bc05508d,72,60.0,110,123.0,2340,1853.0,1180,1275.0,1395,1495.0,103997,95118.0,604,614.0,5,5.0,5,5.0,10,10.0,330,492.0,12096,18144.0,331,492.0,778260,918407.0
b1ea5753-4aac-464c-996b-52c418e5782c,56,67.0,79,98.0,1261,1427.0,1255,1295.0,1375,2600.0,74387,69978.0,795,814.0,5,5.0,5,5.0,10,10.0,445,548.0,12096,18144.0,445,547.0,573630,791652.0
b24dc8d4-e952-4d4a-bbd8-0841ea7d87ee,73,52.0,123,169.0,1474,1263.0,1145,1125.0,1445,2595.0,80189,57672.0,615,615.0,5,5.0,5,5.0,10,10.0,276,142.0,10944,6336.0,277,143.0,410319,181014.0
b36df7c0-cf05-42de-9ed6-704c2f02e3da,55,48.0,128,137.0,1559,1651.0,1205,1130.0,2925,2525.0,96046,40981.0,635,636.0,5,5.0,5,5.0,10,10.0,251,92.0,9216,3456.0,251,93.0,397006,152274.0
b771f307-fb8e-49e2-a533-2b4145073203,78,56.0,85,138.0,1893,1447.0,1325,1270.0,2540,2845.0,78791,110502.0,658,595.0,5,5.0,5,5.0,10,10.0,368,457.0,12096,17856.0,369,458.0,707010,666405.0
b8484a00-842a-4aa3-a008-07dc9580bb3a,89,65.0,89,88.0,2915,1833.0,1310,1200.0,1380,1250.0,152141,141869.0,863,885.0,5,5.0,5,5.0,10,10.0,338,589.0,12096,18144.0,338,590.0,988466,1092515.0
b9c40632-ca4b-4b45-8f61-99e146c671b6,59,94.0,113,69.0,2396,3288.0,1225,1265.0,1400,1440.0,120349,127346.0,809,817.0,5,5.0,5,5.0,10,10.0,351,553.0,12096,18144.0,351,553.0,846786,1825896.0
bb3effb0-4439-4ace-b82e-0c779734431a,42,60.0,99,113.0,803,1374.0,1130,1400.0,1170,2585.0,86340,59107.0,598,661.0,5,5.0,5,5.0,10,10.0,425,472.0,12096,16416.0,426,473.0,346169,653112.0
bedd078a-f665-46f2-bdc5-ab3535a4708e,36,61.0,154,141.0,679,2265.0,1115,1165.0,2830,2745.0,38232,164617.0,586,757.0,5,5.0,5,5.0,10,10.0,310,447.0,11808,18144.0,309,448.0,218524,1019238.0
c180cf15-e68a-4136-9b03-c33220dc5738,52,39.0,112,147.0,844,708.0,1205,1160.0,1385,1595.0,43569,43650.0,606,601.0,5,5.0,5,5.0,10,10.0,367,483.0,12096,18144.0,367,484.0,311233,345676.0
c24ab734-cf32-40d2-a0d5-25c363984387,42,34.0,128,272.0,727,580.0,1205,1150.0,2575,5810.0,58209,19236.0,713,558.0,5,5.0,5,5.0,10,10.0,286,168.0,9792,10368.0,285,169.0,213134,98277.0
c3371eb6-e365-456e-b90a-b3f7fdcdfc26,27,,212,,385,,1085,,2775,,4989,,603,,5,,5,,10,,83,,4032,,84,,32296,
c7650b38-6fb9-4305-bf13-d4f8a40b4dbe,113,,122,,2780,,1325,,2525,,75611,,548,,5,,5,,10,,177,,8352,,177,,496952,
cb952516-48ff-4504-a9e6-080161ee7f8d,50,51.0,113,135.0,1202,1465.0,1120,1145.0,1495,2620.0,91941,79329.0,599,619.0,5,5.0,5,5.0,10,10.0,360,283.0,11808,10656.0,361,284.0,437736,421479.0
ccb6e01b-3dc3-4f63-b1dc-f028fce9463f,85,57.0,65,239.0,2238,1021.0,1290,1220.0,2555,4240.0,129416,27228.0,623,835.0,5,5.0,5,5.0,10,10.0,353,135.0,10656,8064.0,354,136.0,794370,138325.0
cd031b30-d6b4-479f-877f-7a8467135ea4,77,71.0,81,68.0,1367,1960.0,1215,1385.0,1135,1195.0,49481,126263.0,660,757.0,5,5.0,5,5.0,10,10.0,380,651.0,12096,18144.0,379,651.0,528701,1282003.0
cd20f78a-3ab7-4bb5-b400-e4af17ddef1f,54,72.0,105,150.0,1102,1059.0,1180,1175.0,1335,3980.0,86198,38902.0,594,598.0,5,5.0,5,5.0,10,10.0,352,168.0,11232,7488.0,352,168.0,393683,184170.0
cf5aaf0c-8b7b-4781-9109-cd32e2b8588e,43,31.0,131,145.0,881,559.0,1115,1135.0,1245,2580.0,42920,20736.0,880,858.0,5,5.0,5,5.0,10,10.0,345,513.0,12096,18144.0,345,514.0,311442,298460.0
d0a1ab1f-7d61-4071-a0e5-21d31dcbf7d4,26,66.0,136,174.0,811,2424.0,1145,1120.0,4010,2565.0,75396,113290.0,748,601.0,5,5.0,5,5.0,10,10.0,360,119.0,11808,5760.0,361,120.0,298956,290963.0
d1ac58f8-4334-4249-ad23-1746fed138b1,38,48.0,99,85.0,776,1012.0,1180,1255.0,1220,1190.0,63696,116208.0,614,633.0,5,5.0,5,5.0,10,10.0,436,678.0,12096,18144.0,437,678.0,345738,695147.0
d1ff441d-a66a-45ab-b1b2-372042b29762,48,64.0,103,114.0,1372,2210.0,1195,1170.0,1385,2590.0,104886,115908.0,608,714.0,5,5.0,5,5.0,10,10.0,398,484.0,12096,17280.0,398,484.0,551736,1075574.0
d5aac654-91bb-4ae4-b8cf-5704421fd07e,45,46.0,178,142.0,1231,1125.0,1110,1115.0,4245,1525.0,93369,99197.0,575,524.0,5,5.0,5,5.0,10,10.0,199,290.0,8928,10944.0,199,291.0,247088,328812.0
d87719f9-6868-47bb-91d5-02acf9190f94,65,77.0,69,77.0,1687,1717.0,1260,1285.0,1200,1420.0,123501,103906.0,671,669.0,5,5.0,5,5.0,10,10.0,450,585.0,12096,18144.0,451,586.0,762646,1010098.0
db4bc043-4f67-418c-bd8a-e15543032389,63,63.0,80,87.0,1517,1662.0,1240,1280.0,1315,2640.0,95082,114470.0,626,651.0,5,5.0,5,5.0,10,10.0,421,478.0,12096,14400.0,422,479.0,656169,799835.0
dba4459b-ef47-43cc-b721-364c0406f355,57,61.0,102,94.0,1306,1346.0,1150,1265.0,1290,1375.0,67559,66694.0,644,615.0,5,5.0,5,5.0,10,10.0,379,581.0,12096,18144.0,380,582.0,501216,790179.0
dec05b58-d6d4-4478-b730-3fd040c4e52d,62,57.0,68,124.0,991,1358.0,1155,1150.0,2555,2530.0,40425,39528.0,646,644.0,5,5.0,5,5.0,10,10.0,443,150.0,11520,5472.0,442,150.0,447024,205813.0
dfa65587-95f0-4384-9d81-64a15e78bf16,96,107.0,72,73.0,3302,3545.0,1345,1330.0,2880,1605.0,130817,114520.0,646,686.0,5,5.0,5,5.0,10,10.0,350,404.0,11808,14688.0,349,403.0,1161171,1436686.0
e1f9e6dd-d065-4590-b3da-8074a91dce27,39,53.0,102,104.0,622,1111.0,1170,1225.0,2655,1300.0,29489,112612.0,604,631.0,5,5.0,5,5.0,10,10.0,427,575.0,12096,18144.0,427,576.0,271999,652198.0
e261bc00-2e1f-4c98-8511-deedb1d77739,61,43.0,109,125.0,1080,786.0,1190,1160.0,1195,1275.0,101101,43244.0,632,672.0,5,5.0,5,5.0,10,10.0,354,536.0,12096,18144.0,355,537.0,385015,428571.0
e288098a-788a-4d3b-8fa2-0cf863eebf75,71,56.0,143,175.0,2847,1513.0,1195,1135.0,1255,2735.0,98614,102623.0,792,617.0,5,5.0,5,5.0,10,10.0,282,336.0,12096,15552.0,282,336.0,806452,515864.0
e322dd4d-798b-4536-af6f-fe3404a15fce,58,50.0,112,118.0,1130,1240.0,1200,1195.0,1255,1405.0,43760,123657.0,669,782.0,5,5.0,5,5.0,10,10.0,352,534.0,12096,18144.0,353,535.0,403843,675757.0
e5847047-48e7-4aec-9ab2-e03a432ad442,62,68.0,94,81.0,1500,1327.0,1305,1275.0,2825,2860.0,96203,69872.0,647,663.0,5,5.0,5,5.0,10,10.0,385,586.0,12096,17568.0,386,586.0,585562,784663.0
e6ad33da-3083-4dad-85a6-b06dd345975b,27,53.0,131,113.0,556,1206.0,1120,1135.0,2580,3230.0,43535,89856.0,630,585.0,5,5.0,5,5.0,10,10.0,362,456.0,11520,15264.0,362,457.0,208442,555895.0
e9d0cdd9-b664-453d-9bcf-c5f560519dc9,29,21.0,145,155.0,513,512.0,1105,1145.0,1275,1250.0,20134,48186.0,648,603.0,5,5.0,5,5.0,10,10.0,345,514.0,12096,18144.0,346,515.0,179790,274456.0
eb8051d8-bc9c-47f9-b663-89583b35f37b,52,71.0,133,120.0,1100,1445.0,1215,1220.0,1345,2575.0,67929,97328.0,790,635.0,5,5.0,5,5.0,10,10.0,325,367.0,12096,14112.0,326,368.0,361470,531791.0
ec54b478-47e0-444d-90a1-bfb45b416bee,52,29.0,105,135.0,1343,391.0,1230,1110.0,1470,2580.0,128826,10198.0,874,741.0,5,5.0,5,5.0,10,10.0,356,321.0,11232,10656.0,357,322.0,485300,137119.0
ee099a8f-8baf-408e-bf0f-3cf1a3d51790,53,51.0,116,120.0,820,1046.0,1165,1175.0,1485,2530.0,38762,79586.0,626,843.0,5,5.0,5,5.0,10,10.0,337,450.0,11520,15552.0,338,451.0,281086,481388.0
ee6eb822-8fdb-4821-b759-5dedcfadd2f2,42,,198,,972,,1145,,5415,,49032,,590,,5,,5,,10,,125,,6048,,126,,125161,
f2eb226f-61b4-44b9-8e1d-4f6de1438a29,67,86.0,106,82.0,2388,4658.0,1190,1165.0,1450,1380.0,98645,130753.0,560,605.0,5,5.0,5,5.0,10,10.0,348,538.0,12096,18144.0,348,539.0,835938,2520195.0
f4f84e15-621a-4900-96f1-a8d058066570,69,61.0,90,98.0,2063,1568.0,1170,1200.0,1440,1395.0,109228,123901.0,727,805.0,5,5.0,5,5.0,10,10.0,377,569.0,12096,18144.0,378,569.0,783133,908034.0
f5de7b18-5058-41c2-b957-da926c7dcba9,58,56.0,82,100.0,1626,1946.0,1180,1230.0,1195,1305.0,100814,129110.0,651,612.0,5,5.0,5,5.0,10,10.0,428,576.0,12096,18144.0,429,577.0,701466,1134197.0
f7ea4330-8f1c-4042-b5ea-13726c70efb1,59,49.0,89,100.0,1280,878.0,1220,1125.0,2535,2550.0,83317,83505.0,878,628.0,5,5.0,5,5.0,10,10.0,408,601.0,12096,18144.0,409,602.0,533151,541377.0
f92b4712-d45b-4aa6-bacc-fee783b55290,59,48.0,95,142.0,1456,1276.0,1180,1145.0,1315,2785.0,144551,86957.0,817,796.0,5,5.0,5,5.0,10,10.0,391,467.0,12096,17856.0,392,468.0,577002,600464.0
fc56152c-3430-4952-88cc-f52240fa3092,35,51.0,136,109.0,822,1046.0,1105,1135.0,2520,1240.0,68408,74163.0,840,822.0,5,5.0,5,5.0,10,10.0,351,566.0,12096,18144.0,350,566.0,294965,609586.0
fd5999a3-6d93-4479-8a7a-91fb7f8f0270,97,98.0,68,76.0,2796,2593.0,1305,1315.0,1390,2520.0,104814,93962.0,696,796.0,5,5.0,5,5.0,10,10.0,364,354.0,12096,12384.0,365,355.0,1025995,925432.0
fe880b1f-df9c-476f-a7b3-ac363000fee7,64,67.0,95,121.0,1549,995.0,1180,1190.0,1475,2555.0,68935,23780.0,752,778.0,5,5.0,5,5.0,10,10.0,198,121.0,6336,4608.0,198,122.0,313375,120932.0
fe94368f-79f1-48b2-a40e-234130e09164,49,40.0,87,123.0,1284,763.0,1140,1135.0,1295,2885.0,86795,84689.0,611,769.0,5,5.0,5,5.0,10,10.0,442,553.0,12096,18144.0,443,554.0,579403,434910.0
