device_id,f_steps_avg_length_active_bout_minutes_mo_wkdy_half_sem_2017-01-18,f_steps_avg_length_active_bout_minutes_mo_wkdy_half_sem_2017-03-01,f_steps_avg_length_sedentary_bout_minutes_mo_wkdy_half_sem_2017-01-18,f_steps_avg_length_sedentary_bout_minutes_mo_wkdy_half_sem_2017-03-01,f_steps_avg_step_active_bout_mo_wkdy_half_sem_2017-01-18,f_steps_avg_step_active_bout_mo_wkdy_half_sem_2017-03-01,f_steps_max_length_active_bout_minutes_mo_wkdy_half_sem_2017-01-18,f_steps_max_length_active_bout_minutes_mo_wkdy_half_sem_2017-03-01,f_steps_max_length_sedentary_bout_minutes_mo_wkdy_half_sem_2017-01-18,f_steps_max_length_sedentary_bout_minutes_mo_wkdy_half_sem_2017-03-01,f_steps_max_step_active_bout_mo_wkdy_half_sem_2017-01-18,f_steps_max_step_active_bout_mo_wkdy_half_sem_2017-03-01,f_steps_max_steps_mo_wkdy_half_sem_2017-01-18,f_steps_max_steps_mo_wkdy_half_sem_2017-03-01,f_steps_min_length_active_bout_minutes_mo_wkdy_half_sem_2017-01-18,f_steps_min_length_active_bout_minutes_mo_wkdy_half_sem_2017-03-01,f_steps_min_length_sedentary_bout_minutes_mo_wkdy_half_sem_2017-01-18,f_steps_min_length_sedentary_bout_minutes_mo_wkdy_half_sem_2017-03-01,f_steps_min_step_active_bout_mo_wkdy_half_sem_2017-01-18,f_steps_min_step_active_bout_mo_wkdy_half_sem_2017-03-01,f_steps_num_active_bout_mo_wkdy_half_sem_2017-01-18,f_steps_num_active_bout_mo_wkdy_half_sem_2017-03-01,f_steps_num_samples_steps_mo_wkdy_half_sem_2017-01-18,f_steps_num_samples_steps_mo_wkdy_half_sem_2017-03-01,f_steps_num_sedentary_bout_mo_wkdy_half_sem_2017-01-18,f_steps_num_sedentary_bout_mo_wkdy_half_sem_2017-03-01,f_steps_sum_steps_mo_wkdy_half_sem_2017-01-18,f_steps_sum_steps_mo_wkdy_half_sem_2017-03-01
0d8b3688-0cba-4323-85fe-00f15785de38,20,13.0,46,60.0,650,276.0,165,40.0,535,1170.0,5084,1488.0,563,480.0,5,5.0,5,5.0,10,10.0,164,54.0,2190,803.0,164,55.0,107431,15093.0
1391f4f7-4e70-4d67-92f1-db819e07c0c9,17,21.0,24,33.0,489,554.0,115,155.0,420,470.0,3830,2452.0,574,569.0,5,5.0,5,5.0,10,10.0,250,65.0,2117,730.0,250,66.0,123499,36286.0
165de20b-6080-4f1d-9354-ec66de50263c,13,13.0,104,95.0,476,691.0,35,50.0,1180,725.0,1490,4612.0,606,639.0,5,5.0,5,5.0,12,10.0,59,67.0,1387,1460.0,59,67.0,28299,46518.0
174bcad9-6cf8-4f97-bcc5-38a6f4c42c1d,15,18.0,64,64.0,513,559.0,170,135.0,660,620.0,9192,7901.0,625,591.0,5,5.0,5,5.0,10,10.0,136,135.0,2190,2263.0,137,136.0,70488,76001.0
17c8318d-0d75-41a8-bfef-eb8c043db1fb,18,18.0,29,31.0,586,478.0,110,130.0,425,375.0,6214,6459.0,704,674.0,5,5.0,5,5.0,10,10.0,218,331.0,2117,3285.0,218,331.0,128810,160114.0
182bbb8f-cd30-4958-9342-ce0c91659810,13,15.0,42,42.0,466,471.0,55,470.0,175,435.0,2724,14312.0,603,604.0,5,5.0,5,5.0,10,10.0,185,258.0,2044,2993.0,185,259.0,87168,123165.0
1973b69d-5fe7-4ff7-94bb-17d5d875499f,12,14.0,63,93.0,426,511.0,35,45.0,560,870.0,1288,1861.0,601,606.0,5,5.0,5,5.0,10,10.0,145,152.0,2190,3285.0,145,153.0,62246,78066.0
1a4011ac-0990-4560-8e1a-f9f07b54b7ec,12,13.0,64,68.0,373,279.0,65,50.0,725,355.0,4787,1404.0,650,533.0,5,5.0,5,5.0,10,10.0,131,17.0,2044,292.0,132,18.0,49407,4811.0
1be1f081-12eb-4151-bee7-04f39b0ada17,15,15.0,36,44.0,461,476.0,50,75.0,300,480.0,2466,2617.0,663,680.0,5,5.0,5,5.0,10,10.0,209,273.0,2190,3285.0,209,274.0,97153,130869.0
1c67b4f0-964c-4aef-83a1-89a0248f80b3,12,12.0,108,96.0,301,293.0,45,65.0,815,600.0,1303,2281.0,627,592.0,5,5.0,5,5.0,10,10.0,90,137.0,2190,2993.0,91,138.0,27709,41012.0
1e3ed4f9-8c22-4b96-8a5c-c324582b9860,17,15.0,51,47.0,503,454.0,70,125.0,245,785.0,2079,6453.0,615,610.0,5,5.0,5,5.0,10,10.0,158,248.0,2190,3139.0,158,249.0,80096,113499.0
209854a0-471d-42fa-856f-54b5d1948481,18,21.0,62,63.0,487,525.0,75,125.0,255,1105.0,2792,4741.0,560,541.0,5,5.0,5,5.0,10,10.0,136,194.0,2190,3285.0,136,194.0,67087,102960.0
24f7d497-1c92-4372-976d-81dd15d7b1fb,16,17.0,47,58.0,489,460.0,60,80.0,510,1145.0,4891,4283.0,788,583.0,5,5.0,5,5.0,10,10.0,162,105.0,2044,1606.0,162,106.0,80047,48762.0
2cafda94-dca2-4401-ae3c-aa1bdf3ce6ca,11,11.0,49,55.0,361,347.0,55,60.0,280,390.0,2488,3061.0,624,627.0,5,5.0,5,5.0,10,10.0,179,246.0,2190,3285.0,180,246.0,65697,87030.0
2ef2702c-0c30-40d8-91c0-35ad8829465b,15,18.0,32,37.0,381,494.0,70,115.0,200,445.0,2503,7230.0,642,812.0,5,5.0,5,5.0,10,10.0,228,293.0,2190,3285.0,228,293.0,87748,145940.0
2fb7fbc1-068f-4a54-a8ee-a41c99d0f7da,14,15.0,41,50.0,452,510.0,55,80.0,485,500.0,1983,5531.0,611,830.0,5,5.0,5,5.0,10,10.0,195,182.0,2190,2409.0,195,182.0,88830,93700.0
318f91af-9b11-42f5-bdcd-7c9e35761da5,11,12.0,43,47.0,423,444.0,40,100.0,445,595.0,1526,2981.0,622,640.0,5,5.0,5,5.0,10,10.0,199,271.0,2190,3285.0,200,272.0,84989,121445.0
31c395a9-0128-46df-a90c-73160f0854b4,14,13.0,38,38.0,418,373.0,55,55.0,455,480.0,2900,1853.0,638,625.0,5,5.0,5,5.0,10,10.0,199,243.0,2117,2555.0,199,244.0,84322,91944.0
3258d5c4-4f3f-4722-966a-1bd619c9229f,12,10.0,43,45.0,337,295.0,45,180.0,225,620.0,1763,4171.0,630,641.0,5,5.0,5,5.0,10,10.0,197,288.0,2190,3285.0,198,289.0,67225,85923.0
32d4b802-7471-49bd-ad59-e663b0d98682,18,15.0,40,40.0,541,448.0,65,70.0,930,530.0,2192,2346.0,647,677.0,5,5.0,5,5.0,10,10.0,161,261.0,1898,2920.0,162,262.0,87845,117996.0
34944ff7-1853-4fec-8d7d-73fc52bfa824,20,20.0,85,243.0,843,909.0,80,45.0,420,680.0,7070,2245.0,677,600.0,5,5.0,5,5.0,10,22.0,99,6.0,2117,365.0,100,7.0,83802,5490.0
36492618-666c-4b87-9770-bcb67d2ca3de,16,17.0,63,67.0,566,559.0,65,80.0,265,385.0,2172,2819.0,625,638.0,5,5.0,5,5.0,10,10.0,138,193.0,2190,3285.0,138,193.0,78763,108770.0
3698dbcf-6b9e-4b00-a15a-f2cb26e6639d,14,15.0,77,113.0,573,602.0,45,50.0,540,660.0,2537,2331.0,661,622.0,5,5.0,5,5.0,11,10.0,118,127.0,2190,3285.0,119,128.0,68042,76911.0
38861b6b-d04b-4f1f-8c17-c3c0a9f0a221,16,19.0,49,44.0,718,793.0,80,155.0,220,535.0,6845,13227.0,658,882.0,5,5.0,5,5.0,10,10.0,165,233.0,2190,2993.0,166,234.0,118933,185654.0
38edf5e3-bd76-4ec3-b1fc-c134915743c7,16,14.0,37,54.0,450,285.0,195,45.0,365,295.0,6369,1002.0,584,496.0,5,5.0,5,5.0,10,10.0,128,31.0,1387,438.0,128,32.0,58144,8998.0
395bf3f4-ec02-494f-8f45-30ab62eda8e7,13,13.0,38,38.0,296,280.0,65,65.0,510,515.0,2617,2784.0,554,555.0,5,5.0,5,5.0,10,10.0,210,321.0,2190,3285.0,211,321.0,63362,91366.0
3b9d6c27-13cc-47d9-b00e-af2e0d3d0009,20,19.0,110,97.0,683,617.0,100,105.0,710,780.0,3315,8483.0,606,764.0,5,5.0,5,5.0,10,10.0,83,127.0,2190,2993.0,84,128.0,56988,78794.0
3bf51a01-8625-4c9b-a16c-24d10ccf8ae5,20,31.0,69,51.0,836,1496.0,110,210.0,325,580.0,5165,16839.0,607,863.0,5,5.0,5,5.0,10,10.0,122,114.0,2190,1898.0,122,115.0,102552,171119.0
3dcb435d-656f-405f-81a1-49f7eae6c25e,14,14.0,65,79.0,453,353.0,50,80.0,325,675.0,1990,2976.0,606,619.0,5,5.0,5,5.0,10,10.0,136,170.0,2190,3212.0,136,171.0,62184,60876.0
3fa86602-fc33-4c6f-9b3e-2cebd95104ee,20,16.0,45,40.0,767,550.0,135,200.0,270,475.0,9855,9454.0,854,879.0,5,5.0,5,5.0,10,10.0,165,275.0,2190,3139.0,165,275.0,127297,152688.0
3ff2b7eb-622c-4ae9-9d89-7d2af5430d34,15,15.0,43,44.0,409,405.0,80,125.0,185,490.0,2657,3517.0,572,600.0,5,5.0,5,5.0,10,10.0,185,268.0,2190,3212.0,186,268.0,76550,109801.0
417abe6d-ef78-4f01-b632-844af6cb8fe7,16,13.0,58,76.0,671,455.0,55,80.0,245,800.0,3587,4552.0,593,611.0,5,5.0,5,5.0,10,10.0,145,101.0,2190,1825.0,146,102.0,97987,46527.0
447a64e5-f754-4082-b0fa-0000f34eeda8,15,16.0,63,59.0,382,377.0,60,115.0,255,320.0,2001,2985.0,561,585.0,5,5.0,5,5.0,10,10.0,139,216.0,2190,3285.0,139,216.0,53736,82656.0
44ff689e-4138-43cc-8f6d-2d8323125ee1,18,18.0,54,66.0,511,551.0,80,80.0,520,950.0,2599,3128.0,623,601.0,5,5.0,5,5.0,10,10.0,149,110.0,2190,1898.0,149,111.0,76660,61064.0
4522b36a-6215-4768-b42a-55e79677d4ec,16,17.0,51,49.0,624,718.0,90,165.0,415,545.0,3150,12107.0,643,640.0,5,5.0,5,5.0,10,10.0,160,229.0,2190,3066.0,161,230.0,100476,165278.0
4d4c47ec-5a3c-4c9c-b32b-83da30500857,17,14.0,80,112.0,510,355.0,85,75.0,500,800.0,3519,2188.0,555,559.0,5,5.0,5,5.0,10,10.0,112,117.0,2190,2993.0,112,118.0,57689,42110.0
4de0beb1-cfa8-4410-809d-d05322b1a0c8,27,22.0,31,42.0,683,589.0,145,140.0,250,835.0,3667,3435.0,592,591.0,5,5.0,5,5.0,10,10.0,187,253.0,2190,3285.0,187,253.0,128541,150043.0
4e20289a-32ca-47be-a2c5-f0bd66ab9176,14,10.0,66,93.0,447,187.0,90,30.0,720,775.0,3331,1572.0,618,585.0,5,5.0,5,5.0,10,10.0,135,73.0,2190,1533.0,136,74.0,61131,14074.0
5542666d-5bf4-4a1b-b17c-e3580c4cd773,12,15.0,83,79.0,492,450.0,35,140.0,360,605.0,2222,10110.0,649,732.0,5,5.0,5,5.0,10,10.0,113,174.0,2190,3285.0,114,174.0,56365,79301.0
5a5e44dd-1b8f-4c26-ba16-65593a8b59eb,13,13.0,42,42.0,500,452.0,60,75.0,155,195.0,2872,2735.0,687,686.0,5,5.0,5,5.0,10,10.0,196,290.0,2190,3285.0,196,291.0,98726,132318.0
5a6686fd-5017-4c17-9dd4-4081d5448b7d,24,23.0,26,34.0,956,913.0,210,235.0,180,610.0,14647,12547.0,892,873.0,5,5.0,5,5.0,10,10.0,213,280.0,2190,3285.0,212,281.0,204617,256865.0
5d02f383-d24c-4902-b728-1380c99105ee,13,12.0,112,146.0,441,392.0,45,35.0,710,1025.0,2596,2105.0,621,608.0,5,5.0,5,5.0,10,10.0,86,98.0,2190,3139.0,87,99.0,38465,39083.0
626aaffc-c174-48ca-a179-cab025b9bc98,14,13.0,60,73.0,385,293.0,90,55.0,405,565.0,3285,2461.0,625,604.0,5,5.0,5,5.0,10,10.0,146,175.0,2190,3066.0,146,176.0,57251,52474.0
649357ac-11ab-4fc7-acd2-816a3844d81b,16,16.0,49,60.0,661,496.0,135,75.0,220,895.0,10408,2122.0,765,582.0,5,5.0,5,5.0,10,10.0,166,214.0,2190,3285.0,167,215.0,110477,107206.0
64e25c38-ee68-4e06-8990-09ba71759cf1,11,11.0,75,111.0,276,280.0,40,45.0,320,775.0,1784,2219.0,501,543.0,5,5.0,5,5.0,10,10.0,125,130.0,2190,3212.0,126,131.0,35042,37152.0
65e91776-4319-4b41-ae66-28db6473fc60,18,17.0,65,62.0,655,544.0,95,150.0,435,680.0,6973,6513.0,880,862.0,5,5.0,5,5.0,10,10.0,130,201.0,2190,3212.0,130,202.0,85816,110324.0
65f4b507-b48a-416d-ac1f-2678e3f954d8,17,,102,,666,,35,,590,,1808,,589,,5,,5,,11,,48,,1168,,49,,32091,
66368d24-f87e-4db0-ab9d-c450c33becf3,15,19.0,51,62.0,403,480.0,50,180.0,800,560.0,1734,4583.0,598,624.0,5,5.0,5,5.0,10,10.0,126,200.0,1679,3285.0,126,201.0,51260,96859.0
66b66952-ae50-46c4-8f79-1d2117ac6691,12,15.0,48,58.0,438,565.0,70,85.0,210,815.0,2955,3692.0,561,577.0,5,5.0,5,5.0,10,10.0,177,158.0,2190,2336.0,177,158.0,78143,89951.0
687020d4-2b4c-483d-9124-ca34195f8af7,16,14.0,31,46.0,524,491.0,165,50.0,240,890.0,5227,4394.0,730,754.0,5,5.0,5,5.0,10,10.0,229,253.0,2190,3066.0,229,253.0,121029,125249.0
699a92cf-42b7-4a29-bd1b-edf43d06dd54,20,,138,,742,,110,,625,,4825,,558,,5,,5,,10,,39,,1241,,39,,29173,
69d0a3bb-40c8-42a8-838d-1bb275f28d1b,21,15.0,37,43.0,604,428.0,170,105.0,390,340.0,5706,3766.0,560,562.0,5,5.0,5,5.0,10,10.0,185,278.0,2190,3285.0,186,278.0,112722,120575.0
6afbdb8a-a1cf-4248-852a-24e56ee5766a,16,16.0,64,58.0,596,539.0,60,45.0,480,260.0,3426,2030.0,589,596.0,5,5.0,5,5.0,10,10.0,129,34.0,2117,511.0,130,34.0,77406,18469.0
6d73aa4b-1be4-426b-8d6b-c811bd2170fa,10,10.0,82,111.0,305,290.0,45,30.0,885,515.0,1392,1292.0,556,520.0,5,5.0,5,5.0,10,19.0,109,11.0,2044,292.0,109,12.0,33768,3261.0
6e12238e-2105-4bd3-be42-9b2ce1bf4946,14,12.0,88,88.0,426,366.0,65,50.0,395,555.0,1969,3008.0,599,548.0,5,5.0,5,5.0,10,10.0,107,163.0,2190,3285.0,107,164.0,46182,60430.0
6e60c67a-9bb0-4818-9625-1afe9788fe6b,15,14.0,32,40.0,550,532.0,75,85.0,170,680.0,2836,2969.0,641,653.0,5,5.0,5,5.0,10,10.0,227,298.0,2190,3285.0,227,298.0,125740,159548.0
6fb4842f-8beb-4539-8b18-e21d89d3254e,17,16.0,82,49.0,572,467.0,110,60.0,690,660.0,4540,4068.0,806,591.0,5,5.0,5,5.0,10,10.0,108,145.0,2190,1898.0,109,146.0,62153,68271.0
7230d0d5-fab8-4462-9952-69aee6866b04,19,17.0,63,61.0,706,648.0,80,75.0,450,880.0,3921,6463.0,592,815.0,5,5.0,5,5.0,10,10.0,132,133.0,2190,2117.0,133,134.0,93833,86794.0
7398824b-a04d-4252-afe8-d0f392a5cd48,15,18.0,44,45.0,511,673.0,65,120.0,195,780.0,2977,9892.0,641,872.0,5,5.0,5,5.0,10,10.0,182,256.0,2190,3285.0,183,256.0,93959,173371.0
74d297cd-82c9-47d5-ad51-e135504abb2f,16,,48,,469,,80,,575,,2472,,634,,5,,5,,10,,62,,803,,62,,29330,
785e9e8e-4ab0-4686-a95e-a25c6c2e2eee,14,12.0,79,163.0,490,381.0,40,35.0,320,785.0,2921,1597.0,649,624.0,5,5.0,5,5.0,10,10.0,117,55.0,2190,1971.0,117,56.0,57908,21404.0
79d3d50d-b736-43ba-8979-8ba6ff3d1e48,15,15.0,33,55.0,387,365.0,90,125.0,230,530.0,3203,3682.0,623,618.0,5,5.0,5,5.0,10,10.0,225,233.0,2190,3285.0,225,233.0,88151,86460.0
7afaa986-9de6-4efe-9057-3fa969b1760c,21,,148,,746,,105,,835,,5322,,635,,5,,5,,10,,42,,1460,,43,,31542,
811f021c-0ecf-4264-967d-f02f93c3d711,16,15.0,49,48.0,479,372.0,55,85.0,555,725.0,2121,3516.0,685,579.0,5,5.0,5,5.0,10,10.0,167,229.0,2190,2920.0,167,230.0,80957,86173.0
848429d2-612d-4b1c-82ff-e51dc40d3d07,14,15.0,36,34.0,500,433.0,70,70.0,160,445.0,2438,3198.0,667,668.0,5,5.0,5,5.0,10,10.0,211,333.0,2190,3285.0,212,333.0,106604,145654.0
85396fa9-14d7-47d6-9688-1771e6c3fa75,15,12.0,43,72.0,478,358.0,110,80.0,655,760.0,3948,2484.0,577,605.0,5,5.0,5,5.0,10,10.0,185,158.0,2190,2701.0,186,159.0,89100,57205.0
86f36925-3207-486e-9f7f-c229efaae9c0,13,11.0,145,266.0,325,291.0,65,45.0,765,1485.0,2053,1760.0,567,543.0,5,5.0,5,5.0,10,10.0,68,58.0,2190,3285.0,69,59.0,22673,17592.0
87046549-2960-43b1-b1b9-358aac851b8a,17,15.0,92,74.0,530,449.0,70,85.0,335,400.0,2210,4247.0,591,578.0,5,5.0,5,5.0,10,10.0,100,183.0,2190,3285.0,100,183.0,53459,83047.0
876f9317-9823-4ecb-9290-1b1cbd2ded3c,16,28.0,56,37.0,530,955.0,105,150.0,550,330.0,2500,5006.0,604,605.0,5,5.0,5,5.0,10,10.0,145,247.0,2117,3285.0,144,246.0,77685,237100.0
88d687ca-537d-4592-8691-22feeb116122,16,17.0,53,79.0,527,506.0,105,130.0,325,790.0,4746,5486.0,616,613.0,5,5.0,5,5.0,10,10.0,156,168.0,2190,3285.0,157,169.0,83012,86246.0
8cf6b2a5-ca26-48cd-86e0-d3eca61d264b,18,,65,,543,,75,,370,,2379,,545,,5,,10,,11,,13,,219,,13,,7096,
924b4f99-c800-4f5f-9159-8b47a317ef34,13,12.0,58,55.0,440,408.0,45,60.0,330,580.0,2214,2178.0,697,687.0,5,5.0,5,5.0,10,10.0,150,239.0,2190,3285.0,151,240.0,66679,98685.0
94aac48e-7cbb-4a8c-b47a-052d28eefa5a,15,15.0,43,57.0,435,328.0,120,115.0,375,1225.0,5824,4518.0,836,557.0,5,5.0,5,5.0,10,10.0,148,181.0,1752,2628.0,149,181.0,65294,60364.0
94c99ead-4f3e-4c68-8f51-08af25c64920,17,14.0,55,52.0,500,187.0,85,75.0,430,410.0,2683,1270.0,534,243.0,5,5.0,5,5.0,10,11.0,126,32.0,1825,438.0,126,33.0,63492,6095.0
95940265-9599-4ab5-bccf-b7d64e75f3f6,15,17.0,39,48.0,401,425.0,85,110.0,285,685.0,2007,5534.0,589,571.0,5,5.0,5,5.0,10,10.0,199,227.0,2190,2993.0,200,228.0,80977,97961.0
9a035626-2e6c-4aa5-a6cb-e47403a39d00,14,15.0,70,79.0,476,481.0,55,120.0,510,505.0,1697,4081.0,586,597.0,5,5.0,5,5.0,10,10.0,128,173.0,2190,3285.0,129,173.0,61714,84150.0
9bb46002-6fdb-4287-bfd3-bc3e2e57785f,20,18.0,45,45.0,763,670.0,95,145.0,360,930.0,9986,8835.0,872,869.0,5,5.0,5,5.0,10,10.0,165,242.0,2190,3139.0,165,243.0,126586,163047.0
9d37754d-fb9f-46cf-a2a8-1232f3ad1071,15,12.0,78,83.0,266,382.0,25,45.0,265,540.0,1166,1487.0,526,634.0,5,5.0,5,5.0,65,10.0,7,71.0,146,1387.0,8,72.0,1875,27477.0
9e7d28be-3a29-406b-b3e3-d2fd2414605c,14,18.0,52,67.0,420,663.0,90,130.0,280,475.0,3067,7862.0,610,803.0,5,5.0,5,5.0,10,10.0,162,191.0,2190,3285.0,163,191.0,68639,127445.0
a2952ecb-5ee6-454a-81a6-16e908ee2e18,17,17.0,70,101.0,534,517.0,85,80.0,420,730.0,2116,2701.0,615,604.0,5,5.0,5,5.0,10,10.0,124,138.0,2190,3285.0,125,138.0,66703,71942.0
a36f9b21-57f2-46ef-bb33-a65e0c2b642c,16,14.0,41,46.0,400,340.0,55,70.0,165,270.0,2806,1761.0,555,557.0,5,5.0,5,5.0,10,10.0,189,267.0,2190,3285.0,190,267.0,76468,91913.0
a3aa60d3-8acb-4e7b-b324-ac85c6c074d2,17,17.0,43,41.0,530,502.0,90,80.0,565,495.0,2911,6633.0,592,710.0,5,5.0,5,5.0,10,10.0,124,280.0,1533,3285.0,125,280.0,66407,142143.0
a5ea9d2e-766c-4a6b-87b2-8bc4fe445a63,14,15.0,144,76.0,435,423.0,60,65.0,1305,870.0,2670,2815.0,639,641.0,5,5.0,5,5.0,10,10.0,61,94.0,1971,1752.0,62,95.0,26944,40274.0
a8ba94f4-d3e6-452c-adf8-4d1e0984a6d1,27,27.0,38,43.0,969,867.0,130,145.0,270,465.0,5862,5477.0,609,613.0,5,5.0,5,5.0,10,10.0,165,232.0,2190,3285.0,166,232.0,160396,202037.0
a9836b94-4e9e-498f-aa65-0cd76d330641,16,17.0,58,61.0,659,674.0,55,55.0,280,570.0,2104,4086.0,655,627.0,5,5.0,5,5.0,10,10.0,144,210.0,2190,3285.0,145,210.0,95680,142599.0
ad5083ca-82c9-435b-9776-03837a5aed8c,15,15.0,45,55.0,405,311.0,85,105.0,305,315.0,5872,2490.0,817,603.0,5,5.0,5,5.0,10,10.0,179,232.0,2190,3285.0,179,233.0,73318,73185.0
ad6f1e0f-32ef-4b74-9c04-876609ba1e55,10,10.0,52,45.0,323,338.0,35,25.0,510,255.0,1949,1472.0,691,655.0,5,5.0,5,5.0,10,10.0,97,32.0,1241,365.0,98,33.0,31688,10930.0
afeb5dcc-28b1-4088-9942-3e24bc05508d,25,19.0,48,56.0,738,592.0,170,80.0,240,375.0,4951,2457.0,626,629.0,5,5.0,5,5.0,10,10.0,147,214.0,2190,3285.0,148,215.0,109203,127379.0
b1ea5753-4aac-464c-996b-52c418e5782c,12,12.0,58,58.0,379,359.0,50,65.0,275,340.0,1938,2465.0,600,776.0,5,5.0,5,5.0,10,10.0,154,232.0,2190,3285.0,154,232.0,59308,84599.0
b24dc8d4-e952-4d4a-bbd8-0841ea7d87ee,17,13.0,48,168.0,553,244.0,55,50.0,305,1490.0,3039,1641.0,606,569.0,5,5.0,5,5.0,10,10.0,143,33.0,1898,1241.0,144,34.0,79920,8195.0
b36df7c0-cf05-42de-9ed6-704c2f02e3da,11,10.0,146,101.0,299,140.0,40,35.0,895,575.0,1702,995.0,601,469.0,5,5.0,5,5.0,10,10.0,52,26.0,1679,584.0,53,26.0,15882,3789.0
b771f307-fb8e-49e2-a533-2b4145073203,16,14.0,42,43.0,565,443.0,120,75.0,180,490.0,6990,3242.0,779,615.0,5,5.0,5,5.0,10,10.0,186,284.0,2190,3285.0,186,284.0,106078,127294.0
b8484a00-842a-4aa3-a008-07dc9580bb3a,17,16.0,63,55.0,658,552.0,75,105.0,290,345.0,6524,6365.0,891,881.0,5,5.0,5,5.0,10,10.0,134,228.0,2190,3285.0,135,228.0,88888,127085.0
b9c40632-ca4b-4b45-8f61-99e146c671b6,15,17.0,46,86.0,581,512.0,80,145.0,240,1465.0,4883,6321.0,837,832.0,5,5.0,5,5.0,10,10.0,175,157.0,2190,3285.0,176,158.0,102627,81318.0
bb3effb0-4439-4ace-b82e-0c779734431a,13,14.0,36,45.0,359,354.0,50,170.0,485,630.0,2173,3123.0,587,578.0,5,5.0,5,5.0,10,10.0,218,246.0,2190,2993.0,218,247.0,79565,88364.0
bedd078a-f665-46f2-bdc5-ab3535a4708e,15,13.0,55,58.0,420,320.0,65,100.0,620,770.0,1477,1848.0,574,579.0,5,5.0,5,5.0,10,10.0,153,227.0,2190,3285.0,154,228.0,64971,73624.0
c180cf15-e68a-4136-9b03-c33220dc5738,19,20.0,52,65.0,674,711.0,75,145.0,220,805.0,3784,8377.0,602,786.0,5,5.0,5,5.0,10,10.0,152,189.0,2190,3285.0,152,189.0,103148,135286.0
c24ab734-cf32-40d2-a0d5-25c363984387,13,12.0,62,79.0,493,301.0,50,45.0,370,735.0,3190,1724.0,577,530.0,5,5.0,5,5.0,10,10.0,119,106.0,1825,1971.0,120,107.0,59179,32465.0
c3371eb6-e365-456e-b90a-b3f7fdcdfc26,13,,135,,539,,45,,1260,,2662,,637,,5,,5,,10,,27,,803,,27,,14649,
c7650b38-6fb9-4305-bf13-d4f8a40b4dbe,11,,52,,355,,45,,330,,2935,,607,,5,,5,,10,,118,,1533,,119,,42347,
cb952516-48ff-4504-a9e6-080161ee7f8d,15,19.0,56,69.0,358,464.0,90,105.0,610,515.0,2074,3930.0,588,556.0,5,5.0,5,5.0,10,10.0,147,106.0,2117,1898.0,148,107.0,53483,49875.0
ccb6e01b-3dc3-4f63-b1dc-f028fce9463f,17,18.0,92,64.0,644,425.0,75,90.0,330,990.0,5325,3652.0,852,849.0,5,5.0,5,5.0,10,10.0,89,87.0,1971,1460.0,90,88.0,57749,37383.0
cd031b30-d6b4-479f-877f-7a8467135ea4,15,15.0,39,43.0,534,515.0,110,75.0,235,265.0,5131,2776.0,635,657.0,5,5.0,5,5.0,10,10.0,198,278.0,2190,3285.0,199,279.0,106846,144703.0
cd20f78a-3ab7-4bb5-b400-e4af17ddef1f,10,12.0,43,52.0,273,256.0,45,50.0,480,735.0,2120,2261.0,597,582.0,5,5.0,5,5.0,10,10.0,181,106.0,1971,1387.0,181,107.0,50722,27785.0
cf5aaf0c-8b7b-4781-9109-cd32e2b8588e,15,15.0,75,100.0,504,453.0,115,70.0,350,755.0,7609,2298.0,838,607.0,5,5.0,5,5.0,10,10.0,119,140.0,2190,3285.0,120,141.0,60579,64004.0
d0a1ab1f-7d61-4071-a0e5-21d31dcbf7d4,14,12.0,47,109.0,365,340.0,60,40.0,530,1480.0,1697,1104.0,607,584.0,5,5.0,5,5.0,10,10.0,175,41.0,2190,1022.0,176,42.0,64613,14089.0
d1ac58f8-4334-4249-ad23-1746fed138b1,18,17.0,78,81.0,524,482.0,85,100.0,435,665.0,1837,3498.0,620,586.0,5,5.0,5,5.0,10,10.0,112,165.0,2190,3285.0,113,165.0,59454,80677.0
d1ff441d-a66a-45ab-b1b2-372042b29762,16,18.0,49,56.0,483,492.0,65,70.0,515,1020.0,2925,2381.0,627,610.0,5,5.0,5,5.0,10,10.0,165,213.0,2190,3212.0,165,214.0,80464,105490.0
d5aac654-91bb-4ae4-b8cf-5704421fd07e,13,15.0,45,60.0,359,413.0,45,80.0,710,590.0,1809,4089.0,575,580.0,5,5.0,5,5.0,10,10.0,135,133.0,1606,2044.0,135,134.0,48887,55383.0
d87719f9-6868-47bb-91d5-02acf9190f94,24,23.0,43,42.0,836,717.0,145,260.0,305,390.0,8974,14572.0,860,897.0,5,5.0,5,5.0,10,10.0,162,248.0,2190,3285.0,163,248.0,136147,179187.0
db4bc043-4f67-418c-bd8a-e15543032389,15,15.0,38,53.0,495,467.0,55,160.0,240,345.0,3291,2605.0,622,631.0,5,5.0,5,5.0,10,10.0,205,183.0,2190,2555.0,205,184.0,102316,86329.0
dba4459b-ef47-43cc-b721-364c0406f355,12,12.0,53,69.0,404,361.0,40,80.0,260,645.0,1366,1509.0,683,673.0,5,5.0,5,5.0,10,10.0,165,198.0,2190,3285.0,166,199.0,67627,72481.0
dec05b58-d6d4-4478-b730-3fd040c4e52d,11,10.0,47,77.0,344,372.0,45,30.0,385,625.0,2017,1267.0,625,640.0,5,5.0,5,5.0,10,10.0,172,62.0,2044,1095.0,173,62.0,60025,23340.0
dfa65587-95f0-4384-9d81-64a15e78bf16,16,18.0,56,65.0,515,509.0,120,85.0,570,530.0,5834,4059.0,752,649.0,5,5.0,5,5.0,10,10.0,145,156.0,2117,2628.0,145,157.0,75569,80446.0
e1f9e6dd-d065-4590-b3da-8074a91dce27,14,14.0,60,61.0,409,459.0,50,70.0,560,655.0,1717,3117.0,629,634.0,5,5.0,5,5.0,10,10.0,146,216.0,2190,3285.0,147,216.0,60267,99951.0
e261bc00-2e1f-4c98-8511-deedb1d77739,12,12.0,49,51.0,415,391.0,55,60.0,280,460.0,3973,2562.0,750,638.0,5,5.0,5,5.0,10,10.0,175,257.0,2190,3285.0,175,258.0,73195,101499.0
e288098a-788a-4d3b-8fa2-0cf863eebf75,14,12.0,46,87.0,500,338.0,90,40.0,225,865.0,6048,2287.0,610,591.0,5,5.0,5,5.0,10,10.0,179,139.0,2190,2774.0,180,139.0,90347,47754.0
e322dd4d-798b-4536-af6f-fe3404a15fce,16,14.0,61,85.0,536,498.0,145,70.0,340,625.0,3168,4154.0,608,756.0,5,5.0,5,5.0,10,10.0,141,163.0,2190,3285.0,142,163.0,76243,81924.0
e5847047-48e7-4aec-9ab2-e03a432ad442,17,16.0,46,58.0,661,602.0,75,65.0,200,675.0,3259,2962.0,625,646.0,5,5.0,5,5.0,10,10.0,169,209.0,2190,3139.0,169,209.0,112436,126972.0
e6ad33da-3083-4dad-85a6-b06dd345975b,14,12.0,90,100.0,315,208.0,85,65.0,635,590.0,4012,2343.0,593,580.0,5,5.0,5,5.0,10,10.0,97,125.0,2044,2847.0,98,126.0,31246,26994.0
e9d0cdd9-b664-453d-9bcf-c5f560519dc9,16,16.0,89,81.0,573,494.0,45,70.0,300,350.0,2134,2811.0,638,657.0,5,5.0,5,5.0,10,10.0,103,168.0,2190,3285.0,103,168.0,59546,83909.0
eb8051d8-bc9c-47f9-b663-89583b35f37b,14,14.0,46,54.0,372,360.0,70,75.0,270,320.0,1922,1984.0,594,621.0,5,5.0,5,5.0,10,10.0,178,184.0,2190,2555.0,179,184.0,67064,66969.0
ec54b478-47e0-444d-90a1-bfb45b416bee,14,17.0,62,62.0,502,540.0,50,130.0,505,600.0,2380,4310.0,674,700.0,5,5.0,5,5.0,10,10.0,128,118.0,1971,1898.0,129,119.0,64963,64330.0
ee099a8f-8baf-408e-bf0f-3cf1a3d51790,20,16.0,44,56.0,748,600.0,145,140.0,515,470.0,6887,8444.0,663,656.0,5,5.0,5,5.0,10,10.0,163,201.0,2117,2920.0,163,202.0,122832,121708.0
ee6eb822-8fdb-4821-b759-5dedcfadd2f2,8,,218,,267,,25,,1475,,1500,,633,,5,,5,,10,,28,,1314,,29,,7579,
f2eb226f-61b4-44b9-8e1d-4f6de1438a29,13,12.0,38,50.0,357,314.0,70,60.0,230,290.0,2643,3391.0,569,580.0,5,5.0,5,5.0,10,10.0,211,263.0,2190,3285.0,211,264.0,76722,84439.0
f4f84e15-621a-4900-96f1-a8d058066570,15,15.0,173,173.0,387,413.0,80,90.0,1260,1135.0,2879,4749.0,652,740.0,5,5.0,5,5.0,10,10.0,57,86.0,2190,3285.0,58,87.0,22327,35962.0
f5de7b18-5058-41c2-b957-da926c7dcba9,19,15.0,57,62.0,742,563.0,75,145.0,295,620.0,3779,5965.0,636,611.0,5,5.0,5,5.0,10,10.0,142,211.0,2190,3285.0,143,211.0,106080,119989.0
f7ea4330-8f1c-4042-b5ea-13726c70efb1,16,11.0,49,83.0,517,295.0,60,45.0,440,675.0,1786,2516.0,631,608.0,5,5.0,5,5.0,10,10.0,166,172.0,2190,3285.0,166,173.0,86784,51875.0
f92b4712-d45b-4aa6-bacc-fee783b55290,22,20.0,45,43.0,723,750.0,170,195.0,500,490.0,6675,12705.0,612,837.0,5,5.0,5,5.0,10,10.0,161,253.0,2190,3212.0,162,254.0,117248,191253.0
fc56152c-3430-4952-88cc-f52240fa3092,16,15.0,50,49.0,522,494.0,55,65.0,865,285.0,1750,3835.0,618,603.0,5,5.0,5,5.0,10,10.0,163,249.0,2190,3285.0,163,250.0,85744,124150.0
fd5999a3-6d93-4479-8a7a-91fb7f8f0270,15,13.0,166,115.0,557,309.0,85,125.0,1150,755.0,4079,2459.0,619,627.0,5,5.0,5,5.0,10,10.0,59,90.0,2190,2336.0,60,91.0,33339,28287.0
fe880b1f-df9c-476f-a7b3-ac363000fee7,18,11.0,55,73.0,654,295.0,80,30.0,270,345.0,5266,973.0,776,579.0,5,5.0,5,5.0,10,10.0,74,51.0,1095,876.0,74,52.0,48767,15303.0
fe94368f-79f1-48b2-a40e-234130e09164,22,22.0,55,56.0,664,618.0,145,150.0,395,650.0,4125,5148.0,634,615.0,5,5.0,5,5.0,10,10.0,141,207.0,2190,3285.0,141,208.0,94419,128966.0
